2026-09-04 13:49:29,823 [INFO] pipeline: ============================================================
2026-09-04 13:49:29,823 [INFO] pipeline: 🏕️  US Free Camping Data Pipeline
2026-09-04 13:49:29,823 [INFO] pipeline: ============================================================
2026-09-04 13:49:29,823 [INFO] pipeline: Processing states: CO
2026-09-04 13:49:29,823 [INFO] pipeline: Enabled sources: osm, blm
2026-09-04 13:49:29,824 [INFO] pipeline: 
2026-09-04 13:49:29,824 [INFO] pipeline: STEP 1: Collecting from data sources...
2026-09-04 13:49:29,828 [INFO] pipeline: ============================================================
2026-09-04 13:49:29,828 [INFO] pipeline: Running BLM collector...
2026-09-04 13:49:29,873 [INFO] pipeline.collectors.blm_collector: Starting BLM recreation sites collection via REST API
2026-09-04 13:49:29,873 [INFO] pipeline.collectors.blm_collector: Fetching BLM sites offset=0 limit=1000
2026-09-04 13:49:31,283 [INFO] httpx: HTTP Request: GET https://gis.blm.gov/arcgis/rest/services/recreation/BLM_Natl_Recreation_Sites/MapServer/0/query?where=1%3D1&outFields=%2A&f=geojson&resultRecordCount=1000&resultOffset=0 "HTTP/1.1 404 Not Found"
2026-09-04 13:49:31,284 [ERROR] pipeline.collectors.blm_collector: Failed to fetch BLM data (offset 0): Client error '404 Not Found' for url 'https://gis.blm.gov/arcgis/rest/services/recreation/BLM_Natl_Recreation_Sites/MapServer/0/query?where=1%3D1&outFields=%2A&f=geojson&resultRecordCount=1000&resultOffset=0'
For more information check: https://developer.mozilla.org/en-US/docs/Web/HTTP/Status/404
2026-09-04 13:49:31,285 [WARNING] pipeline.collectors.blm_collector: Empty or invalid response at offset 0
2026-09-04 13:49:31,285 [INFO] pipeline.collectors.blm_collector: Total BLM features retrieved: 0
2026-09-04 13:49:31,285 [INFO] pipeline.collectors.blm_collector: Extracted 0 valid BLM free camping sites
2026-09-04 13:49:31,285 [INFO] pipeline.collectors.blm_collector: State breakdown: {}
2026-09-04 13:49:31,285 [ERROR] pipeline: BLM collector failed: 'list' object has no attribute 'endswith'
Traceback (most recent call last):
  File "/Users/aziz/Documents/antigravity/happy-meitner/pipeline/run_pipeline.py", line 167, in run_collectors
    raw = collector.collect(states=states)
  File "/Users/aziz/Documents/antigravity/happy-meitner/pipeline/collectors/blm_collector.py", line 147, in collect
    self._save_raw(results, 'blm_camping.json')
    ~~~~~~~~~~~~~~^^^^^^^^^^^^^^^^^^^^^^^^^^^^^
  File "/Users/aziz/Documents/antigravity/happy-meitner/pipeline/collectors/base.py", line 114, in _save_raw
    if not filename.endswith(".json"):
           ^^^^^^^^^^^^^^^^^
AttributeError: 'list' object has no attribute 'endswith'
2026-09-04 13:49:31,294 [INFO] pipeline: ============================================================
2026-09-04 13:49:31,294 [INFO] pipeline: Running OSM collector...
2026-09-04 13:49:31,305 [INFO] pipeline.collectors.osm_collector: Querying Overpass API for Colorado (CO)...
2026-09-04 13:49:47,697 [INFO] httpx: HTTP Request: POST https://overpass-api.de/api/interpreter "HTTP/1.1 200 OK"
2026-09-04 13:49:47,863 [INFO] pipeline.collectors.osm_collector: Found 1242 spots for Colorado.
2026-09-04 13:49:47,947 [INFO] collector.osm: Saved raw data: /Users/aziz/Documents/antigravity/happy-meitner/pipeline/data/raw/osm_all_results.json (1242 records)
2026-09-04 13:49:47,947 [INFO] pipeline.collectors.osm_collector: Finished OSM collection. Total spots found: 1242
2026-09-04 13:49:47,947 [INFO] pipeline: OSM collected: 1242 records
2026-09-04 13:49:47,947 [INFO] pipeline: 
Total raw records collected: 1242
2026-09-04 13:49:47,947 [INFO] pipeline:   blm: 0
2026-09-04 13:49:47,947 [INFO] pipeline:   osm: 1242
2026-09-04 13:49:47,948 [INFO] pipeline: 
2026-09-04 13:49:47,948 [INFO] pipeline: STEP 2: Normalizing records to unified schema...
2026-09-04 13:49:47,948 [INFO] pipeline.processors.normalizer: Normalized 0/0 blm records (0 failed)
2026-09-04 13:49:47,957 [INFO] pipeline.processors.normalizer: Normalized 1242/1242 osm records (0 failed)
2026-09-04 13:49:47,957 [INFO] pipeline: Total normalized spots: 1242
2026-09-04 13:49:47,957 [INFO] pipeline: 
2026-09-04 13:49:47,957 [INFO] pipeline: STEP 3: Deduplicating...
2026-09-04 13:49:47,957 [INFO] pipeline.processors.deduplicator: Deduplicating 1242 spots (distance=100.0m, name_threshold=80.0)
2026-09-04 13:49:47,965 [INFO] pipeline.processors.deduplicator: Found 977 geographic clusters (834 unique, 143 multi-source)
2026-09-04 13:49:47,966 [INFO] pipeline.processors.deduplicator: Deduplication complete: 1242 → 985 spots (257 removed)
2026-09-04 13:49:47,966 [INFO] pipeline.processors.deduplicator: Merged 135 clusters:
2026-09-04 13:49:47,966 [INFO] pipeline: After deduplication: 985 unique spots
2026-09-04 13:49:47,966 [INFO] pipeline: 
2026-09-04 13:49:47,966 [INFO] pipeline: STEP 4: Processing images...
2026-09-04 13:49:47,966 [INFO] pipeline.processors.image_handler: Image processing complete: 0 total photos across 0 spots (0.0% coverage), 0 downloaded locally
2026-09-04 13:49:48,005 [INFO] pipeline: Saved processed data: /Users/aziz/Documents/antigravity/happy-meitner/pipeline/data/processed/all_spots_processed.json
2026-09-04 13:49:48,005 [INFO] pipeline: 
2026-09-04 13:49:48,005 [INFO] pipeline: STEP 5: Exporting...
2026-09-04 13:49:48,033 [INFO] pipeline.exporters.geojson_exporter: Exported national GeoJSON: /Users/aziz/Documents/antigravity/happy-meitner/pipeline/data/exports/all_free_camping_us.geojson (985 features)
2026-09-04 13:49:48,061 [INFO] pipeline.exporters.geojson_exporter: Exported GeoJSON for 1 states
2026-09-04 13:49:48,061 [INFO] pipeline: GeoJSON files: 2
2026-09-04 13:49:48,069 [INFO] pipeline.exporters.csv_exporter: Exported CSV: /Users/aziz/Documents/antigravity/happy-meitner/pipeline/data/exports/all_free_camping_us.csv (985 rows)
2026-09-04 13:49:48,069 [INFO] pipeline: CSV: /Users/aziz/Documents/antigravity/happy-meitner/pipeline/data/exports/all_free_camping_us.csv
2026-09-04 13:49:48,155 [INFO] pipeline.exporters.camproo_converter: Exported CampRoo JSON: /Users/aziz/Documents/antigravity/happy-meitner/pipeline/data/exports/camproo_spots.json (985 spots)
2026-09-04 13:49:48,156 [INFO] pipeline: CampRoo JSON: /Users/aziz/Documents/antigravity/happy-meitner/pipeline/data/exports/camproo_spots.json
2026-09-04 13:49:48,156 [INFO] pipeline: 
2026-09-04 13:49:48,156 [INFO] pipeline: STEP 6: Generating report...
2026-09-04 13:49:48,157 [INFO] pipeline.exporters.report_generator: Generated report: /Users/aziz/Documents/antigravity/happy-meitner/pipeline/data/exports/pipeline_report.md
2026-09-04 13:49:48,157 [INFO] pipeline: Report: /Users/aziz/Documents/antigravity/happy-meitner/pipeline/data/exports/pipeline_report.md
2026-09-04 13:49:48,157 [INFO] pipeline: 
2026-09-04 13:49:48,157 [INFO] pipeline: ============================================================
2026-09-04 13:49:48,157 [INFO] pipeline: ✅ Pipeline complete in 18.3s
2026-09-04 13:49:48,157 [INFO] pipeline:    Total unique spots: 985
2026-09-04 13:49:48,157 [INFO] pipeline:    Sources used: blm, osm
2026-09-04 13:49:48,157 [INFO] pipeline:    States processed: CO
2026-09-04 13:49:48,157 [INFO] pipeline: ============================================================
2026-09-04 13:52:08,811 [INFO] pipeline: ============================================================
2026-09-04 13:52:08,812 [INFO] pipeline: 🏕️  US Free Camping Data Pipeline
2026-09-04 13:52:08,812 [INFO] pipeline: ============================================================
2026-09-04 13:52:08,812 [INFO] pipeline: Processing states: CO, UT
2026-09-04 13:52:08,812 [INFO] pipeline: Enabled sources: osm, blm
2026-09-04 13:52:08,812 [INFO] pipeline: 
2026-09-04 13:52:08,812 [INFO] pipeline: STEP 1: Collecting from data sources...
2026-09-04 13:52:08,815 [INFO] pipeline: ============================================================
2026-09-04 13:52:08,815 [INFO] pipeline: Running BLM collector...
2026-09-04 13:52:08,862 [INFO] pipeline.collectors.blm_collector: Starting BLM recreation sites collection via REST API
2026-09-04 13:52:08,862 [INFO] pipeline.collectors.blm_collector: Fetching BLM sites offset=0 limit=1000
2026-09-04 13:52:10,141 [INFO] httpx: HTTP Request: GET https://gis.blm.gov/arcgis/rest/services/recreation/BLM_Natl_Recreation_Sites/MapServer/0/query?where=1%3D1&outFields=%2A&f=geojson&resultRecordCount=1000&resultOffset=0 "HTTP/1.1 404 Not Found"
2026-09-04 13:52:10,142 [ERROR] pipeline.collectors.blm_collector: Failed to fetch BLM data (offset 0): Client error '404 Not Found' for url 'https://gis.blm.gov/arcgis/rest/services/recreation/BLM_Natl_Recreation_Sites/MapServer/0/query?where=1%3D1&outFields=%2A&f=geojson&resultRecordCount=1000&resultOffset=0'
For more information check: https://developer.mozilla.org/en-US/docs/Web/HTTP/Status/404
2026-09-04 13:52:10,143 [WARNING] pipeline.collectors.blm_collector: Empty or invalid response at offset 0
2026-09-04 13:52:10,143 [INFO] pipeline.collectors.blm_collector: Total BLM features retrieved: 0
2026-09-04 13:52:10,143 [INFO] pipeline.collectors.blm_collector: Extracted 0 valid BLM free camping sites
2026-09-04 13:52:10,143 [INFO] pipeline.collectors.blm_collector: State breakdown: {}
2026-09-04 13:52:10,143 [INFO] collector.blm: Saved raw data: /Users/aziz/Documents/antigravity/happy-meitner/pipeline/data/raw/blm_camping.json (0 records)
2026-09-04 13:52:10,144 [INFO] pipeline: BLM collected: 0 records
2026-09-04 13:52:10,145 [INFO] pipeline: ============================================================
2026-09-04 13:52:10,145 [INFO] pipeline: Running OSM collector...
2026-09-04 13:52:10,156 [INFO] pipeline.collectors.osm_collector: Querying Overpass API for Colorado (CO)...
2026-09-04 13:52:21,151 [INFO] httpx: HTTP Request: POST https://overpass-api.de/api/interpreter "HTTP/1.1 200 OK"
2026-09-04 13:52:21,312 [INFO] pipeline.collectors.osm_collector: Found 1242 spots for Colorado.
2026-09-04 13:52:21,356 [INFO] pipeline.collectors.osm_collector: Querying Overpass API for Utah (UT)...
2026-09-04 13:52:48,082 [INFO] httpx: HTTP Request: POST https://overpass-api.de/api/interpreter "HTTP/1.1 200 OK"
2026-09-04 13:52:48,260 [INFO] pipeline.collectors.osm_collector: Found 1009 spots for Utah.
2026-09-04 13:52:48,375 [INFO] collector.osm: Saved raw data: /Users/aziz/Documents/antigravity/happy-meitner/pipeline/data/raw/osm_all_results.json (2251 records)
2026-09-04 13:52:48,376 [INFO] pipeline.collectors.osm_collector: Finished OSM collection. Total spots found: 2251
2026-09-04 13:52:48,376 [INFO] pipeline: OSM collected: 2251 records
2026-09-04 13:52:48,376 [INFO] pipeline: 
Total raw records collected: 2251
2026-09-04 13:52:48,376 [INFO] pipeline:   blm: 0
2026-09-04 13:52:48,376 [INFO] pipeline:   osm: 2251
2026-09-04 13:52:48,376 [INFO] pipeline: 
2026-09-04 13:52:48,376 [INFO] pipeline: STEP 2: Normalizing records to unified schema...
2026-09-04 13:52:48,376 [INFO] pipeline.processors.normalizer: Normalized 0/0 blm records (0 failed)
2026-09-04 13:52:48,393 [INFO] pipeline.processors.normalizer: Normalized 2251/2251 osm records (0 failed)
2026-09-04 13:52:48,393 [INFO] pipeline: Total normalized spots: 2251
2026-09-04 13:52:48,393 [INFO] pipeline: 
2026-09-04 13:52:48,393 [INFO] pipeline: STEP 3: Deduplicating...
2026-09-04 13:52:48,394 [INFO] pipeline.processors.deduplicator: Deduplicating 2251 spots (distance=100.0m, name_threshold=80.0)
2026-09-04 13:52:48,408 [INFO] pipeline.processors.deduplicator: Found 1775 geographic clusters (1518 unique, 257 multi-source)
2026-09-04 13:52:48,410 [INFO] pipeline.processors.deduplicator: Deduplication complete: 2251 → 1787 spots (464 removed)
2026-09-04 13:52:48,410 [INFO] pipeline.processors.deduplicator: Merged 245 clusters:
2026-09-04 13:52:48,410 [INFO] pipeline: After deduplication: 1787 unique spots
2026-09-04 13:52:48,410 [INFO] pipeline: 
2026-09-04 13:52:48,410 [INFO] pipeline: STEP 4: Processing images...
2026-09-04 13:52:48,410 [INFO] pipeline.processors.image_handler: Image processing complete: 0 total photos across 0 spots (0.0% coverage), 0 downloaded locally
2026-09-04 13:52:48,485 [INFO] pipeline: Saved processed data: /Users/aziz/Documents/antigravity/happy-meitner/pipeline/data/processed/all_spots_processed.json
2026-09-04 13:52:48,485 [INFO] pipeline: 
2026-09-04 13:52:48,485 [INFO] pipeline: STEP 5: Exporting...
2026-09-04 13:52:48,535 [INFO] pipeline.exporters.geojson_exporter: Exported national GeoJSON: /Users/aziz/Documents/antigravity/happy-meitner/pipeline/data/exports/all_free_camping_us.geojson (1787 features)
2026-09-04 13:52:48,585 [INFO] pipeline.exporters.geojson_exporter: Exported GeoJSON for 2 states
2026-09-04 13:52:48,586 [INFO] pipeline: GeoJSON files: 3
2026-09-04 13:52:48,600 [INFO] pipeline.exporters.csv_exporter: Exported CSV: /Users/aziz/Documents/antigravity/happy-meitner/pipeline/data/exports/all_free_camping_us.csv (1787 rows)
2026-09-04 13:52:48,600 [INFO] pipeline: CSV: /Users/aziz/Documents/antigravity/happy-meitner/pipeline/data/exports/all_free_camping_us.csv
2026-09-04 13:52:48,760 [INFO] pipeline.exporters.camproo_converter: Exported CampRoo JSON: /Users/aziz/Documents/antigravity/happy-meitner/pipeline/data/exports/camproo_spots.json (1787 spots)
2026-09-04 13:52:48,761 [INFO] pipeline: CampRoo JSON: /Users/aziz/Documents/antigravity/happy-meitner/pipeline/data/exports/camproo_spots.json
2026-09-04 13:52:48,761 [INFO] pipeline: 
2026-09-04 13:52:48,761 [INFO] pipeline: STEP 6: Generating report...
2026-09-04 13:52:48,763 [INFO] pipeline.exporters.report_generator: Generated report: /Users/aziz/Documents/antigravity/happy-meitner/pipeline/data/exports/pipeline_report.md
2026-09-04 13:52:48,763 [INFO] pipeline: Report: /Users/aziz/Documents/antigravity/happy-meitner/pipeline/data/exports/pipeline_report.md
2026-09-04 13:52:48,763 [INFO] pipeline: 
2026-09-04 13:52:48,763 [INFO] pipeline: ============================================================
2026-09-04 13:52:48,763 [INFO] pipeline: ✅ Pipeline complete in 40.0s
2026-09-04 13:52:48,763 [INFO] pipeline:    Total unique spots: 1,787
2026-09-04 13:52:48,763 [INFO] pipeline:    Sources used: blm, osm
2026-09-04 13:52:48,763 [INFO] pipeline:    States processed: CO, UT
2026-09-04 13:52:48,763 [INFO] pipeline: ============================================================
2026-09-04 14:00:01,794 [INFO] pipeline: ============================================================
2026-09-04 14:00:01,794 [INFO] pipeline: 🏕️  US Free Camping Data Pipeline
2026-09-04 14:00:01,794 [INFO] pipeline: ============================================================
2026-09-04 14:00:01,794 [INFO] pipeline: Processing states: CO, UT
2026-09-04 14:00:01,794 [INFO] pipeline: Enabled sources: osm, blm, usfs
2026-09-04 14:00:01,794 [INFO] pipeline: 
2026-09-04 14:00:01,794 [INFO] pipeline: STEP 1: Collecting from data sources...
2026-09-04 14:00:01,795 [INFO] pipeline: ============================================================
2026-09-04 14:00:01,795 [INFO] pipeline: Running USFS collector...
2026-09-04 14:00:01,853 [INFO] pipeline.collectors.usfs_collector: Starting USFS recreation sites collection via EDW ArcGIS REST API
2026-09-04 14:00:01,853 [INFO] pipeline.collectors.usfs_collector: Querying USFS with filter: ((site_subtype LIKE '%CAMP%' OR site_subtype LIKE '%DISPERSED%') AND (fee_charged = 'N' OR fee_charged IS NULL OR fee_description LIKE '%No fee%')) AND (information_center LIKE '% CO %' OR information_center LIKE '%, CO%' OR closest_towns LIKE '%, CO%' OR information_center LIKE '% UT %' OR information_center LIKE '%, UT%' OR closest_towns LIKE '%, UT%')
2026-09-04 14:00:03,594 [INFO] httpx: HTTP Request: GET https://apps.fs.usda.gov/arcx/rest/services/EDW/EDW_InfraRecreationSites_01/MapServer/0/query?where=%28%28site_subtype+LIKE+%27%25CAMP%25%27+OR+site_subtype+LIKE+%27%25DISPERSED%25%27%29+AND+%28fee_charged+%3D+%27N%27+OR+fee_charged+IS+NULL+OR+fee_description+LIKE+%27%25No+fee%25%27%29%29+AND+%28information_center+LIKE+%27%25+CO+%25%27+OR+information_center+LIKE+%27%25%2C+CO%25%27+OR+closest_towns+LIKE+%27%25%2C+CO%25%27+OR+information_center+LIKE+%27%25+UT+%25%27+OR+information_center+LIKE+%27%25%2C+UT%25%27+OR+closest_towns+LIKE+%27%25%2C+UT%25%27%29&outFields=%2A&f=json&resultRecordCount=1000&resultOffset=0 "HTTP/1.1 200 OK"
2026-09-04 14:00:04,226 [INFO] pipeline.collectors.usfs_collector: Retrieved 53 USFS sites (offset 0, total so far: 53)
2026-09-04 14:00:04,227 [INFO] pipeline.collectors.usfs_collector: Total USFS features retrieved: 53
2026-09-04 14:00:04,228 [INFO] pipeline.collectors.usfs_collector: Extracted 53 valid USFS free camping sites
2026-09-04 14:00:04,228 [INFO] pipeline.collectors.usfs_collector: State breakdown: {'CO': 50, 'UT': 3}
2026-09-04 14:00:04,244 [INFO] collector.usfs: Saved raw data: /Users/aziz/Documents/antigravity/happy-meitner/pipeline/data/raw/usfs_camping.json (53 records)
2026-09-04 14:00:04,245 [INFO] pipeline: USFS collected: 53 records
2026-09-04 14:00:04,247 [INFO] pipeline: ============================================================
2026-09-04 14:00:04,247 [INFO] pipeline: Running BLM collector...
2026-09-04 14:00:04,256 [INFO] pipeline.collectors.blm_collector: Starting BLM free camping collection via ArcGIS REST API
2026-09-04 14:00:05,805 [INFO] httpx: HTTP Request: GET https://gis.blm.gov/arcgis/rest/services/recreation/BLM_Natl_Recs_pts/MapServer/4/query?where=FET_SUBTYPE+LIKE+%27%25No+Fee%25%27+AND+ADMIN_ST+IN+%28%27CO%27%2C+%27UT%27%29&outFields=%2A&f=json&resultRecordCount=1000&resultOffset=0 "HTTP/1.1 200 OK"
2026-09-04 14:00:05,849 [INFO] pipeline.collectors.blm_collector: BLM Layer 4 yielded 306 raw features
2026-09-04 14:00:06,775 [INFO] httpx: HTTP Request: GET https://gis.blm.gov/arcgis/rest/services/recreation/BLM_Natl_Recs_pts/MapServer/3/query?where=FET_SUBTYPE+LIKE+%27%25No+Fee%25%27+AND+ADMIN_ST+IN+%28%27CO%27%2C+%27UT%27%29&outFields=%2A&f=json&resultRecordCount=1000&resultOffset=0 "HTTP/1.1 200 OK"
2026-09-04 14:00:06,777 [INFO] pipeline.collectors.blm_collector: BLM Layer 3 yielded 31 raw features
2026-09-04 14:00:06,777 [INFO] pipeline.collectors.blm_collector: Extracted 337 verified BLM free camping sites
2026-09-04 14:00:06,777 [INFO] pipeline.collectors.blm_collector: State breakdown: {'UT': 81, 'CO': 256}
2026-09-04 14:00:06,802 [INFO] collector.blm: Saved raw data: /Users/aziz/Documents/antigravity/happy-meitner/pipeline/data/raw/blm_camping.json (337 records)
2026-09-04 14:00:06,802 [INFO] pipeline: BLM collected: 337 records
2026-09-04 14:00:06,807 [INFO] pipeline: ============================================================
2026-09-04 14:00:06,807 [INFO] pipeline: Running OSM collector...
2026-09-04 14:00:06,816 [INFO] pipeline.collectors.osm_collector: Querying Overpass API for Colorado (CO)...
2026-09-04 14:00:19,295 [INFO] httpx: HTTP Request: POST https://overpass-api.de/api/interpreter "HTTP/1.1 504 Gateway Timeout"
2026-09-04 14:00:19,295 [WARNING] collector.osm: Server error 504. Retrying in 2s...
2026-09-04 14:00:37,218 [INFO] httpx: HTTP Request: POST https://overpass-api.de/api/interpreter "HTTP/1.1 200 OK"
2026-09-04 14:00:37,396 [INFO] pipeline.collectors.osm_collector: Found 1242 spots for Colorado.
2026-09-04 14:00:37,437 [INFO] pipeline.collectors.osm_collector: Querying Overpass API for Utah (UT)...
2026-09-04 14:00:41,872 [INFO] pipeline: ============================================================
2026-09-04 14:00:41,873 [INFO] pipeline: 🏕️  US Free Camping Data Pipeline
2026-09-04 14:00:41,873 [INFO] pipeline: ============================================================
2026-09-04 14:00:41,873 [INFO] pipeline: Processing states: CO, UT
2026-09-04 14:00:41,873 [INFO] pipeline: Enabled sources: osm, blm, usfs
2026-09-04 14:00:41,873 [INFO] pipeline: 
2026-09-04 14:00:41,873 [INFO] pipeline: STEP 1: Collecting from data sources...
2026-09-04 14:00:41,874 [INFO] pipeline: ============================================================
2026-09-04 14:00:41,874 [INFO] pipeline: Running USFS collector...
2026-09-04 14:00:41,932 [INFO] pipeline.collectors.usfs_collector: Starting USFS recreation sites collection via EDW ArcGIS REST API
2026-09-04 14:00:41,932 [INFO] pipeline.collectors.usfs_collector: Querying USFS with filter: ((site_subtype LIKE '%CAMP%' OR site_subtype LIKE '%DISPERSED%') AND (fee_charged = 'N' OR fee_charged IS NULL OR fee_description LIKE '%No fee%')) AND (information_center LIKE '% CO %' OR information_center LIKE '%, CO%' OR closest_towns LIKE '%, CO%' OR information_center LIKE '% UT %' OR information_center LIKE '%, UT%' OR closest_towns LIKE '%, UT%')
2026-09-04 14:00:43,668 [INFO] httpx: HTTP Request: GET https://apps.fs.usda.gov/arcx/rest/services/EDW/EDW_InfraRecreationSites_01/MapServer/0/query?where=%28%28site_subtype+LIKE+%27%25CAMP%25%27+OR+site_subtype+LIKE+%27%25DISPERSED%25%27%29+AND+%28fee_charged+%3D+%27N%27+OR+fee_charged+IS+NULL+OR+fee_description+LIKE+%27%25No+fee%25%27%29%29+AND+%28information_center+LIKE+%27%25+CO+%25%27+OR+information_center+LIKE+%27%25%2C+CO%25%27+OR+closest_towns+LIKE+%27%25%2C+CO%25%27+OR+information_center+LIKE+%27%25+UT+%25%27+OR+information_center+LIKE+%27%25%2C+UT%25%27+OR+closest_towns+LIKE+%27%25%2C+UT%25%27%29&outFields=%2A&f=json&resultRecordCount=1000&resultOffset=0 "HTTP/1.1 200 OK"
2026-09-04 14:00:44,295 [INFO] pipeline.collectors.usfs_collector: Retrieved 53 USFS sites (offset 0, total so far: 53)
2026-09-04 14:00:44,295 [INFO] pipeline.collectors.usfs_collector: Total USFS features retrieved: 53
2026-09-04 14:00:44,296 [INFO] pipeline.collectors.usfs_collector: Extracted 53 valid USFS free camping sites
2026-09-04 14:00:44,296 [INFO] pipeline.collectors.usfs_collector: State breakdown: {'CO': 50, 'UT': 3}
2026-09-04 14:00:44,307 [INFO] collector.usfs: Saved raw data: /Users/aziz/Documents/antigravity/happy-meitner/pipeline/data/raw/usfs_camping.json (53 records)
2026-09-04 14:00:44,307 [INFO] pipeline: USFS collected: 53 records
2026-09-04 14:00:44,308 [INFO] pipeline: ============================================================
2026-09-04 14:00:44,308 [INFO] pipeline: Running BLM collector...
2026-09-04 14:00:44,317 [INFO] pipeline.collectors.blm_collector: Starting BLM free camping collection via ArcGIS REST API
2026-09-04 14:00:45,517 [INFO] httpx: HTTP Request: POST https://overpass-api.de/api/interpreter "HTTP/1.1 200 OK"
2026-09-04 14:00:45,539 [INFO] httpx: HTTP Request: GET https://gis.blm.gov/arcgis/rest/services/recreation/BLM_Natl_Recs_pts/MapServer/4/query?where=FET_SUBTYPE+LIKE+%27%25No+Fee%25%27+AND+ADMIN_ST+IN+%28%27CO%27%2C+%27UT%27%29&outFields=%2A&f=json&resultRecordCount=1000&resultOffset=0 "HTTP/1.1 200 OK"
2026-09-04 14:00:45,579 [INFO] pipeline.collectors.blm_collector: BLM Layer 4 yielded 306 raw features
2026-09-04 14:00:45,726 [INFO] pipeline.collectors.osm_collector: Found 1009 spots for Utah.
2026-09-04 14:00:45,842 [INFO] collector.osm: Saved raw data: /Users/aziz/Documents/antigravity/happy-meitner/pipeline/data/raw/osm_all_results.json (2251 records)
2026-09-04 14:00:45,842 [INFO] pipeline.collectors.osm_collector: Finished OSM collection. Total spots found: 2251
2026-09-04 14:00:45,842 [INFO] pipeline: OSM collected: 2251 records
2026-09-04 14:00:45,842 [INFO] pipeline: 
Total raw records collected: 2641
2026-09-04 14:00:45,843 [INFO] pipeline:   usfs: 53
2026-09-04 14:00:45,843 [INFO] pipeline:   blm: 337
2026-09-04 14:00:45,843 [INFO] pipeline:   osm: 2251
2026-09-04 14:00:45,843 [INFO] pipeline: 
2026-09-04 14:00:45,843 [INFO] pipeline: STEP 2: Normalizing records to unified schema...
2026-09-04 14:00:45,844 [INFO] pipeline.processors.normalizer: Normalized 53/53 usfs records (0 failed)
2026-09-04 14:00:45,846 [INFO] pipeline.processors.normalizer: Normalized 337/337 blm records (0 failed)
2026-09-04 14:00:45,863 [INFO] pipeline.processors.normalizer: Normalized 2251/2251 osm records (0 failed)
2026-09-04 14:00:45,863 [INFO] pipeline: Total normalized spots: 2641
2026-09-04 14:00:45,863 [INFO] pipeline: 
2026-09-04 14:00:45,863 [INFO] pipeline: STEP 3: Deduplicating...
2026-09-04 14:00:45,863 [INFO] pipeline.processors.deduplicator: Deduplicating 2641 spots (distance=100.0m, name_threshold=80.0)
2026-09-04 14:00:45,881 [INFO] pipeline.processors.deduplicator: Found 2040 geographic clusters (1730 unique, 310 multi-source)
2026-09-04 14:00:45,883 [INFO] pipeline.processors.deduplicator: Deduplication complete: 2641 → 2062 spots (579 removed)
2026-09-04 14:00:45,883 [INFO] pipeline.processors.deduplicator: Merged 288 clusters:
2026-09-04 14:00:45,883 [INFO] pipeline: After deduplication: 2062 unique spots
2026-09-04 14:00:45,883 [INFO] pipeline: 
2026-09-04 14:00:45,883 [INFO] pipeline: STEP 4: Processing images...
2026-09-04 14:00:45,883 [INFO] pipeline.processors.image_handler: Image processing complete: 0 total photos across 0 spots (0.0% coverage), 0 downloaded locally
2026-09-04 14:00:45,977 [INFO] pipeline: Saved processed data: /Users/aziz/Documents/antigravity/happy-meitner/pipeline/data/processed/all_spots_processed.json
2026-09-04 14:00:45,977 [INFO] pipeline: 
2026-09-04 14:00:45,977 [INFO] pipeline: STEP 5: Exporting...
2026-09-04 14:00:46,035 [INFO] pipeline.exporters.geojson_exporter: Exported national GeoJSON: /Users/aziz/Documents/antigravity/happy-meitner/pipeline/data/exports/all_free_camping_us.geojson (2062 features)
2026-09-04 14:00:46,097 [INFO] pipeline.exporters.geojson_exporter: Exported GeoJSON for 2 states
2026-09-04 14:00:46,098 [INFO] pipeline: GeoJSON files: 3
2026-09-04 14:00:46,115 [INFO] pipeline.exporters.csv_exporter: Exported CSV: /Users/aziz/Documents/antigravity/happy-meitner/pipeline/data/exports/all_free_camping_us.csv (2062 rows)
2026-09-04 14:00:46,115 [INFO] pipeline: CSV: /Users/aziz/Documents/antigravity/happy-meitner/pipeline/data/exports/all_free_camping_us.csv
2026-09-04 14:00:46,298 [INFO] pipeline.exporters.camproo_converter: Exported CampRoo JSON: /Users/aziz/Documents/antigravity/happy-meitner/pipeline/data/exports/camproo_spots.json (2062 spots)
2026-09-04 14:00:46,299 [INFO] pipeline: CampRoo JSON: /Users/aziz/Documents/antigravity/happy-meitner/pipeline/data/exports/camproo_spots.json
2026-09-04 14:00:46,299 [INFO] pipeline: 
2026-09-04 14:00:46,299 [INFO] pipeline: STEP 6: Generating report...
2026-09-04 14:00:46,301 [INFO] pipeline.exporters.report_generator: Generated report: /Users/aziz/Documents/antigravity/happy-meitner/pipeline/data/exports/pipeline_report.md
2026-09-04 14:00:46,301 [INFO] pipeline: Report: /Users/aziz/Documents/antigravity/happy-meitner/pipeline/data/exports/pipeline_report.md
2026-09-04 14:00:46,301 [INFO] pipeline: 
2026-09-04 14:00:46,301 [INFO] pipeline: ============================================================
2026-09-04 14:00:46,301 [INFO] pipeline: ✅ Pipeline complete in 44.5s
2026-09-04 14:00:46,301 [INFO] pipeline:    Total unique spots: 2,062
2026-09-04 14:00:46,301 [INFO] pipeline:    Sources used: usfs, blm, osm
2026-09-04 14:00:46,301 [INFO] pipeline:    States processed: CO, UT
2026-09-04 14:00:46,301 [INFO] pipeline: ============================================================
2026-09-04 14:00:46,773 [INFO] httpx: HTTP Request: GET https://gis.blm.gov/arcgis/rest/services/recreation/BLM_Natl_Recs_pts/MapServer/3/query?where=FET_SUBTYPE+LIKE+%27%25No+Fee%25%27+AND+ADMIN_ST+IN+%28%27CO%27%2C+%27UT%27%29&outFields=%2A&f=json&resultRecordCount=1000&resultOffset=0 "HTTP/1.1 200 OK"
2026-09-04 14:00:46,774 [INFO] pipeline.collectors.blm_collector: BLM Layer 3 yielded 31 raw features
2026-09-04 14:00:46,774 [INFO] pipeline.collectors.blm_collector: Extracted 337 verified BLM free camping sites
2026-09-04 14:00:46,774 [INFO] pipeline.collectors.blm_collector: State breakdown: {'UT': 81, 'CO': 256}
2026-09-04 14:00:46,795 [INFO] collector.blm: Saved raw data: /Users/aziz/Documents/antigravity/happy-meitner/pipeline/data/raw/blm_camping.json (337 records)
2026-09-04 14:00:46,795 [INFO] pipeline: BLM collected: 337 records
2026-09-04 14:00:46,796 [INFO] pipeline: ============================================================
2026-09-04 14:00:46,796 [INFO] pipeline: Running OSM collector...
2026-09-04 14:00:46,805 [INFO] collector.osm: Resuming from checkpoint: /Users/aziz/Documents/antigravity/happy-meitner/pipeline/data/checkpoints/osm_CO.json
2026-09-04 14:00:46,814 [INFO] pipeline.collectors.osm_collector: Loaded 1242 results for CO from checkpoint.
2026-09-04 14:00:46,814 [INFO] collector.osm: Resuming from checkpoint: /Users/aziz/Documents/antigravity/happy-meitner/pipeline/data/checkpoints/osm_UT.json
2026-09-04 14:00:46,820 [INFO] pipeline.collectors.osm_collector: Loaded 1009 results for UT from checkpoint.
2026-09-04 14:00:46,900 [INFO] collector.osm: Saved raw data: /Users/aziz/Documents/antigravity/happy-meitner/pipeline/data/raw/osm_all_results.json (2251 records)
2026-09-04 14:00:46,900 [INFO] pipeline.collectors.osm_collector: Finished OSM collection. Total spots found: 2251
2026-09-04 14:00:46,900 [INFO] pipeline: OSM collected: 2251 records
2026-09-04 14:00:46,900 [INFO] pipeline: 
Total raw records collected: 2641
2026-09-04 14:00:46,900 [INFO] pipeline:   usfs: 53
2026-09-04 14:00:46,900 [INFO] pipeline:   blm: 337
2026-09-04 14:00:46,900 [INFO] pipeline:   osm: 2251
2026-09-04 14:00:46,900 [INFO] pipeline: 
2026-09-04 14:00:46,900 [INFO] pipeline: STEP 2: Normalizing records to unified schema...
2026-09-04 14:00:46,902 [INFO] pipeline.processors.normalizer: Normalized 53/53 usfs records (0 failed)
2026-09-04 14:00:46,903 [INFO] pipeline.processors.normalizer: Normalized 337/337 blm records (0 failed)
2026-09-04 14:00:46,921 [INFO] pipeline.processors.normalizer: Normalized 2251/2251 osm records (0 failed)
2026-09-04 14:00:46,921 [INFO] pipeline: Total normalized spots: 2641
2026-09-04 14:00:46,921 [INFO] pipeline: 
2026-09-04 14:00:46,921 [INFO] pipeline: STEP 3: Deduplicating...
2026-09-04 14:00:46,921 [INFO] pipeline.processors.deduplicator: Deduplicating 2641 spots (distance=100.0m, name_threshold=80.0)
2026-09-04 14:00:46,938 [INFO] pipeline.processors.deduplicator: Found 2040 geographic clusters (1730 unique, 310 multi-source)
2026-09-04 14:00:46,940 [INFO] pipeline.processors.deduplicator: Deduplication complete: 2641 → 2062 spots (579 removed)
2026-09-04 14:00:46,940 [INFO] pipeline.processors.deduplicator: Merged 288 clusters:
2026-09-04 14:00:46,940 [INFO] pipeline: After deduplication: 2062 unique spots
2026-09-04 14:00:46,940 [INFO] pipeline: 
2026-09-04 14:00:46,940 [INFO] pipeline: STEP 4: Processing images...
2026-09-04 14:00:46,940 [INFO] pipeline.processors.image_handler: Image processing complete: 0 total photos across 0 spots (0.0% coverage), 0 downloaded locally
2026-09-04 14:00:47,034 [INFO] pipeline: Saved processed data: /Users/aziz/Documents/antigravity/happy-meitner/pipeline/data/processed/all_spots_processed.json
2026-09-04 14:00:47,035 [INFO] pipeline: 
2026-09-04 14:00:47,035 [INFO] pipeline: STEP 5: Exporting...
2026-09-04 14:00:47,119 [INFO] pipeline.exporters.geojson_exporter: Exported national GeoJSON: /Users/aziz/Documents/antigravity/happy-meitner/pipeline/data/exports/all_free_camping_us.geojson (2062 features)
2026-09-04 14:00:47,181 [INFO] pipeline.exporters.geojson_exporter: Exported GeoJSON for 2 states
2026-09-04 14:00:47,182 [INFO] pipeline: GeoJSON files: 3
2026-09-04 14:00:47,199 [INFO] pipeline.exporters.csv_exporter: Exported CSV: /Users/aziz/Documents/antigravity/happy-meitner/pipeline/data/exports/all_free_camping_us.csv (2062 rows)
2026-09-04 14:00:47,199 [INFO] pipeline: CSV: /Users/aziz/Documents/antigravity/happy-meitner/pipeline/data/exports/all_free_camping_us.csv
2026-09-04 14:00:47,385 [INFO] pipeline.exporters.camproo_converter: Exported CampRoo JSON: /Users/aziz/Documents/antigravity/happy-meitner/pipeline/data/exports/camproo_spots.json (2062 spots)
2026-09-04 14:00:47,386 [INFO] pipeline: CampRoo JSON: /Users/aziz/Documents/antigravity/happy-meitner/pipeline/data/exports/camproo_spots.json
2026-09-04 14:00:47,386 [INFO] pipeline: 
2026-09-04 14:00:47,386 [INFO] pipeline: STEP 6: Generating report...
2026-09-04 14:00:47,388 [INFO] pipeline.exporters.report_generator: Generated report: /Users/aziz/Documents/antigravity/happy-meitner/pipeline/data/exports/pipeline_report.md
2026-09-04 14:00:47,388 [INFO] pipeline: Report: /Users/aziz/Documents/antigravity/happy-meitner/pipeline/data/exports/pipeline_report.md
2026-09-04 14:00:47,388 [INFO] pipeline: 
2026-09-04 14:00:47,388 [INFO] pipeline: ============================================================
2026-09-04 14:00:47,388 [INFO] pipeline: ✅ Pipeline complete in 5.5s
2026-09-04 14:00:47,388 [INFO] pipeline:    Total unique spots: 2,062
2026-09-04 14:00:47,388 [INFO] pipeline:    Sources used: usfs, blm, osm
2026-09-04 14:00:47,388 [INFO] pipeline:    States processed: CO, UT
2026-09-04 14:00:47,388 [INFO] pipeline: ============================================================
2026-09-04 14:10:05,292 [INFO] pipeline: ============================================================
2026-09-04 14:10:05,292 [INFO] pipeline: 🏕️  US Free Camping Data Pipeline
2026-09-04 14:10:05,292 [INFO] pipeline: ============================================================
2026-09-04 14:10:05,292 [INFO] pipeline: Processing all states
2026-09-04 14:10:05,292 [INFO] pipeline: Enabled sources: usfs, blm
2026-09-04 14:10:05,292 [INFO] pipeline: 
2026-09-04 14:10:05,292 [INFO] pipeline: STEP 1: Collecting from data sources...
2026-09-04 14:10:05,296 [INFO] pipeline: ============================================================
2026-09-04 14:10:05,296 [INFO] pipeline: Running USFS collector...
2026-09-04 14:10:05,343 [INFO] pipeline.collectors.usfs_collector: Loading existing USFS raw dataset from /Users/aziz/Documents/antigravity/happy-meitner/pipeline/data/raw/usfs_camping.json
2026-09-04 14:10:05,777 [INFO] pipeline: USFS collected: 12383 records
2026-09-04 14:10:05,780 [INFO] pipeline: ============================================================
2026-09-04 14:10:05,780 [INFO] pipeline: Running BLM collector...
2026-09-04 14:10:05,787 [INFO] pipeline.collectors.blm_collector: Loading existing BLM raw dataset from /Users/aziz/Documents/antigravity/happy-meitner/pipeline/data/raw/blm_camping.json
2026-09-04 14:10:05,793 [INFO] pipeline: BLM collected: 731 records
2026-09-04 14:10:05,794 [INFO] pipeline: 
Total raw records collected: 13114
2026-09-04 14:10:05,794 [INFO] pipeline:   usfs: 12383
2026-09-04 14:10:05,794 [INFO] pipeline:   blm: 731
2026-09-04 14:10:05,794 [INFO] pipeline: 
2026-09-04 14:10:05,794 [INFO] pipeline: STEP 2: Normalizing records to unified schema...
2026-09-04 14:10:05,928 [INFO] pipeline.processors.normalizer: Normalized 12383/12383 usfs records (0 failed)
2026-09-04 14:10:05,932 [INFO] pipeline.processors.normalizer: Normalized 731/731 blm records (0 failed)
2026-09-04 14:10:05,932 [INFO] pipeline: Total normalized spots: 13114
2026-09-04 14:10:05,932 [INFO] pipeline: 
2026-09-04 14:10:05,932 [INFO] pipeline: STEP 3: Deduplicating...
2026-09-04 14:10:05,932 [INFO] pipeline.processors.deduplicator: Deduplicating 13114 spots (distance=100.0m, name_threshold=80.0)
2026-09-04 14:10:06,030 [INFO] pipeline.processors.deduplicator: Found 9552 geographic clusters (7961 unique, 1591 multi-source)
2026-09-04 14:10:06,038 [INFO] pipeline.processors.deduplicator: Deduplication complete: 13114 → 9777 spots (3337 removed)
2026-09-04 14:10:06,038 [INFO] pipeline.processors.deduplicator: Merged 1366 clusters:
2026-09-04 14:10:06,039 [INFO] pipeline: After deduplication: 9777 unique spots
2026-09-04 14:10:06,039 [INFO] pipeline: 
2026-09-04 14:10:06,039 [INFO] pipeline: STEP 4: Processing images...
2026-09-04 14:10:06,039 [INFO] pipeline.processors.image_handler: Processing images across 9777 spots (enrich_wikimedia=True, download=True)
2026-09-04 14:10:06,040 [INFO] pipeline.processors.image_handler: Enriching up to 1000 photo-less spots via Wikimedia Commons geosearch...
2026-09-04 14:10:07,617 [INFO] httpx: HTTP Request: GET https://commons.wikimedia.org/w/api.php?action=query&generator=geosearch&ggscoord=39.5658%7C-120.0564&ggsradius=3500&ggsnamespace=6&prop=imageinfo&iiprop=url%7Csize%7Cmime%7Cextmetadata&format=json "HTTP/1.1 200 OK"
2026-09-04 14:10:08,965 [INFO] httpx: HTTP Request: GET https://commons.wikimedia.org/w/api.php?action=query&generator=geosearch&ggscoord=47.64414423%7C-91.13585222&ggsradius=3500&ggsnamespace=6&prop=imageinfo&iiprop=url%7Csize%7Cmime%7Cextmetadata&format=json "HTTP/1.1 200 OK"
2026-09-04 14:10:10,597 [INFO] httpx: HTTP Request: GET https://commons.wikimedia.org/w/api.php?action=query&generator=geosearch&ggscoord=46.25975951%7C-111.879453&ggsradius=3500&ggsnamespace=6&prop=imageinfo&iiprop=url%7Csize%7Cmime%7Cextmetadata&format=json "HTTP/1.1 200 OK"
2026-09-04 14:10:12,122 [INFO] httpx: HTTP Request: GET https://commons.wikimedia.org/w/api.php?action=query&generator=geosearch&ggscoord=46.2597622%7C-111.8794509&ggsradius=3500&ggsnamespace=6&prop=imageinfo&iiprop=url%7Csize%7Cmime%7Cextmetadata&format=json "HTTP/1.1 200 OK"
2026-09-04 14:10:13,660 [INFO] httpx: HTTP Request: GET https://commons.wikimedia.org/w/api.php?action=query&generator=geosearch&ggscoord=46.69699578%7C-115.63671059&ggsradius=3500&ggsnamespace=6&prop=imageinfo&iiprop=url%7Csize%7Cmime%7Cextmetadata&format=json "HTTP/1.1 200 OK"
2026-09-04 14:10:15,592 [INFO] httpx: HTTP Request: GET https://commons.wikimedia.org/w/api.php?action=query&generator=geosearch&ggscoord=48.634758%7C-116.588053&ggsradius=3500&ggsnamespace=6&prop=imageinfo&iiprop=url%7Csize%7Cmime%7Cextmetadata&format=json "HTTP/1.1 200 OK"
2026-09-04 14:10:17,120 [INFO] httpx: HTTP Request: GET https://commons.wikimedia.org/w/api.php?action=query&generator=geosearch&ggscoord=45.348015%7C-111.14916&ggsradius=3500&ggsnamespace=6&prop=imageinfo&iiprop=url%7Csize%7Cmime%7Cextmetadata&format=json "HTTP/1.1 200 OK"
2026-09-04 14:10:18,859 [INFO] httpx: HTTP Request: GET https://commons.wikimedia.org/w/api.php?action=query&generator=geosearch&ggscoord=47.31411%7C-93.38383&ggsradius=3500&ggsnamespace=6&prop=imageinfo&iiprop=url%7Csize%7Cmime%7Cextmetadata&format=json "HTTP/1.1 200 OK"
2026-09-04 14:10:20,564 [INFO] httpx: HTTP Request: GET https://commons.wikimedia.org/w/api.php?action=query&generator=geosearch&ggscoord=48.63486723%7C-118.4520369&ggsradius=3500&ggsnamespace=6&prop=imageinfo&iiprop=url%7Csize%7Cmime%7Cextmetadata&format=json "HTTP/1.1 200 OK"
2026-09-04 14:10:22,256 [INFO] httpx: HTTP Request: GET https://commons.wikimedia.org/w/api.php?action=query&generator=geosearch&ggscoord=45.12666167%7C-111.05439167&ggsradius=3500&ggsnamespace=6&prop=imageinfo&iiprop=url%7Csize%7Cmime%7Cextmetadata&format=json "HTTP/1.1 200 OK"
2026-09-04 14:10:23,492 [INFO] httpx: HTTP Request: GET https://commons.wikimedia.org/w/api.php?action=query&generator=geosearch&ggscoord=46.250405%7C-112.59539167&ggsradius=3500&ggsnamespace=6&prop=imageinfo&iiprop=url%7Csize%7Cmime%7Cextmetadata&format=json "HTTP/1.1 200 OK"
2026-09-04 14:10:25,690 [INFO] httpx: HTTP Request: GET https://commons.wikimedia.org/w/api.php?action=query&generator=geosearch&ggscoord=45.2579%7C-121.5652&ggsradius=3500&ggsnamespace=6&prop=imageinfo&iiprop=url%7Csize%7Cmime%7Cextmetadata&format=json "HTTP/1.1 200 OK"
2026-09-04 14:10:26,948 [INFO] httpx: HTTP Request: GET https://commons.wikimedia.org/w/api.php?action=query&generator=geosearch&ggscoord=45.746255%7C-110.730355&ggsradius=3500&ggsnamespace=6&prop=imageinfo&iiprop=url%7Csize%7Cmime%7Cextmetadata&format=json "HTTP/1.1 200 OK"
2026-09-04 14:10:28,787 [INFO] httpx: HTTP Request: GET https://commons.wikimedia.org/w/api.php?action=query&generator=geosearch&ggscoord=47.59124%7C-116.65246&ggsradius=3500&ggsnamespace=6&prop=imageinfo&iiprop=url%7Csize%7Cmime%7Cextmetadata&format=json "HTTP/1.1 200 OK"
2026-09-04 14:10:30,407 [INFO] httpx: HTTP Request: GET https://commons.wikimedia.org/w/api.php?action=query&generator=geosearch&ggscoord=38.86043%7C-107.10809&ggsradius=3500&ggsnamespace=6&prop=imageinfo&iiprop=url%7Csize%7Cmime%7Cextmetadata&format=json "HTTP/1.1 200 OK"
2026-09-04 14:10:31,665 [INFO] httpx: HTTP Request: GET https://commons.wikimedia.org/w/api.php?action=query&generator=geosearch&ggscoord=46.25782719%7C-112.4985824&ggsradius=3500&ggsnamespace=6&prop=imageinfo&iiprop=url%7Csize%7Cmime%7Cextmetadata&format=json "HTTP/1.1 200 OK"
2026-09-04 14:10:32,962 [INFO] httpx: HTTP Request: GET https://commons.wikimedia.org/w/api.php?action=query&generator=geosearch&ggscoord=45.10108833%7C-110.582345&ggsradius=3500&ggsnamespace=6&prop=imageinfo&iiprop=url%7Csize%7Cmime%7Cextmetadata&format=json "HTTP/1.1 200 OK"
2026-09-04 14:10:34,640 [INFO] httpx: HTTP Request: GET https://commons.wikimedia.org/w/api.php?action=query&generator=geosearch&ggscoord=46.77289%7C-110.302515&ggsradius=3500&ggsnamespace=6&prop=imageinfo&iiprop=url%7Csize%7Cmime%7Cextmetadata&format=json "HTTP/1.1 200 OK"
2026-09-04 14:10:36,560 [INFO] httpx: HTTP Request: GET https://commons.wikimedia.org/w/api.php?action=query&generator=geosearch&ggscoord=47.96625%7C-116.024435&ggsradius=3500&ggsnamespace=6&prop=imageinfo&iiprop=url%7Csize%7Cmime%7Cextmetadata&format=json "HTTP/1.1 200 OK"
2026-09-04 14:10:37,956 [INFO] httpx: HTTP Request: GET https://commons.wikimedia.org/w/api.php?action=query&generator=geosearch&ggscoord=38.8472%7C-106.8193&ggsradius=3500&ggsnamespace=6&prop=imageinfo&iiprop=url%7Csize%7Cmime%7Cextmetadata&format=json "HTTP/1.1 200 OK"
2026-09-04 14:10:39,169 [INFO] httpx: HTTP Request: GET https://commons.wikimedia.org/w/api.php?action=query&generator=geosearch&ggscoord=38.8467%7C-106.8196&ggsradius=3500&ggsnamespace=6&prop=imageinfo&iiprop=url%7Csize%7Cmime%7Cextmetadata&format=json "HTTP/1.1 200 OK"
2026-09-04 14:10:40,973 [INFO] httpx: HTTP Request: GET https://commons.wikimedia.org/w/api.php?action=query&generator=geosearch&ggscoord=46.00964333%7C-113.84848833&ggsradius=3500&ggsnamespace=6&prop=imageinfo&iiprop=url%7Csize%7Cmime%7Cextmetadata&format=json "HTTP/1.1 200 OK"
2026-09-04 14:10:42,230 [INFO] httpx: HTTP Request: GET https://commons.wikimedia.org/w/api.php?action=query&generator=geosearch&ggscoord=45.06166333%7C-109.94152667&ggsradius=3500&ggsnamespace=6&prop=imageinfo&iiprop=url%7Csize%7Cmime%7Cextmetadata&format=json "HTTP/1.1 200 OK"
2026-09-04 14:10:43,756 [INFO] httpx: HTTP Request: GET https://commons.wikimedia.org/w/api.php?action=query&generator=geosearch&ggscoord=43.85595295%7C-110.30984505&ggsradius=3500&ggsnamespace=6&prop=imageinfo&iiprop=url%7Csize%7Cmime%7Cextmetadata&format=json "HTTP/1.1 200 OK"
2026-09-04 14:10:45,690 [INFO] httpx: HTTP Request: GET https://commons.wikimedia.org/w/api.php?action=query&generator=geosearch&ggscoord=48.792005%7C-116.620701&ggsradius=3500&ggsnamespace=6&prop=imageinfo&iiprop=url%7Csize%7Cmime%7Cextmetadata&format=json "HTTP/1.1 200 OK"
2026-09-04 14:10:47,598 [INFO] httpx: HTTP Request: GET https://commons.wikimedia.org/w/api.php?action=query&generator=geosearch&ggscoord=48.82051167%7C-116.12516333&ggsradius=3500&ggsnamespace=6&prop=imageinfo&iiprop=url%7Csize%7Cmime%7Cextmetadata&format=json "HTTP/1.1 200 OK"
2026-09-04 14:10:49,310 [INFO] httpx: HTTP Request: GET https://commons.wikimedia.org/w/api.php?action=query&generator=geosearch&ggscoord=47.53008333%7C-116.622015&ggsradius=3500&ggsnamespace=6&prop=imageinfo&iiprop=url%7Csize%7Cmime%7Cextmetadata&format=json "HTTP/1.1 200 OK"
2026-09-04 14:10:50,681 [INFO] httpx: HTTP Request: GET https://commons.wikimedia.org/w/api.php?action=query&generator=geosearch&ggscoord=45.8758784%7C-114.94990261&ggsradius=3500&ggsnamespace=6&prop=imageinfo&iiprop=url%7Csize%7Cmime%7Cextmetadata&format=json "HTTP/1.1 200 OK"
2026-09-04 14:10:52,521 [INFO] httpx: HTTP Request: GET https://commons.wikimedia.org/w/api.php?action=query&generator=geosearch&ggscoord=47.47912742%7C-91.12869426&ggsradius=3500&ggsnamespace=6&prop=imageinfo&iiprop=url%7Csize%7Cmime%7Cextmetadata&format=json "HTTP/1.1 200 OK"
2026-09-04 14:10:54,034 [INFO] httpx: HTTP Request: GET https://commons.wikimedia.org/w/api.php?action=query&generator=geosearch&ggscoord=46.46491344%7C-112.42165097&ggsradius=3500&ggsnamespace=6&prop=imageinfo&iiprop=url%7Csize%7Cmime%7Cextmetadata&format=json "HTTP/1.1 200 OK"
2026-09-04 14:10:56,086 [INFO] httpx: HTTP Request: GET https://commons.wikimedia.org/w/api.php?action=query&generator=geosearch&ggscoord=47.90795927%7C-92.30155494&ggsradius=3500&ggsnamespace=6&prop=imageinfo&iiprop=url%7Csize%7Cmime%7Cextmetadata&format=json "HTTP/1.1 200 OK"
2026-09-04 14:10:58,403 [INFO] httpx: HTTP Request: GET https://commons.wikimedia.org/w/api.php?action=query&generator=geosearch&ggscoord=46.00046%7C-110.43278167&ggsradius=3500&ggsnamespace=6&prop=imageinfo&iiprop=url%7Csize%7Cmime%7Cextmetadata&format=json "HTTP/1.1 200 OK"
2026-09-04 14:11:00,137 [INFO] httpx: HTTP Request: GET https://commons.wikimedia.org/w/api.php?action=query&generator=geosearch&ggscoord=48.76435333%7C-116.131635&ggsradius=3500&ggsnamespace=6&prop=imageinfo&iiprop=url%7Csize%7Cmime%7Cextmetadata&format=json "HTTP/1.1 200 OK"
2026-09-04 14:11:01,913 [INFO] httpx: HTTP Request: GET https://commons.wikimedia.org/w/api.php?action=query&generator=geosearch&ggscoord=39.2229%7C-117.1432&ggsradius=3500&ggsnamespace=6&prop=imageinfo&iiprop=url%7Csize%7Cmime%7Cextmetadata&format=json "HTTP/1.1 200 OK"
2026-09-04 14:11:03,666 [INFO] httpx: HTTP Request: GET https://commons.wikimedia.org/w/api.php?action=query&generator=geosearch&ggscoord=32.91853333%7C-107.70108032&ggsradius=3500&ggsnamespace=6&prop=imageinfo&iiprop=url%7Csize%7Cmime%7Cextmetadata&format=json "HTTP/1.1 200 OK"
2026-09-04 14:11:04,902 [INFO] httpx: HTTP Request: GET https://commons.wikimedia.org/w/api.php?action=query&generator=geosearch&ggscoord=47.65383667%7C-116.3994833&ggsradius=3500&ggsnamespace=6&prop=imageinfo&iiprop=url%7Csize%7Cmime%7Cextmetadata&format=json "HTTP/1.1 200 OK"
2026-09-04 14:11:06,675 [INFO] httpx: HTTP Request: GET https://commons.wikimedia.org/w/api.php?action=query&generator=geosearch&ggscoord=45.07248833%7C-109.90568667&ggsradius=3500&ggsnamespace=6&prop=imageinfo&iiprop=url%7Csize%7Cmime%7Cextmetadata&format=json "HTTP/1.1 200 OK"
2026-09-04 14:11:08,136 [INFO] httpx: HTTP Request: GET https://commons.wikimedia.org/w/api.php?action=query&generator=geosearch&ggscoord=48.36995067%7C-116.1694045&ggsradius=3500&ggsnamespace=6&prop=imageinfo&iiprop=url%7Csize%7Cmime%7Cextmetadata&format=json "HTTP/1.1 200 OK"
2026-09-04 14:11:09,426 [INFO] httpx: HTTP Request: GET https://commons.wikimedia.org/w/api.php?action=query&generator=geosearch&ggscoord=46.14209331%7C-110.4303607&ggsradius=3500&ggsnamespace=6&prop=imageinfo&iiprop=url%7Csize%7Cmime%7Cextmetadata&format=json "HTTP/1.1 200 OK"
2026-09-04 14:11:10,888 [INFO] httpx: HTTP Request: GET https://commons.wikimedia.org/w/api.php?action=query&generator=geosearch&ggscoord=48.65117%7C-116.54906167&ggsradius=3500&ggsnamespace=6&prop=imageinfo&iiprop=url%7Csize%7Cmime%7Cextmetadata&format=json "HTTP/1.1 200 OK"
2026-09-04 14:11:12,782 [INFO] httpx: HTTP Request: GET https://commons.wikimedia.org/w/api.php?action=query&generator=geosearch&ggscoord=38.88128%7C-107.10987&ggsradius=3500&ggsnamespace=6&prop=imageinfo&iiprop=url%7Csize%7Cmime%7Cextmetadata&format=json "HTTP/1.1 200 OK"
2026-09-04 14:11:15,059 [INFO] httpx: HTTP Request: GET https://commons.wikimedia.org/w/api.php?action=query&generator=geosearch&ggscoord=48.14159932%7C-113.8237782&ggsradius=3500&ggsnamespace=6&prop=imageinfo&iiprop=url%7Csize%7Cmime%7Cextmetadata&format=json "HTTP/1.1 200 OK"
2026-09-04 14:11:16,517 [INFO] httpx: HTTP Request: GET https://commons.wikimedia.org/w/api.php?action=query&generator=geosearch&ggscoord=45.49085167%7C-111.13636833&ggsradius=3500&ggsnamespace=6&prop=imageinfo&iiprop=url%7Csize%7Cmime%7Cextmetadata&format=json "HTTP/1.1 200 OK"
2026-09-04 14:11:17,816 [INFO] httpx: HTTP Request: GET https://commons.wikimedia.org/w/api.php?action=query&generator=geosearch&ggscoord=45.45501333%7C-111.85458833&ggsradius=3500&ggsnamespace=6&prop=imageinfo&iiprop=url%7Csize%7Cmime%7Cextmetadata&format=json "HTTP/1.1 200 OK"
2026-09-04 14:11:19,279 [INFO] httpx: HTTP Request: GET https://commons.wikimedia.org/w/api.php?action=query&generator=geosearch&ggscoord=45.40729891%7C-113.66064222&ggsradius=3500&ggsnamespace=6&prop=imageinfo&iiprop=url%7Csize%7Cmime%7Cextmetadata&format=json "HTTP/1.1 200 OK"
2026-09-04 14:11:20,810 [INFO] httpx: HTTP Request: GET https://commons.wikimedia.org/w/api.php?action=query&generator=geosearch&ggscoord=45.148315%7C-111.81086833&ggsradius=3500&ggsnamespace=6&prop=imageinfo&iiprop=url%7Csize%7Cmime%7Cextmetadata&format=json "HTTP/1.1 200 OK"
2026-09-04 14:11:22,247 [INFO] httpx: HTTP Request: GET https://commons.wikimedia.org/w/api.php?action=query&generator=geosearch&ggscoord=45.85857194%7C-112.7379892&ggsradius=3500&ggsnamespace=6&prop=imageinfo&iiprop=url%7Csize%7Cmime%7Cextmetadata&format=json "HTTP/1.1 200 OK"
2026-09-04 14:11:24,369 [INFO] httpx: HTTP Request: GET https://commons.wikimedia.org/w/api.php?action=query&generator=geosearch&ggscoord=45.68000667%7C-110.00243&ggsradius=3500&ggsnamespace=6&prop=imageinfo&iiprop=url%7Csize%7Cmime%7Cextmetadata&format=json "HTTP/1.1 200 OK"
2026-09-04 14:11:25,566 [INFO] httpx: HTTP Request: GET https://commons.wikimedia.org/w/api.php?action=query&generator=geosearch&ggscoord=47.56842032%7C-113.7828474&ggsradius=3500&ggsnamespace=6&prop=imageinfo&iiprop=url%7Csize%7Cmime%7Cextmetadata&format=json "HTTP/1.1 200 OK"
2026-09-04 14:11:27,597 [INFO] httpx: HTTP Request: GET https://commons.wikimedia.org/w/api.php?action=query&generator=geosearch&ggscoord=38.8965%7C-106.8847&ggsradius=3500&ggsnamespace=6&prop=imageinfo&iiprop=url%7Csize%7Cmime%7Cextmetadata&format=json "HTTP/1.1 200 OK"
2026-09-04 14:11:29,658 [INFO] httpx: HTTP Request: GET https://commons.wikimedia.org/w/api.php?action=query&generator=geosearch&ggscoord=46.10692833%7C-113.269495&ggsradius=3500&ggsnamespace=6&prop=imageinfo&iiprop=url%7Csize%7Cmime%7Cextmetadata&format=json "HTTP/1.1 200 OK"
2026-09-04 14:11:31,467 [INFO] httpx: HTTP Request: GET https://commons.wikimedia.org/w/api.php?action=query&generator=geosearch&ggscoord=47.91464333%7C-112.74317167&ggsradius=3500&ggsnamespace=6&prop=imageinfo&iiprop=url%7Csize%7Cmime%7Cextmetadata&format=json "HTTP/1.1 200 OK"
2026-09-04 14:11:32,668 [INFO] httpx: HTTP Request: GET https://commons.wikimedia.org/w/api.php?action=query&generator=geosearch&ggscoord=35.52336111%7C-92.94380555&ggsradius=3500&ggsnamespace=6&prop=imageinfo&iiprop=url%7Csize%7Cmime%7Cextmetadata&format=json "HTTP/1.1 200 OK"
2026-09-04 14:11:34,642 [INFO] httpx: HTTP Request: GET https://commons.wikimedia.org/w/api.php?action=query&generator=geosearch&ggscoord=46.12032124%7C-113.9109844&ggsradius=3500&ggsnamespace=6&prop=imageinfo&iiprop=url%7Csize%7Cmime%7Cextmetadata&format=json "HTTP/1.1 200 OK"
2026-09-04 14:11:36,259 [INFO] httpx: HTTP Request: GET https://commons.wikimedia.org/w/api.php?action=query&generator=geosearch&ggscoord=46.12060526%7C-113.91065646&ggsradius=3500&ggsnamespace=6&prop=imageinfo&iiprop=url%7Csize%7Cmime%7Cextmetadata&format=json "HTTP/1.1 200 OK"
2026-09-04 14:11:38,251 [INFO] httpx: HTTP Request: GET https://commons.wikimedia.org/w/api.php?action=query&generator=geosearch&ggscoord=48.47679429%7C-115.2305566&ggsradius=3500&ggsnamespace=6&prop=imageinfo&iiprop=url%7Csize%7Cmime%7Cextmetadata&format=json "HTTP/1.1 200 OK"
2026-09-04 14:11:39,499 [INFO] httpx: HTTP Request: GET https://commons.wikimedia.org/w/api.php?action=query&generator=geosearch&ggscoord=45.43151%7C-111.12657&ggsradius=3500&ggsnamespace=6&prop=imageinfo&iiprop=url%7Csize%7Cmime%7Cextmetadata&format=json "HTTP/1.1 200 OK"
2026-09-04 14:11:40,874 [INFO] httpx: HTTP Request: GET https://commons.wikimedia.org/w/api.php?action=query&generator=geosearch&ggscoord=48.94848667%7C-115.53192833&ggsradius=3500&ggsnamespace=6&prop=imageinfo&iiprop=url%7Csize%7Cmime%7Cextmetadata&format=json "HTTP/1.1 200 OK"
2026-09-04 14:11:42,059 [INFO] httpx: HTTP Request: GET https://commons.wikimedia.org/w/api.php?action=query&generator=geosearch&ggscoord=45.65305887%7C-112.0225419&ggsradius=3500&ggsnamespace=6&prop=imageinfo&iiprop=url%7Csize%7Cmime%7Cextmetadata&format=json "HTTP/1.1 200 OK"
2026-09-04 14:11:43,354 [INFO] httpx: HTTP Request: GET https://commons.wikimedia.org/w/api.php?action=query&generator=geosearch&ggscoord=45.54893%7C-111.91258&ggsradius=3500&ggsnamespace=6&prop=imageinfo&iiprop=url%7Csize%7Cmime%7Cextmetadata&format=json "HTTP/1.1 200 OK"
2026-09-04 14:11:44,643 [INFO] httpx: HTTP Request: GET https://commons.wikimedia.org/w/api.php?action=query&generator=geosearch&ggscoord=48.63331333%7C-116.55811667&ggsradius=3500&ggsnamespace=6&prop=imageinfo&iiprop=url%7Csize%7Cmime%7Cextmetadata&format=json "HTTP/1.1 200 OK"
2026-09-04 14:11:46,635 [INFO] httpx: HTTP Request: GET https://commons.wikimedia.org/w/api.php?action=query&generator=geosearch&ggscoord=44.71360167%7C-111.60649167&ggsradius=3500&ggsnamespace=6&prop=imageinfo&iiprop=url%7Csize%7Cmime%7Cextmetadata&format=json "HTTP/1.1 200 OK"
2026-09-04 14:11:47,837 [INFO] httpx: HTTP Request: GET https://commons.wikimedia.org/w/api.php?action=query&generator=geosearch&ggscoord=44.71416667%7C-111.60666667&ggsradius=3500&ggsnamespace=6&prop=imageinfo&iiprop=url%7Csize%7Cmime%7Cextmetadata&format=json "HTTP/1.1 200 OK"
2026-09-04 14:11:49,494 [INFO] httpx: HTTP Request: GET https://commons.wikimedia.org/w/api.php?action=query&generator=geosearch&ggscoord=46.415055%7C-113.52520833&ggsradius=3500&ggsnamespace=6&prop=imageinfo&iiprop=url%7Csize%7Cmime%7Cextmetadata&format=json "HTTP/1.1 200 OK"
2026-09-04 14:11:50,841 [INFO] httpx: HTTP Request: GET https://commons.wikimedia.org/w/api.php?action=query&generator=geosearch&ggscoord=45.07370667%7C-110.65875333&ggsradius=3500&ggsnamespace=6&prop=imageinfo&iiprop=url%7Csize%7Cmime%7Cextmetadata&format=json "HTTP/1.1 200 OK"
2026-09-04 14:11:53,981 [INFO] httpx: HTTP Request: GET https://commons.wikimedia.org/w/api.php?action=query&generator=geosearch&ggscoord=38.9399%7C-107.0252&ggsradius=3500&ggsnamespace=6&prop=imageinfo&iiprop=url%7Csize%7Cmime%7Cextmetadata&format=json "HTTP/1.1 200 OK"
2026-09-04 14:11:55,382 [INFO] httpx: HTTP Request: GET https://commons.wikimedia.org/w/api.php?action=query&generator=geosearch&ggscoord=46.87442%7C-112.567605&ggsradius=3500&ggsnamespace=6&prop=imageinfo&iiprop=url%7Csize%7Cmime%7Cextmetadata&format=json "HTTP/1.1 200 OK"
2026-09-04 14:11:56,879 [INFO] httpx: HTTP Request: GET https://commons.wikimedia.org/w/api.php?action=query&generator=geosearch&ggscoord=45.54573526%7C-113.16301925&ggsradius=3500&ggsnamespace=6&prop=imageinfo&iiprop=url%7Csize%7Cmime%7Cextmetadata&format=json "HTTP/1.1 200 OK"
2026-09-04 14:11:58,594 [INFO] httpx: HTTP Request: GET https://commons.wikimedia.org/w/api.php?action=query&generator=geosearch&ggscoord=37.955941%7C-119.266702&ggsradius=3500&ggsnamespace=6&prop=imageinfo&iiprop=url%7Csize%7Cmime%7Cextmetadata&format=json "HTTP/1.1 200 OK"
2026-09-04 14:12:00,975 [INFO] httpx: HTTP Request: GET https://commons.wikimedia.org/w/api.php?action=query&generator=geosearch&ggscoord=37.393658%7C-108.068963&ggsradius=3500&ggsnamespace=6&prop=imageinfo&iiprop=url%7Csize%7Cmime%7Cextmetadata&format=json "HTTP/1.1 200 OK"
2026-09-04 14:12:02,380 [INFO] httpx: HTTP Request: GET https://commons.wikimedia.org/w/api.php?action=query&generator=geosearch&ggscoord=47.66207462%7C-113.8259394&ggsradius=3500&ggsnamespace=6&prop=imageinfo&iiprop=url%7Csize%7Cmime%7Cextmetadata&format=json "HTTP/1.1 200 OK"
2026-09-04 14:12:04,463 [INFO] httpx: HTTP Request: GET https://commons.wikimedia.org/w/api.php?action=query&generator=geosearch&ggscoord=46.65339383%7C-114.9428107&ggsradius=3500&ggsnamespace=6&prop=imageinfo&iiprop=url%7Csize%7Cmime%7Cextmetadata&format=json "HTTP/1.1 200 OK"
2026-09-04 14:12:06,652 [INFO] httpx: HTTP Request: GET https://commons.wikimedia.org/w/api.php?action=query&generator=geosearch&ggscoord=34.22666667%7C-118.1105556&ggsradius=3500&ggsnamespace=6&prop=imageinfo&iiprop=url%7Csize%7Cmime%7Cextmetadata&format=json "HTTP/1.1 200 OK"
2026-09-04 14:12:08,201 [INFO] httpx: HTTP Request: GET https://commons.wikimedia.org/w/api.php?action=query&generator=geosearch&ggscoord=45.78751966%7C-115.03402775&ggsradius=3500&ggsnamespace=6&prop=imageinfo&iiprop=url%7Csize%7Cmime%7Cextmetadata&format=json "HTTP/1.1 200 OK"
2026-09-04 14:12:09,829 [INFO] httpx: HTTP Request: GET https://commons.wikimedia.org/w/api.php?action=query&generator=geosearch&ggscoord=46.69966833%7C-110.463215&ggsradius=3500&ggsnamespace=6&prop=imageinfo&iiprop=url%7Csize%7Cmime%7Cextmetadata&format=json "HTTP/1.1 200 OK"
2026-09-04 14:12:11,353 [INFO] httpx: HTTP Request: GET https://commons.wikimedia.org/w/api.php?action=query&generator=geosearch&ggscoord=48.970588%7C-114.921412&ggsradius=3500&ggsnamespace=6&prop=imageinfo&iiprop=url%7Csize%7Cmime%7Cextmetadata&format=json "HTTP/1.1 200 OK"
2026-09-04 14:12:13,042 [INFO] httpx: HTTP Request: GET https://commons.wikimedia.org/w/api.php?action=query&generator=geosearch&ggscoord=46.53188%7C-113.55515833&ggsradius=3500&ggsnamespace=6&prop=imageinfo&iiprop=url%7Csize%7Cmime%7Cextmetadata&format=json "HTTP/1.1 200 OK"
2026-09-04 14:12:15,064 [INFO] httpx: HTTP Request: GET https://commons.wikimedia.org/w/api.php?action=query&generator=geosearch&ggscoord=45.42486621%7C-113.08463376&ggsradius=3500&ggsnamespace=6&prop=imageinfo&iiprop=url%7Csize%7Cmime%7Cextmetadata&format=json "HTTP/1.1 200 OK"
2026-09-04 14:12:16,659 [INFO] httpx: HTTP Request: GET https://commons.wikimedia.org/w/api.php?action=query&generator=geosearch&ggscoord=45.07158878%7C-118.8764467&ggsradius=3500&ggsnamespace=6&prop=imageinfo&iiprop=url%7Csize%7Cmime%7Cextmetadata&format=json "HTTP/1.1 200 OK"
2026-09-04 14:12:18,484 [INFO] httpx: HTTP Request: GET https://commons.wikimedia.org/w/api.php?action=query&generator=geosearch&ggscoord=47.323735%7C-112.590525&ggsradius=3500&ggsnamespace=6&prop=imageinfo&iiprop=url%7Csize%7Cmime%7Cextmetadata&format=json "HTTP/1.1 200 OK"
2026-09-04 14:12:19,815 [INFO] httpx: HTTP Request: GET https://commons.wikimedia.org/w/api.php?action=query&generator=geosearch&ggscoord=44.5091409%7C-112.54607732&ggsradius=3500&ggsnamespace=6&prop=imageinfo&iiprop=url%7Csize%7Cmime%7Cextmetadata&format=json "HTTP/1.1 200 OK"
2026-09-04 14:12:21,880 [INFO] httpx: HTTP Request: GET https://commons.wikimedia.org/w/api.php?action=query&generator=geosearch&ggscoord=45.3008227%7C-113.23523323&ggsradius=3500&ggsnamespace=6&prop=imageinfo&iiprop=url%7Csize%7Cmime%7Cextmetadata&format=json "HTTP/1.1 200 OK"
2026-09-04 14:12:23,674 [INFO] httpx: HTTP Request: GET https://commons.wikimedia.org/w/api.php?action=query&generator=geosearch&ggscoord=45.40746558%7C-110.1907505&ggsradius=3500&ggsnamespace=6&prop=imageinfo&iiprop=url%7Csize%7Cmime%7Cextmetadata&format=json "HTTP/1.1 200 OK"
2026-09-04 14:12:25,440 [INFO] httpx: HTTP Request: GET https://commons.wikimedia.org/w/api.php?action=query&generator=geosearch&ggscoord=40.23888%7C-107.09333&ggsradius=3500&ggsnamespace=6&prop=imageinfo&iiprop=url%7Csize%7Cmime%7Cextmetadata&format=json "HTTP/1.1 200 OK"
2026-09-04 14:12:26,913 [INFO] httpx: HTTP Request: GET https://commons.wikimedia.org/w/api.php?action=query&generator=geosearch&ggscoord=38.86336%7C-107.11174&ggsradius=3500&ggsnamespace=6&prop=imageinfo&iiprop=url%7Csize%7Cmime%7Cextmetadata&format=json "HTTP/1.1 200 OK"
2026-09-04 14:12:28,585 [INFO] httpx: HTTP Request: GET https://commons.wikimedia.org/w/api.php?action=query&generator=geosearch&ggscoord=46.31052167%7C-111.8908&ggsradius=3500&ggsnamespace=6&prop=imageinfo&iiprop=url%7Csize%7Cmime%7Cextmetadata&format=json "HTTP/1.1 200 OK"
2026-09-04 14:12:29,880 [INFO] httpx: HTTP Request: GET https://commons.wikimedia.org/w/api.php?action=query&generator=geosearch&ggscoord=45.30941%7C-106.24939167&ggsradius=3500&ggsnamespace=6&prop=imageinfo&iiprop=url%7Csize%7Cmime%7Cextmetadata&format=json "HTTP/1.1 200 OK"
2026-09-04 14:12:31,892 [INFO] httpx: HTTP Request: GET https://commons.wikimedia.org/w/api.php?action=query&generator=geosearch&ggscoord=34.405575%7C-111.0075417&ggsradius=3500&ggsnamespace=6&prop=imageinfo&iiprop=url%7Csize%7Cmime%7Cextmetadata&format=json "HTTP/1.1 200 OK"
2026-09-04 14:12:33,207 [INFO] httpx: HTTP Request: GET https://commons.wikimedia.org/w/api.php?action=query&generator=geosearch&ggscoord=34.50939167%7C-110.8409389&ggsradius=3500&ggsnamespace=6&prop=imageinfo&iiprop=url%7Csize%7Cmime%7Cextmetadata&format=json "HTTP/1.1 200 OK"
2026-09-04 14:12:35,566 [INFO] httpx: HTTP Request: GET https://commons.wikimedia.org/w/api.php?action=query&generator=geosearch&ggscoord=36.79444444%7C-118.9552778&ggsradius=3500&ggsnamespace=6&prop=imageinfo&iiprop=url%7Csize%7Cmime%7Cextmetadata&format=json "HTTP/1.1 200 OK"
2026-09-04 14:12:37,353 [INFO] httpx: HTTP Request: GET https://commons.wikimedia.org/w/api.php?action=query&generator=geosearch&ggscoord=37.913812%7C-80.284088&ggsradius=3500&ggsnamespace=6&prop=imageinfo&iiprop=url%7Csize%7Cmime%7Cextmetadata&format=json "HTTP/1.1 200 OK"
2026-09-04 14:12:39,983 [INFO] httpx: HTTP Request: GET https://commons.wikimedia.org/w/api.php?action=query&generator=geosearch&ggscoord=38.529402%7C-79.690892&ggsradius=3500&ggsnamespace=6&prop=imageinfo&iiprop=url%7Csize%7Cmime%7Cextmetadata&format=json "HTTP/1.1 200 OK"
2026-09-04 14:12:41,872 [INFO] httpx: HTTP Request: GET https://commons.wikimedia.org/w/api.php?action=query&generator=geosearch&ggscoord=35.911%7C-118.487&ggsradius=3500&ggsnamespace=6&prop=imageinfo&iiprop=url%7Csize%7Cmime%7Cextmetadata&format=json "HTTP/1.1 200 OK"
2026-09-04 14:12:43,261 [INFO] httpx: HTTP Request: GET https://commons.wikimedia.org/w/api.php?action=query&generator=geosearch&ggscoord=34.76455%7C-106.3283&ggsradius=3500&ggsnamespace=6&prop=imageinfo&iiprop=url%7Csize%7Cmime%7Cextmetadata&format=json "HTTP/1.1 200 OK"
2026-09-04 14:12:45,188 [INFO] httpx: HTTP Request: GET https://commons.wikimedia.org/w/api.php?action=query&generator=geosearch&ggscoord=35.862%7C-118.448&ggsradius=3500&ggsnamespace=6&prop=imageinfo&iiprop=url%7Csize%7Cmime%7Cextmetadata&format=json "HTTP/1.1 200 OK"
2026-09-04 14:12:46,731 [INFO] httpx: HTTP Request: GET https://commons.wikimedia.org/w/api.php?action=query&generator=geosearch&ggscoord=35.879%7C-118.456&ggsradius=3500&ggsnamespace=6&prop=imageinfo&iiprop=url%7Csize%7Cmime%7Cextmetadata&format=json "HTTP/1.1 200 OK"
2026-09-04 14:12:48,343 [INFO] httpx: HTTP Request: GET https://commons.wikimedia.org/w/api.php?action=query&generator=geosearch&ggscoord=35.865%7C-118.447&ggsradius=3500&ggsnamespace=6&prop=imageinfo&iiprop=url%7Csize%7Cmime%7Cextmetadata&format=json "HTTP/1.1 200 OK"
2026-09-04 14:12:49,780 [INFO] httpx: HTTP Request: GET https://commons.wikimedia.org/w/api.php?action=query&generator=geosearch&ggscoord=45.34667%7C-111.15652333&ggsradius=3500&ggsnamespace=6&prop=imageinfo&iiprop=url%7Csize%7Cmime%7Cextmetadata&format=json "HTTP/1.1 200 OK"
2026-09-04 14:12:50,966 [INFO] httpx: HTTP Request: GET https://commons.wikimedia.org/w/api.php?action=query&generator=geosearch&ggscoord=43.8606987%7C-110.28370667&ggsradius=3500&ggsnamespace=6&prop=imageinfo&iiprop=url%7Csize%7Cmime%7Cextmetadata&format=json "HTTP/1.1 200 OK"
2026-09-04 14:12:52,948 [INFO] httpx: HTTP Request: GET https://commons.wikimedia.org/w/api.php?action=query&generator=geosearch&ggscoord=36.71166667%7C-118.8566667&ggsradius=3500&ggsnamespace=6&prop=imageinfo&iiprop=url%7Csize%7Cmime%7Cextmetadata&format=json "HTTP/1.1 200 OK"
2026-09-04 14:12:54,582 [INFO] httpx: HTTP Request: GET https://commons.wikimedia.org/w/api.php?action=query&generator=geosearch&ggscoord=48.24284308%7C-115.5514814&ggsradius=3500&ggsnamespace=6&prop=imageinfo&iiprop=url%7Csize%7Cmime%7Cextmetadata&format=json "HTTP/1.1 200 OK"
2026-09-04 14:12:56,453 [INFO] httpx: HTTP Request: GET https://commons.wikimedia.org/w/api.php?action=query&generator=geosearch&ggscoord=48.837745%7C-116.08887333&ggsradius=3500&ggsnamespace=6&prop=imageinfo&iiprop=url%7Csize%7Cmime%7Cextmetadata&format=json "HTTP/1.1 200 OK"
2026-09-04 14:12:57,806 [INFO] httpx: HTTP Request: GET https://commons.wikimedia.org/w/api.php?action=query&generator=geosearch&ggscoord=44.87611111%7C-121.9686111&ggsradius=3500&ggsnamespace=6&prop=imageinfo&iiprop=url%7Csize%7Cmime%7Cextmetadata&format=json "HTTP/1.1 200 OK"
2026-09-04 14:12:59,714 [INFO] httpx: HTTP Request: GET https://commons.wikimedia.org/w/api.php?action=query&generator=geosearch&ggscoord=48.27543%7C-92.5117014&ggsradius=3500&ggsnamespace=6&prop=imageinfo&iiprop=url%7Csize%7Cmime%7Cextmetadata&format=json "HTTP/1.1 200 OK"
2026-09-04 14:13:01,086 [INFO] httpx: HTTP Request: GET https://commons.wikimedia.org/w/api.php?action=query&generator=geosearch&ggscoord=48.6351%7C-116.5681&ggsradius=3500&ggsnamespace=6&prop=imageinfo&iiprop=url%7Csize%7Cmime%7Cextmetadata&format=json "HTTP/1.1 200 OK"
2026-09-04 14:13:02,481 [INFO] httpx: HTTP Request: GET https://commons.wikimedia.org/w/api.php?action=query&generator=geosearch&ggscoord=45.42229833%7C-111.92777&ggsradius=3500&ggsnamespace=6&prop=imageinfo&iiprop=url%7Csize%7Cmime%7Cextmetadata&format=json "HTTP/1.1 200 OK"
2026-09-04 14:13:04,236 [INFO] httpx: HTTP Request: GET https://commons.wikimedia.org/w/api.php?action=query&generator=geosearch&ggscoord=48.47722502%7C-115.2192637&ggsradius=3500&ggsnamespace=6&prop=imageinfo&iiprop=url%7Csize%7Cmime%7Cextmetadata&format=json "HTTP/1.1 200 OK"
2026-09-04 14:13:05,620 [INFO] httpx: HTTP Request: GET https://commons.wikimedia.org/w/api.php?action=query&generator=geosearch&ggscoord=47.746395%7C-116.09712333&ggsradius=3500&ggsnamespace=6&prop=imageinfo&iiprop=url%7Csize%7Cmime%7Cextmetadata&format=json "HTTP/1.1 200 OK"
2026-09-04 14:13:07,131 [INFO] httpx: HTTP Request: GET https://commons.wikimedia.org/w/api.php?action=query&generator=geosearch&ggscoord=44.83788667%7C-111.59300167&ggsradius=3500&ggsnamespace=6&prop=imageinfo&iiprop=url%7Csize%7Cmime%7Cextmetadata&format=json "HTTP/1.1 200 OK"
2026-09-04 14:13:08,590 [INFO] httpx: HTTP Request: GET https://commons.wikimedia.org/w/api.php?action=query&generator=geosearch&ggscoord=48.17255667%7C-113.75719833&ggsradius=3500&ggsnamespace=6&prop=imageinfo&iiprop=url%7Csize%7Cmime%7Cextmetadata&format=json "HTTP/1.1 200 OK"
2026-09-04 14:13:10,293 [INFO] httpx: HTTP Request: GET https://commons.wikimedia.org/w/api.php?action=query&generator=geosearch&ggscoord=44.11506827%7C-71.28159028&ggsradius=3500&ggsnamespace=6&prop=imageinfo&iiprop=url%7Csize%7Cmime%7Cextmetadata&format=json "HTTP/1.1 200 OK"
2026-09-04 14:13:12,102 [INFO] httpx: HTTP Request: GET https://commons.wikimedia.org/w/api.php?action=query&generator=geosearch&ggscoord=45.063625%7C-111.79201333&ggsradius=3500&ggsnamespace=6&prop=imageinfo&iiprop=url%7Csize%7Cmime%7Cextmetadata&format=json "HTTP/1.1 200 OK"
2026-09-04 14:13:13,912 [INFO] httpx: HTTP Request: GET https://commons.wikimedia.org/w/api.php?action=query&generator=geosearch&ggscoord=47.42715853%7C-116.0215868&ggsradius=3500&ggsnamespace=6&prop=imageinfo&iiprop=url%7Csize%7Cmime%7Cextmetadata&format=json "HTTP/1.1 200 OK"
2026-09-04 14:13:15,769 [INFO] httpx: HTTP Request: GET https://commons.wikimedia.org/w/api.php?action=query&generator=geosearch&ggscoord=46.349288%7C-122.083592&ggsradius=3500&ggsnamespace=6&prop=imageinfo&iiprop=url%7Csize%7Cmime%7Cextmetadata&format=json "HTTP/1.1 200 OK"
2026-09-04 14:13:17,147 [INFO] httpx: HTTP Request: GET https://commons.wikimedia.org/w/api.php?action=query&generator=geosearch&ggscoord=46.27506833%7C-112.973595&ggsradius=3500&ggsnamespace=6&prop=imageinfo&iiprop=url%7Csize%7Cmime%7Cextmetadata&format=json "HTTP/1.1 200 OK"
2026-09-04 14:13:18,503 [INFO] httpx: HTTP Request: GET https://commons.wikimedia.org/w/api.php?action=query&generator=geosearch&ggscoord=45.22429833%7C-106.16794333&ggsradius=3500&ggsnamespace=6&prop=imageinfo&iiprop=url%7Csize%7Cmime%7Cextmetadata&format=json "HTTP/1.1 200 OK"
2026-09-04 14:13:19,785 [INFO] httpx: HTTP Request: GET https://commons.wikimedia.org/w/api.php?action=query&generator=geosearch&ggscoord=46.15898055%7C-115.49531819&ggsradius=3500&ggsnamespace=6&prop=imageinfo&iiprop=url%7Csize%7Cmime%7Cextmetadata&format=json "HTTP/1.1 200 OK"
2026-09-04 14:13:21,373 [INFO] httpx: HTTP Request: GET https://commons.wikimedia.org/w/api.php?action=query&generator=geosearch&ggscoord=38.83831%7C-107.06072&ggsradius=3500&ggsnamespace=6&prop=imageinfo&iiprop=url%7Csize%7Cmime%7Cextmetadata&format=json "HTTP/1.1 200 OK"
2026-09-04 14:13:22,798 [INFO] httpx: HTTP Request: GET https://commons.wikimedia.org/w/api.php?action=query&generator=geosearch&ggscoord=38.83754%7C-107.06095&ggsradius=3500&ggsnamespace=6&prop=imageinfo&iiprop=url%7Csize%7Cmime%7Cextmetadata&format=json "HTTP/1.1 200 OK"
2026-09-04 14:13:24,237 [INFO] httpx: HTTP Request: GET https://commons.wikimedia.org/w/api.php?action=query&generator=geosearch&ggscoord=48.24025089%7C-116.1118234&ggsradius=3500&ggsnamespace=6&prop=imageinfo&iiprop=url%7Csize%7Cmime%7Cextmetadata&format=json "HTTP/1.1 200 OK"
2026-09-04 14:13:25,968 [INFO] httpx: HTTP Request: GET https://commons.wikimedia.org/w/api.php?action=query&generator=geosearch&ggscoord=39.45757966%7C-120.6005971&ggsradius=3500&ggsnamespace=6&prop=imageinfo&iiprop=url%7Csize%7Cmime%7Cextmetadata&format=json "HTTP/1.1 200 OK"
2026-09-04 14:13:27,826 [INFO] httpx: HTTP Request: GET https://commons.wikimedia.org/w/api.php?action=query&generator=geosearch&ggscoord=46.44814135%7C-115.6398476&ggsradius=3500&ggsnamespace=6&prop=imageinfo&iiprop=url%7Csize%7Cmime%7Cextmetadata&format=json "HTTP/1.1 200 OK"
2026-09-04 14:13:29,926 [INFO] httpx: HTTP Request: GET https://commons.wikimedia.org/w/api.php?action=query&generator=geosearch&ggscoord=47.37611571%7C-91.18263746&ggsradius=3500&ggsnamespace=6&prop=imageinfo&iiprop=url%7Csize%7Cmime%7Cextmetadata&format=json "HTTP/1.1 200 OK"
2026-09-04 14:13:32,248 [INFO] httpx: HTTP Request: GET https://commons.wikimedia.org/w/api.php?action=query&generator=geosearch&ggscoord=41.66035615%7C-123.3199332&ggsradius=3500&ggsnamespace=6&prop=imageinfo&iiprop=url%7Csize%7Cmime%7Cextmetadata&format=json "HTTP/1.1 200 OK"
2026-09-04 14:13:34,000 [INFO] httpx: HTTP Request: GET https://commons.wikimedia.org/w/api.php?action=query&generator=geosearch&ggscoord=47.49417304%7C-113.6195572&ggsradius=3500&ggsnamespace=6&prop=imageinfo&iiprop=url%7Csize%7Cmime%7Cextmetadata&format=json "HTTP/1.1 200 OK"
2026-09-04 14:13:35,507 [INFO] httpx: HTTP Request: GET https://commons.wikimedia.org/w/api.php?action=query&generator=geosearch&ggscoord=47.49453167%7C-113.61945333&ggsradius=3500&ggsnamespace=6&prop=imageinfo&iiprop=url%7Csize%7Cmime%7Cextmetadata&format=json "HTTP/1.1 200 OK"
2026-09-04 14:13:37,491 [INFO] httpx: HTTP Request: GET https://commons.wikimedia.org/w/api.php?action=query&generator=geosearch&ggscoord=44.49843104%7C-120.4827545&ggsradius=3500&ggsnamespace=6&prop=imageinfo&iiprop=url%7Csize%7Cmime%7Cextmetadata&format=json "HTTP/1.1 200 OK"
2026-09-04 14:13:39,266 [INFO] httpx: HTTP Request: GET https://commons.wikimedia.org/w/api.php?action=query&generator=geosearch&ggscoord=47.38469722%7C-113.7847031&ggsradius=3500&ggsnamespace=6&prop=imageinfo&iiprop=url%7Csize%7Cmime%7Cextmetadata&format=json "HTTP/1.1 200 OK"
2026-09-04 14:13:40,805 [INFO] httpx: HTTP Request: GET https://commons.wikimedia.org/w/api.php?action=query&generator=geosearch&ggscoord=45.01786833%7C-111.85430333&ggsradius=3500&ggsnamespace=6&prop=imageinfo&iiprop=url%7Csize%7Cmime%7Cextmetadata&format=json "HTTP/1.1 200 OK"
2026-09-04 14:13:42,139 [INFO] httpx: HTTP Request: GET https://commons.wikimedia.org/w/api.php?action=query&generator=geosearch&ggscoord=45.01755667%7C-111.854545&ggsradius=3500&ggsnamespace=6&prop=imageinfo&iiprop=url%7Csize%7Cmime%7Cextmetadata&format=json "HTTP/1.1 200 OK"
2026-09-04 14:13:43,424 [INFO] httpx: HTTP Request: GET https://commons.wikimedia.org/w/api.php?action=query&generator=geosearch&ggscoord=45.56769402%7C-109.8166968&ggsradius=3500&ggsnamespace=6&prop=imageinfo&iiprop=url%7Csize%7Cmime%7Cextmetadata&format=json "HTTP/1.1 200 OK"
2026-09-04 14:13:45,496 [INFO] httpx: HTTP Request: GET https://commons.wikimedia.org/w/api.php?action=query&generator=geosearch&ggscoord=46.29239988%7C-115.7234526&ggsradius=3500&ggsnamespace=6&prop=imageinfo&iiprop=url%7Csize%7Cmime%7Cextmetadata&format=json "HTTP/1.1 200 OK"
2026-09-04 14:13:47,980 [INFO] httpx: HTTP Request: GET https://commons.wikimedia.org/w/api.php?action=query&generator=geosearch&ggscoord=47.19777778%7C-103.3033333&ggsradius=3500&ggsnamespace=6&prop=imageinfo&iiprop=url%7Csize%7Cmime%7Cextmetadata&format=json "HTTP/1.1 200 OK"
2026-09-04 14:13:49,585 [INFO] httpx: HTTP Request: GET https://commons.wikimedia.org/w/api.php?action=query&generator=geosearch&ggscoord=47.10407547%7C-113.11391561&ggsradius=3500&ggsnamespace=6&prop=imageinfo&iiprop=url%7Csize%7Cmime%7Cextmetadata&format=json "HTTP/1.1 200 OK"
2026-09-04 14:13:51,068 [INFO] httpx: HTTP Request: GET https://commons.wikimedia.org/w/api.php?action=query&generator=geosearch&ggscoord=47.10408093%7C-113.11387567&ggsradius=3500&ggsnamespace=6&prop=imageinfo&iiprop=url%7Csize%7Cmime%7Cextmetadata&format=json "HTTP/1.1 200 OK"
2026-09-04 14:13:52,826 [INFO] httpx: HTTP Request: GET https://commons.wikimedia.org/w/api.php?action=query&generator=geosearch&ggscoord=43.52312228%7C-110.59166713&ggsradius=3500&ggsnamespace=6&prop=imageinfo&iiprop=url%7Csize%7Cmime%7Cextmetadata&format=json "HTTP/1.1 200 OK"
2026-09-04 14:13:54,251 [INFO] httpx: HTTP Request: GET https://commons.wikimedia.org/w/api.php?action=query&generator=geosearch&ggscoord=45.210615%7C-111.04461167&ggsradius=3500&ggsnamespace=6&prop=imageinfo&iiprop=url%7Csize%7Cmime%7Cextmetadata&format=json "HTTP/1.1 200 OK"
2026-09-04 14:13:55,774 [INFO] httpx: HTTP Request: GET https://commons.wikimedia.org/w/api.php?action=query&generator=geosearch&ggscoord=46.81546362%7C-115.06299608&ggsradius=3500&ggsnamespace=6&prop=imageinfo&iiprop=url%7Csize%7Cmime%7Cextmetadata&format=json "HTTP/1.1 200 OK"
2026-09-04 14:13:57,259 [INFO] httpx: HTTP Request: GET https://commons.wikimedia.org/w/api.php?action=query&generator=geosearch&ggscoord=43.84712219%7C-110.39652252&ggsradius=3500&ggsnamespace=6&prop=imageinfo&iiprop=url%7Csize%7Cmime%7Cextmetadata&format=json "HTTP/1.1 200 OK"
2026-09-04 14:13:58,839 [INFO] httpx: HTTP Request: GET https://commons.wikimedia.org/w/api.php?action=query&generator=geosearch&ggscoord=45.2919%7C-111.13850833&ggsradius=3500&ggsnamespace=6&prop=imageinfo&iiprop=url%7Csize%7Cmime%7Cextmetadata&format=json "HTTP/1.1 200 OK"
2026-09-04 14:14:01,383 [INFO] httpx: HTTP Request: GET https://commons.wikimedia.org/w/api.php?action=query&generator=geosearch&ggscoord=46.483755%7C-112.21639333&ggsradius=3500&ggsnamespace=6&prop=imageinfo&iiprop=url%7Csize%7Cmime%7Cextmetadata&format=json "HTTP/1.1 200 OK"
2026-09-04 14:14:04,115 [INFO] httpx: HTTP Request: GET https://commons.wikimedia.org/w/api.php?action=query&generator=geosearch&ggscoord=45.29672833%7C-106.20144&ggsradius=3500&ggsnamespace=6&prop=imageinfo&iiprop=url%7Csize%7Cmime%7Cextmetadata&format=json "HTTP/1.1 200 OK"
2026-09-04 14:14:05,888 [INFO] httpx: HTTP Request: GET https://commons.wikimedia.org/w/api.php?action=query&generator=geosearch&ggscoord=43.70507747%7C-110.62168071&ggsradius=3500&ggsnamespace=6&prop=imageinfo&iiprop=url%7Csize%7Cmime%7Cextmetadata&format=json "HTTP/1.1 200 OK"
2026-09-04 14:14:07,437 [INFO] httpx: HTTP Request: GET https://commons.wikimedia.org/w/api.php?action=query&generator=geosearch&ggscoord=45.14000333%7C-111.23714&ggsradius=3500&ggsnamespace=6&prop=imageinfo&iiprop=url%7Csize%7Cmime%7Cextmetadata&format=json "HTTP/1.1 200 OK"
2026-09-04 14:14:08,917 [INFO] httpx: HTTP Request: GET https://commons.wikimedia.org/w/api.php?action=query&generator=geosearch&ggscoord=46.41028333%7C-113.15364&ggsradius=3500&ggsnamespace=6&prop=imageinfo&iiprop=url%7Csize%7Cmime%7Cextmetadata&format=json "HTTP/1.1 200 OK"
2026-09-04 14:14:10,550 [INFO] httpx: HTTP Request: GET https://commons.wikimedia.org/w/api.php?action=query&generator=geosearch&ggscoord=46.66237167%7C-110.50068833&ggsradius=3500&ggsnamespace=6&prop=imageinfo&iiprop=url%7Csize%7Cmime%7Cextmetadata&format=json "HTTP/1.1 200 OK"
2026-09-04 14:14:11,963 [INFO] httpx: HTTP Request: GET https://commons.wikimedia.org/w/api.php?action=query&generator=geosearch&ggscoord=43.186864%7C-122.699&ggsradius=3500&ggsnamespace=6&prop=imageinfo&iiprop=url%7Csize%7Cmime%7Cextmetadata&format=json "HTTP/1.1 200 OK"
2026-09-04 14:14:13,598 [INFO] httpx: HTTP Request: GET https://commons.wikimedia.org/w/api.php?action=query&generator=geosearch&ggscoord=46.2441494%7C-112.2947032&ggsradius=3500&ggsnamespace=6&prop=imageinfo&iiprop=url%7Csize%7Cmime%7Cextmetadata&format=json "HTTP/1.1 200 OK"
2026-09-04 14:14:15,206 [INFO] httpx: HTTP Request: GET https://commons.wikimedia.org/w/api.php?action=query&generator=geosearch&ggscoord=47.91745322%7C-116.5402713&ggsradius=3500&ggsnamespace=6&prop=imageinfo&iiprop=url%7Csize%7Cmime%7Cextmetadata&format=json "HTTP/1.1 200 OK"
2026-09-04 14:14:17,111 [INFO] httpx: HTTP Request: GET https://commons.wikimedia.org/w/api.php?action=query&generator=geosearch&ggscoord=46.10370216%7C-115.71021916&ggsradius=3500&ggsnamespace=6&prop=imageinfo&iiprop=url%7Csize%7Cmime%7Cextmetadata&format=json "HTTP/1.1 200 OK"
2026-09-04 14:14:18,727 [INFO] httpx: HTTP Request: GET https://commons.wikimedia.org/w/api.php?action=query&generator=geosearch&ggscoord=46.72440833%7C-110.89131&ggsradius=3500&ggsnamespace=6&prop=imageinfo&iiprop=url%7Csize%7Cmime%7Cextmetadata&format=json "HTTP/1.1 200 OK"
2026-09-04 14:14:20,783 [INFO] httpx: HTTP Request: GET https://commons.wikimedia.org/w/api.php?action=query&generator=geosearch&ggscoord=43.423933%7C-115.13217&ggsradius=3500&ggsnamespace=6&prop=imageinfo&iiprop=url%7Csize%7Cmime%7Cextmetadata&format=json "HTTP/1.1 200 OK"
2026-09-04 14:14:22,612 [INFO] httpx: HTTP Request: GET https://commons.wikimedia.org/w/api.php?action=query&generator=geosearch&ggscoord=38.93214%7C-107.05102&ggsradius=3500&ggsnamespace=6&prop=imageinfo&iiprop=url%7Csize%7Cmime%7Cextmetadata&format=json "HTTP/1.1 200 OK"
2026-09-04 14:14:28,239 [INFO] pipeline: ============================================================
2026-09-04 14:14:28,239 [INFO] pipeline: 🏕️  US Free Camping Data Pipeline
2026-09-04 14:14:28,239 [INFO] pipeline: ============================================================
2026-09-04 14:14:28,239 [INFO] pipeline: Processing all states
2026-09-04 14:14:28,240 [INFO] pipeline: Enabled sources: usfs, blm
2026-09-04 14:14:28,240 [INFO] pipeline: 
2026-09-04 14:14:28,240 [INFO] pipeline: STEP 1: Collecting from data sources...
2026-09-04 14:14:28,241 [INFO] pipeline: ============================================================
2026-09-04 14:14:28,241 [INFO] pipeline: Running USFS collector...
2026-09-04 14:14:28,290 [INFO] pipeline.collectors.usfs_collector: Loading existing USFS raw dataset from /Users/aziz/Documents/antigravity/happy-meitner/pipeline/data/raw/usfs_camping.json
2026-09-04 14:14:28,711 [INFO] pipeline: USFS collected: 12383 records
2026-09-04 14:14:28,712 [INFO] pipeline: ============================================================
2026-09-04 14:14:28,712 [INFO] pipeline: Running BLM collector...
2026-09-04 14:14:28,719 [INFO] pipeline.collectors.blm_collector: Loading existing BLM raw dataset from /Users/aziz/Documents/antigravity/happy-meitner/pipeline/data/raw/blm_camping.json
2026-09-04 14:14:28,725 [INFO] pipeline: BLM collected: 731 records
2026-09-04 14:14:28,726 [INFO] pipeline: 
Total raw records collected: 13114
2026-09-04 14:14:28,726 [INFO] pipeline:   usfs: 12383
2026-09-04 14:14:28,726 [INFO] pipeline:   blm: 731
2026-09-04 14:14:28,726 [INFO] pipeline: 
2026-09-04 14:14:28,726 [INFO] pipeline: STEP 2: Normalizing records to unified schema...
2026-09-04 14:14:28,856 [INFO] pipeline.processors.normalizer: Normalized 12383/12383 usfs records (0 failed)
2026-09-04 14:14:28,859 [INFO] pipeline.processors.normalizer: Normalized 731/731 blm records (0 failed)
2026-09-04 14:14:28,860 [INFO] pipeline: Total normalized spots: 13114
2026-09-04 14:14:28,860 [INFO] pipeline: 
2026-09-04 14:14:28,860 [INFO] pipeline: STEP 3: Deduplicating...
2026-09-04 14:14:28,860 [INFO] pipeline.processors.deduplicator: Deduplicating 13114 spots (distance=100.0m, name_threshold=80.0)
2026-09-04 14:14:28,959 [INFO] pipeline.processors.deduplicator: Found 9552 geographic clusters (7961 unique, 1591 multi-source)
2026-09-04 14:14:28,967 [INFO] pipeline.processors.deduplicator: Deduplication complete: 13114 → 9777 spots (3337 removed)
2026-09-04 14:14:28,967 [INFO] pipeline.processors.deduplicator: Merged 1366 clusters:
2026-09-04 14:14:28,968 [INFO] pipeline: After deduplication: 9777 unique spots
2026-09-04 14:14:28,968 [INFO] pipeline: 
2026-09-04 14:14:28,968 [INFO] pipeline: STEP 4: Processing images...
2026-09-04 14:14:28,968 [INFO] pipeline.processors.image_handler: Processing images across 9777 spots (enrich_wikimedia=True, download=True)
2026-09-04 14:14:28,968 [INFO] pipeline.processors.image_handler: Concurrently querying Wikimedia Commons for 350 spots...
2026-09-04 14:14:30,746 [INFO] httpx: HTTP Request: GET https://commons.wikimedia.org/w/api.php?action=query&generator=geosearch&ggscoord=46.25975951%7C-111.879453&ggsradius=3500&ggsnamespace=6&prop=imageinfo&iiprop=url%7Csize%7Cmime%7Cextmetadata&format=json "HTTP/1.1 200 OK"
2026-09-04 14:14:30,748 [INFO] httpx: HTTP Request: GET https://commons.wikimedia.org/w/api.php?action=query&generator=geosearch&ggscoord=45.348015%7C-111.14916&ggsradius=3500&ggsnamespace=6&prop=imageinfo&iiprop=url%7Csize%7Cmime%7Cextmetadata&format=json "HTTP/1.1 200 OK"
2026-09-04 14:14:30,749 [INFO] httpx: HTTP Request: GET https://commons.wikimedia.org/w/api.php?action=query&generator=geosearch&ggscoord=48.634758%7C-116.588053&ggsradius=3500&ggsnamespace=6&prop=imageinfo&iiprop=url%7Csize%7Cmime%7Cextmetadata&format=json "HTTP/1.1 200 OK"
2026-09-04 14:14:30,751 [INFO] httpx: HTTP Request: GET https://commons.wikimedia.org/w/api.php?action=query&generator=geosearch&ggscoord=39.5658%7C-120.0564&ggsradius=3500&ggsnamespace=6&prop=imageinfo&iiprop=url%7Csize%7Cmime%7Cextmetadata&format=json "HTTP/1.1 200 OK"
2026-09-04 14:14:30,752 [INFO] httpx: HTTP Request: GET https://commons.wikimedia.org/w/api.php?action=query&generator=geosearch&ggscoord=47.64414423%7C-91.13585222&ggsradius=3500&ggsnamespace=6&prop=imageinfo&iiprop=url%7Csize%7Cmime%7Cextmetadata&format=json "HTTP/1.1 200 OK"
2026-09-04 14:14:30,754 [INFO] httpx: HTTP Request: GET https://commons.wikimedia.org/w/api.php?action=query&generator=geosearch&ggscoord=46.2597622%7C-111.8794509&ggsradius=3500&ggsnamespace=6&prop=imageinfo&iiprop=url%7Csize%7Cmime%7Cextmetadata&format=json "HTTP/1.1 200 OK"
2026-09-04 14:14:30,755 [INFO] httpx: HTTP Request: GET https://commons.wikimedia.org/w/api.php?action=query&generator=geosearch&ggscoord=46.69699578%7C-115.63671059&ggsradius=3500&ggsnamespace=6&prop=imageinfo&iiprop=url%7Csize%7Cmime%7Cextmetadata&format=json "HTTP/1.1 200 OK"
2026-09-04 14:14:30,776 [INFO] httpx: HTTP Request: GET https://commons.wikimedia.org/w/api.php?action=query&generator=geosearch&ggscoord=47.31411%7C-93.38383&ggsradius=3500&ggsnamespace=6&prop=imageinfo&iiprop=url%7Csize%7Cmime%7Cextmetadata&format=json "HTTP/1.1 200 OK"
2026-09-04 14:14:32,129 [INFO] httpx: HTTP Request: GET https://commons.wikimedia.org/w/api.php?action=query&generator=geosearch&ggscoord=45.746255%7C-110.730355&ggsradius=3500&ggsnamespace=6&prop=imageinfo&iiprop=url%7Csize%7Cmime%7Cextmetadata&format=json "HTTP/1.1 200 OK"
2026-09-04 14:14:32,173 [INFO] httpx: HTTP Request: GET https://commons.wikimedia.org/w/api.php?action=query&generator=geosearch&ggscoord=48.63486723%7C-118.4520369&ggsradius=3500&ggsnamespace=6&prop=imageinfo&iiprop=url%7Csize%7Cmime%7Cextmetadata&format=json "HTTP/1.1 200 OK"
2026-09-04 14:14:32,214 [INFO] httpx: HTTP Request: GET https://commons.wikimedia.org/w/api.php?action=query&generator=geosearch&ggscoord=46.250405%7C-112.59539167&ggsradius=3500&ggsnamespace=6&prop=imageinfo&iiprop=url%7Csize%7Cmime%7Cextmetadata&format=json "HTTP/1.1 200 OK"
2026-09-04 14:14:32,318 [INFO] httpx: HTTP Request: GET https://commons.wikimedia.org/w/api.php?action=query&generator=geosearch&ggscoord=45.2579%7C-121.5652&ggsradius=3500&ggsnamespace=6&prop=imageinfo&iiprop=url%7Csize%7Cmime%7Cextmetadata&format=json "HTTP/1.1 200 OK"
2026-09-04 14:14:32,320 [INFO] httpx: HTTP Request: GET https://commons.wikimedia.org/w/api.php?action=query&generator=geosearch&ggscoord=46.25782719%7C-112.4985824&ggsradius=3500&ggsnamespace=6&prop=imageinfo&iiprop=url%7Csize%7Cmime%7Cextmetadata&format=json "HTTP/1.1 200 OK"
2026-09-04 14:14:32,346 [INFO] httpx: HTTP Request: GET https://commons.wikimedia.org/w/api.php?action=query&generator=geosearch&ggscoord=45.12666167%7C-111.05439167&ggsradius=3500&ggsnamespace=6&prop=imageinfo&iiprop=url%7Csize%7Cmime%7Cextmetadata&format=json "HTTP/1.1 200 OK"
2026-09-04 14:14:32,447 [INFO] httpx: HTTP Request: GET https://commons.wikimedia.org/w/api.php?action=query&generator=geosearch&ggscoord=47.59124%7C-116.65246&ggsradius=3500&ggsnamespace=6&prop=imageinfo&iiprop=url%7Csize%7Cmime%7Cextmetadata&format=json "HTTP/1.1 200 OK"
2026-09-04 14:14:32,508 [INFO] httpx: HTTP Request: GET https://commons.wikimedia.org/w/api.php?action=query&generator=geosearch&ggscoord=38.86043%7C-107.10809&ggsradius=3500&ggsnamespace=6&prop=imageinfo&iiprop=url%7Csize%7Cmime%7Cextmetadata&format=json "HTTP/1.1 200 OK"
2026-09-04 14:14:33,367 [INFO] httpx: HTTP Request: GET https://commons.wikimedia.org/w/api.php?action=query&generator=geosearch&ggscoord=45.10108833%7C-110.582345&ggsradius=3500&ggsnamespace=6&prop=imageinfo&iiprop=url%7Csize%7Cmime%7Cextmetadata&format=json "HTTP/1.1 200 OK"
2026-09-04 14:14:33,893 [INFO] httpx: HTTP Request: GET https://commons.wikimedia.org/w/api.php?action=query&generator=geosearch&ggscoord=38.8472%7C-106.8193&ggsradius=3500&ggsnamespace=6&prop=imageinfo&iiprop=url%7Csize%7Cmime%7Cextmetadata&format=json "HTTP/1.1 200 OK"
2026-09-04 14:14:33,895 [INFO] httpx: HTTP Request: GET https://commons.wikimedia.org/w/api.php?action=query&generator=geosearch&ggscoord=46.00964333%7C-113.84848833&ggsradius=3500&ggsnamespace=6&prop=imageinfo&iiprop=url%7Csize%7Cmime%7Cextmetadata&format=json "HTTP/1.1 200 OK"
2026-09-04 14:14:33,897 [INFO] httpx: HTTP Request: GET https://commons.wikimedia.org/w/api.php?action=query&generator=geosearch&ggscoord=46.77289%7C-110.302515&ggsradius=3500&ggsnamespace=6&prop=imageinfo&iiprop=url%7Csize%7Cmime%7Cextmetadata&format=json "HTTP/1.1 200 OK"
2026-09-04 14:14:33,900 [INFO] httpx: HTTP Request: GET https://commons.wikimedia.org/w/api.php?action=query&generator=geosearch&ggscoord=47.96625%7C-116.024435&ggsradius=3500&ggsnamespace=6&prop=imageinfo&iiprop=url%7Csize%7Cmime%7Cextmetadata&format=json "HTTP/1.1 200 OK"
2026-09-04 14:14:33,902 [INFO] httpx: HTTP Request: GET https://commons.wikimedia.org/w/api.php?action=query&generator=geosearch&ggscoord=45.06166333%7C-109.94152667&ggsradius=3500&ggsnamespace=6&prop=imageinfo&iiprop=url%7Csize%7Cmime%7Cextmetadata&format=json "HTTP/1.1 200 OK"
2026-09-04 14:14:33,906 [INFO] httpx: HTTP Request: GET https://commons.wikimedia.org/w/api.php?action=query&generator=geosearch&ggscoord=38.8467%7C-106.8196&ggsradius=3500&ggsnamespace=6&prop=imageinfo&iiprop=url%7Csize%7Cmime%7Cextmetadata&format=json "HTTP/1.1 200 OK"
2026-09-04 14:14:33,908 [INFO] httpx: HTTP Request: GET https://commons.wikimedia.org/w/api.php?action=query&generator=geosearch&ggscoord=43.85595295%7C-110.30984505&ggsradius=3500&ggsnamespace=6&prop=imageinfo&iiprop=url%7Csize%7Cmime%7Cextmetadata&format=json "HTTP/1.1 200 OK"
2026-09-04 14:14:34,968 [INFO] httpx: HTTP Request: GET https://commons.wikimedia.org/w/api.php?action=query&generator=geosearch&ggscoord=48.792005%7C-116.620701&ggsradius=3500&ggsnamespace=6&prop=imageinfo&iiprop=url%7Csize%7Cmime%7Cextmetadata&format=json "HTTP/1.1 200 OK"
2026-09-04 14:14:35,200 [INFO] httpx: HTTP Request: GET https://commons.wikimedia.org/w/api.php?action=query&generator=geosearch&ggscoord=45.8758784%7C-114.94990261&ggsradius=3500&ggsnamespace=6&prop=imageinfo&iiprop=url%7Csize%7Cmime%7Cextmetadata&format=json "HTTP/1.1 200 OK"
2026-09-04 14:14:35,256 [INFO] httpx: HTTP Request: GET https://commons.wikimedia.org/w/api.php?action=query&generator=geosearch&ggscoord=47.53008333%7C-116.622015&ggsradius=3500&ggsnamespace=6&prop=imageinfo&iiprop=url%7Csize%7Cmime%7Cextmetadata&format=json "HTTP/1.1 200 OK"
2026-09-04 14:14:35,469 [INFO] httpx: HTTP Request: GET https://commons.wikimedia.org/w/api.php?action=query&generator=geosearch&ggscoord=46.46491344%7C-112.42165097&ggsradius=3500&ggsnamespace=6&prop=imageinfo&iiprop=url%7Csize%7Cmime%7Cextmetadata&format=json "HTTP/1.1 200 OK"
2026-09-04 14:14:35,539 [INFO] httpx: HTTP Request: GET https://commons.wikimedia.org/w/api.php?action=query&generator=geosearch&ggscoord=47.90795927%7C-92.30155494&ggsradius=3500&ggsnamespace=6&prop=imageinfo&iiprop=url%7Csize%7Cmime%7Cextmetadata&format=json "HTTP/1.1 200 OK"
2026-09-04 14:14:35,541 [INFO] httpx: HTTP Request: GET https://commons.wikimedia.org/w/api.php?action=query&generator=geosearch&ggscoord=46.00046%7C-110.43278167&ggsradius=3500&ggsnamespace=6&prop=imageinfo&iiprop=url%7Csize%7Cmime%7Cextmetadata&format=json "HTTP/1.1 200 OK"
2026-09-04 14:14:35,610 [INFO] httpx: HTTP Request: GET https://commons.wikimedia.org/w/api.php?action=query&generator=geosearch&ggscoord=47.47912742%7C-91.12869426&ggsradius=3500&ggsnamespace=6&prop=imageinfo&iiprop=url%7Csize%7Cmime%7Cextmetadata&format=json "HTTP/1.1 200 OK"
2026-09-04 14:14:35,628 [INFO] httpx: HTTP Request: GET https://commons.wikimedia.org/w/api.php?action=query&generator=geosearch&ggscoord=48.82051167%7C-116.12516333&ggsradius=3500&ggsnamespace=6&prop=imageinfo&iiprop=url%7Csize%7Cmime%7Cextmetadata&format=json "HTTP/1.1 200 OK"
2026-09-04 14:14:36,529 [INFO] httpx: HTTP Request: GET https://commons.wikimedia.org/w/api.php?action=query&generator=geosearch&ggscoord=48.76435333%7C-116.131635&ggsradius=3500&ggsnamespace=6&prop=imageinfo&iiprop=url%7Csize%7Cmime%7Cextmetadata&format=json "HTTP/1.1 200 OK"
2026-09-04 14:14:36,626 [INFO] httpx: HTTP Request: GET https://commons.wikimedia.org/w/api.php?action=query&generator=geosearch&ggscoord=47.65383667%7C-116.3994833&ggsradius=3500&ggsnamespace=6&prop=imageinfo&iiprop=url%7Csize%7Cmime%7Cextmetadata&format=json "HTTP/1.1 200 OK"
2026-09-04 14:14:36,745 [INFO] httpx: HTTP Request: GET https://commons.wikimedia.org/w/api.php?action=query&generator=geosearch&ggscoord=46.14209331%7C-110.4303607&ggsradius=3500&ggsnamespace=6&prop=imageinfo&iiprop=url%7Csize%7Cmime%7Cextmetadata&format=json "HTTP/1.1 200 OK"
2026-09-04 14:14:36,809 [INFO] httpx: HTTP Request: GET https://commons.wikimedia.org/w/api.php?action=query&generator=geosearch&ggscoord=39.2229%7C-117.1432&ggsradius=3500&ggsnamespace=6&prop=imageinfo&iiprop=url%7Csize%7Cmime%7Cextmetadata&format=json "HTTP/1.1 200 OK"
2026-09-04 14:14:36,844 [INFO] httpx: HTTP Request: GET https://commons.wikimedia.org/w/api.php?action=query&generator=geosearch&ggscoord=32.91853333%7C-107.70108032&ggsradius=3500&ggsnamespace=6&prop=imageinfo&iiprop=url%7Csize%7Cmime%7Cextmetadata&format=json "HTTP/1.1 200 OK"
2026-09-04 14:14:36,851 [INFO] httpx: HTTP Request: GET https://commons.wikimedia.org/w/api.php?action=query&generator=geosearch&ggscoord=48.36995067%7C-116.1694045&ggsradius=3500&ggsnamespace=6&prop=imageinfo&iiprop=url%7Csize%7Cmime%7Cextmetadata&format=json "HTTP/1.1 200 OK"
2026-09-04 14:14:37,039 [INFO] httpx: HTTP Request: GET https://commons.wikimedia.org/w/api.php?action=query&generator=geosearch&ggscoord=48.65117%7C-116.54906167&ggsradius=3500&ggsnamespace=6&prop=imageinfo&iiprop=url%7Csize%7Cmime%7Cextmetadata&format=json "HTTP/1.1 200 OK"
2026-09-04 14:14:37,048 [INFO] httpx: HTTP Request: GET https://commons.wikimedia.org/w/api.php?action=query&generator=geosearch&ggscoord=45.07248833%7C-109.90568667&ggsradius=3500&ggsnamespace=6&prop=imageinfo&iiprop=url%7Csize%7Cmime%7Cextmetadata&format=json "HTTP/1.1 200 OK"
2026-09-04 14:14:37,934 [INFO] httpx: HTTP Request: GET https://commons.wikimedia.org/w/api.php?action=query&generator=geosearch&ggscoord=45.49085167%7C-111.13636833&ggsradius=3500&ggsnamespace=6&prop=imageinfo&iiprop=url%7Csize%7Cmime%7Cextmetadata&format=json "HTTP/1.1 200 OK"
2026-09-04 14:14:37,989 [INFO] httpx: HTTP Request: GET https://commons.wikimedia.org/w/api.php?action=query&generator=geosearch&ggscoord=45.45501333%7C-111.85458833&ggsradius=3500&ggsnamespace=6&prop=imageinfo&iiprop=url%7Csize%7Cmime%7Cextmetadata&format=json "HTTP/1.1 200 OK"
2026-09-04 14:14:38,085 [INFO] httpx: HTTP Request: GET https://commons.wikimedia.org/w/api.php?action=query&generator=geosearch&ggscoord=48.14159932%7C-113.8237782&ggsradius=3500&ggsnamespace=6&prop=imageinfo&iiprop=url%7Csize%7Cmime%7Cextmetadata&format=json "HTTP/1.1 200 OK"
2026-09-04 14:14:38,087 [INFO] httpx: HTTP Request: GET https://commons.wikimedia.org/w/api.php?action=query&generator=geosearch&ggscoord=38.88128%7C-107.10987&ggsradius=3500&ggsnamespace=6&prop=imageinfo&iiprop=url%7Csize%7Cmime%7Cextmetadata&format=json "HTTP/1.1 200 OK"
2026-09-04 14:14:38,197 [INFO] httpx: HTTP Request: GET https://commons.wikimedia.org/w/api.php?action=query&generator=geosearch&ggscoord=45.68000667%7C-110.00243&ggsradius=3500&ggsnamespace=6&prop=imageinfo&iiprop=url%7Csize%7Cmime%7Cextmetadata&format=json "HTTP/1.1 200 OK"
2026-09-04 14:14:38,256 [INFO] httpx: HTTP Request: GET https://commons.wikimedia.org/w/api.php?action=query&generator=geosearch&ggscoord=45.85857194%7C-112.7379892&ggsradius=3500&ggsnamespace=6&prop=imageinfo&iiprop=url%7Csize%7Cmime%7Cextmetadata&format=json "HTTP/1.1 200 OK"
2026-09-04 14:14:38,266 [INFO] httpx: HTTP Request: GET https://commons.wikimedia.org/w/api.php?action=query&generator=geosearch&ggscoord=45.148315%7C-111.81086833&ggsradius=3500&ggsnamespace=6&prop=imageinfo&iiprop=url%7Csize%7Cmime%7Cextmetadata&format=json "HTTP/1.1 200 OK"
2026-09-04 14:14:38,383 [INFO] httpx: HTTP Request: GET https://commons.wikimedia.org/w/api.php?action=query&generator=geosearch&ggscoord=45.40729891%7C-113.66064222&ggsradius=3500&ggsnamespace=6&prop=imageinfo&iiprop=url%7Csize%7Cmime%7Cextmetadata&format=json "HTTP/1.1 200 OK"
2026-09-04 14:14:39,216 [INFO] httpx: HTTP Request: GET https://commons.wikimedia.org/w/api.php?action=query&generator=geosearch&ggscoord=47.56842032%7C-113.7828474&ggsradius=3500&ggsnamespace=6&prop=imageinfo&iiprop=url%7Csize%7Cmime%7Cextmetadata&format=json "HTTP/1.1 200 OK"
2026-09-04 14:14:39,470 [INFO] httpx: HTTP Request: GET https://commons.wikimedia.org/w/api.php?action=query&generator=geosearch&ggscoord=35.52336111%7C-92.94380555&ggsradius=3500&ggsnamespace=6&prop=imageinfo&iiprop=url%7Csize%7Cmime%7Cextmetadata&format=json "HTTP/1.1 200 OK"
2026-09-04 14:14:39,489 [INFO] httpx: HTTP Request: GET https://commons.wikimedia.org/w/api.php?action=query&generator=geosearch&ggscoord=47.91464333%7C-112.74317167&ggsradius=3500&ggsnamespace=6&prop=imageinfo&iiprop=url%7Csize%7Cmime%7Cextmetadata&format=json "HTTP/1.1 200 OK"
2026-09-04 14:14:39,660 [INFO] httpx: HTTP Request: GET https://commons.wikimedia.org/w/api.php?action=query&generator=geosearch&ggscoord=46.10692833%7C-113.269495&ggsradius=3500&ggsnamespace=6&prop=imageinfo&iiprop=url%7Csize%7Cmime%7Cextmetadata&format=json "HTTP/1.1 200 OK"
2026-09-04 14:14:39,663 [INFO] httpx: HTTP Request: GET https://commons.wikimedia.org/w/api.php?action=query&generator=geosearch&ggscoord=38.8965%7C-106.8847&ggsradius=3500&ggsnamespace=6&prop=imageinfo&iiprop=url%7Csize%7Cmime%7Cextmetadata&format=json "HTTP/1.1 200 OK"
2026-09-04 14:14:39,727 [INFO] httpx: HTTP Request: GET https://commons.wikimedia.org/w/api.php?action=query&generator=geosearch&ggscoord=46.12032124%7C-113.9109844&ggsradius=3500&ggsnamespace=6&prop=imageinfo&iiprop=url%7Csize%7Cmime%7Cextmetadata&format=json "HTTP/1.1 200 OK"
2026-09-04 14:14:39,730 [INFO] httpx: HTTP Request: GET https://commons.wikimedia.org/w/api.php?action=query&generator=geosearch&ggscoord=46.12060526%7C-113.91065646&ggsradius=3500&ggsnamespace=6&prop=imageinfo&iiprop=url%7Csize%7Cmime%7Cextmetadata&format=json "HTTP/1.1 200 OK"
2026-09-04 14:14:39,787 [INFO] httpx: HTTP Request: GET https://commons.wikimedia.org/w/api.php?action=query&generator=geosearch&ggscoord=48.47679429%7C-115.2305566&ggsradius=3500&ggsnamespace=6&prop=imageinfo&iiprop=url%7Csize%7Cmime%7Cextmetadata&format=json "HTTP/1.1 200 OK"
2026-09-04 14:14:40,711 [INFO] httpx: HTTP Request: GET https://commons.wikimedia.org/w/api.php?action=query&generator=geosearch&ggscoord=45.43151%7C-111.12657&ggsradius=3500&ggsnamespace=6&prop=imageinfo&iiprop=url%7Csize%7Cmime%7Cextmetadata&format=json "HTTP/1.1 200 OK"
2026-09-04 14:14:40,876 [INFO] httpx: HTTP Request: GET https://commons.wikimedia.org/w/api.php?action=query&generator=geosearch&ggscoord=48.63331333%7C-116.55811667&ggsradius=3500&ggsnamespace=6&prop=imageinfo&iiprop=url%7Csize%7Cmime%7Cextmetadata&format=json "HTTP/1.1 200 OK"
2026-09-04 14:14:40,883 [INFO] httpx: HTTP Request: GET https://commons.wikimedia.org/w/api.php?action=query&generator=geosearch&ggscoord=44.71416667%7C-111.60666667&ggsradius=3500&ggsnamespace=6&prop=imageinfo&iiprop=url%7Csize%7Cmime%7Cextmetadata&format=json "HTTP/1.1 200 OK"
2026-09-04 14:14:40,912 [INFO] httpx: HTTP Request: GET https://commons.wikimedia.org/w/api.php?action=query&generator=geosearch&ggscoord=45.65305887%7C-112.0225419&ggsradius=3500&ggsnamespace=6&prop=imageinfo&iiprop=url%7Csize%7Cmime%7Cextmetadata&format=json "HTTP/1.1 200 OK"
2026-09-04 14:14:40,941 [INFO] httpx: HTTP Request: GET https://commons.wikimedia.org/w/api.php?action=query&generator=geosearch&ggscoord=44.71360167%7C-111.60649167&ggsradius=3500&ggsnamespace=6&prop=imageinfo&iiprop=url%7Csize%7Cmime%7Cextmetadata&format=json "HTTP/1.1 200 OK"
2026-09-04 14:14:40,995 [INFO] httpx: HTTP Request: GET https://commons.wikimedia.org/w/api.php?action=query&generator=geosearch&ggscoord=48.94848667%7C-115.53192833&ggsradius=3500&ggsnamespace=6&prop=imageinfo&iiprop=url%7Csize%7Cmime%7Cextmetadata&format=json "HTTP/1.1 200 OK"
2026-09-04 14:14:41,029 [INFO] httpx: HTTP Request: GET https://commons.wikimedia.org/w/api.php?action=query&generator=geosearch&ggscoord=45.54893%7C-111.91258&ggsradius=3500&ggsnamespace=6&prop=imageinfo&iiprop=url%7Csize%7Cmime%7Cextmetadata&format=json "HTTP/1.1 200 OK"
2026-09-04 14:14:41,030 [INFO] httpx: HTTP Request: GET https://commons.wikimedia.org/w/api.php?action=query&generator=geosearch&ggscoord=46.415055%7C-113.52520833&ggsradius=3500&ggsnamespace=6&prop=imageinfo&iiprop=url%7Csize%7Cmime%7Cextmetadata&format=json "HTTP/1.1 200 OK"
2026-09-04 14:14:41,845 [INFO] httpx: HTTP Request: GET https://commons.wikimedia.org/w/api.php?action=query&generator=geosearch&ggscoord=45.07370667%7C-110.65875333&ggsradius=3500&ggsnamespace=6&prop=imageinfo&iiprop=url%7Csize%7Cmime%7Cextmetadata&format=json "HTTP/1.1 200 OK"
2026-09-04 14:14:42,129 [INFO] httpx: HTTP Request: GET https://commons.wikimedia.org/w/api.php?action=query&generator=geosearch&ggscoord=46.87442%7C-112.567605&ggsradius=3500&ggsnamespace=6&prop=imageinfo&iiprop=url%7Csize%7Cmime%7Cextmetadata&format=json "HTTP/1.1 200 OK"
2026-09-04 14:14:42,155 [INFO] httpx: HTTP Request: GET https://commons.wikimedia.org/w/api.php?action=query&generator=geosearch&ggscoord=46.65339383%7C-114.9428107&ggsradius=3500&ggsnamespace=6&prop=imageinfo&iiprop=url%7Csize%7Cmime%7Cextmetadata&format=json "HTTP/1.1 200 OK"
2026-09-04 14:14:42,281 [INFO] httpx: HTTP Request: GET https://commons.wikimedia.org/w/api.php?action=query&generator=geosearch&ggscoord=47.66207462%7C-113.8259394&ggsradius=3500&ggsnamespace=6&prop=imageinfo&iiprop=url%7Csize%7Cmime%7Cextmetadata&format=json "HTTP/1.1 200 OK"
2026-09-04 14:14:42,282 [INFO] httpx: HTTP Request: GET https://commons.wikimedia.org/w/api.php?action=query&generator=geosearch&ggscoord=45.54573526%7C-113.16301925&ggsradius=3500&ggsnamespace=6&prop=imageinfo&iiprop=url%7Csize%7Cmime%7Cextmetadata&format=json "HTTP/1.1 200 OK"
2026-09-04 14:14:42,379 [INFO] httpx: HTTP Request: GET https://commons.wikimedia.org/w/api.php?action=query&generator=geosearch&ggscoord=37.955941%7C-119.266702&ggsradius=3500&ggsnamespace=6&prop=imageinfo&iiprop=url%7Csize%7Cmime%7Cextmetadata&format=json "HTTP/1.1 200 OK"
2026-09-04 14:14:42,392 [INFO] httpx: HTTP Request: GET https://commons.wikimedia.org/w/api.php?action=query&generator=geosearch&ggscoord=38.9399%7C-107.0252&ggsradius=3500&ggsnamespace=6&prop=imageinfo&iiprop=url%7Csize%7Cmime%7Cextmetadata&format=json "HTTP/1.1 200 OK"
2026-09-04 14:14:42,514 [INFO] httpx: HTTP Request: GET https://commons.wikimedia.org/w/api.php?action=query&generator=geosearch&ggscoord=37.393658%7C-108.068963&ggsradius=3500&ggsnamespace=6&prop=imageinfo&iiprop=url%7Csize%7Cmime%7Cextmetadata&format=json "HTTP/1.1 200 OK"
2026-09-04 14:14:43,331 [INFO] httpx: HTTP Request: GET https://commons.wikimedia.org/w/api.php?action=query&generator=geosearch&ggscoord=34.22666667%7C-118.1105556&ggsradius=3500&ggsnamespace=6&prop=imageinfo&iiprop=url%7Csize%7Cmime%7Cextmetadata&format=json "HTTP/1.1 200 OK"
2026-09-04 14:14:43,432 [INFO] httpx: HTTP Request: GET https://commons.wikimedia.org/w/api.php?action=query&generator=geosearch&ggscoord=45.78751966%7C-115.03402775&ggsradius=3500&ggsnamespace=6&prop=imageinfo&iiprop=url%7Csize%7Cmime%7Cextmetadata&format=json "HTTP/1.1 200 OK"
2026-09-04 14:14:43,495 [INFO] httpx: HTTP Request: GET https://commons.wikimedia.org/w/api.php?action=query&generator=geosearch&ggscoord=46.69966833%7C-110.463215&ggsradius=3500&ggsnamespace=6&prop=imageinfo&iiprop=url%7Csize%7Cmime%7Cextmetadata&format=json "HTTP/1.1 200 OK"
2026-09-04 14:14:43,496 [INFO] httpx: HTTP Request: GET https://commons.wikimedia.org/w/api.php?action=query&generator=geosearch&ggscoord=46.53188%7C-113.55515833&ggsradius=3500&ggsnamespace=6&prop=imageinfo&iiprop=url%7Csize%7Cmime%7Cextmetadata&format=json "HTTP/1.1 200 OK"
2026-09-04 14:14:43,523 [INFO] httpx: HTTP Request: GET https://commons.wikimedia.org/w/api.php?action=query&generator=geosearch&ggscoord=48.970588%7C-114.921412&ggsradius=3500&ggsnamespace=6&prop=imageinfo&iiprop=url%7Csize%7Cmime%7Cextmetadata&format=json "HTTP/1.1 200 OK"
2026-09-04 14:14:43,624 [INFO] httpx: HTTP Request: GET https://commons.wikimedia.org/w/api.php?action=query&generator=geosearch&ggscoord=45.07158878%7C-118.8764467&ggsradius=3500&ggsnamespace=6&prop=imageinfo&iiprop=url%7Csize%7Cmime%7Cextmetadata&format=json "HTTP/1.1 200 OK"
2026-09-04 14:14:43,854 [INFO] httpx: HTTP Request: GET https://commons.wikimedia.org/w/api.php?action=query&generator=geosearch&ggscoord=45.42486621%7C-113.08463376&ggsradius=3500&ggsnamespace=6&prop=imageinfo&iiprop=url%7Csize%7Cmime%7Cextmetadata&format=json "HTTP/1.1 200 OK"
2026-09-04 14:14:44,004 [INFO] httpx: HTTP Request: GET https://commons.wikimedia.org/w/api.php?action=query&generator=geosearch&ggscoord=47.323735%7C-112.590525&ggsradius=3500&ggsnamespace=6&prop=imageinfo&iiprop=url%7Csize%7Cmime%7Cextmetadata&format=json "HTTP/1.1 200 OK"
2026-09-04 14:14:44,728 [INFO] httpx: HTTP Request: GET https://commons.wikimedia.org/w/api.php?action=query&generator=geosearch&ggscoord=44.5091409%7C-112.54607732&ggsradius=3500&ggsnamespace=6&prop=imageinfo&iiprop=url%7Csize%7Cmime%7Cextmetadata&format=json "HTTP/1.1 200 OK"
2026-09-04 14:14:44,740 [INFO] httpx: HTTP Request: GET https://commons.wikimedia.org/w/api.php?action=query&generator=geosearch&ggscoord=40.23888%7C-107.09333&ggsradius=3500&ggsnamespace=6&prop=imageinfo&iiprop=url%7Csize%7Cmime%7Cextmetadata&format=json "HTTP/1.1 200 OK"
2026-09-04 14:14:44,901 [INFO] httpx: HTTP Request: GET https://commons.wikimedia.org/w/api.php?action=query&generator=geosearch&ggscoord=45.3008227%7C-113.23523323&ggsradius=3500&ggsnamespace=6&prop=imageinfo&iiprop=url%7Csize%7Cmime%7Cextmetadata&format=json "HTTP/1.1 200 OK"
2026-09-04 14:14:44,989 [INFO] httpx: HTTP Request: GET https://commons.wikimedia.org/w/api.php?action=query&generator=geosearch&ggscoord=38.86336%7C-107.11174&ggsradius=3500&ggsnamespace=6&prop=imageinfo&iiprop=url%7Csize%7Cmime%7Cextmetadata&format=json "HTTP/1.1 200 OK"
2026-09-04 14:14:45,078 [INFO] httpx: HTTP Request: GET https://commons.wikimedia.org/w/api.php?action=query&generator=geosearch&ggscoord=45.40746558%7C-110.1907505&ggsradius=3500&ggsnamespace=6&prop=imageinfo&iiprop=url%7Csize%7Cmime%7Cextmetadata&format=json "HTTP/1.1 200 OK"
2026-09-04 14:14:45,427 [INFO] httpx: HTTP Request: GET https://commons.wikimedia.org/w/api.php?action=query&generator=geosearch&ggscoord=45.30941%7C-106.24939167&ggsradius=3500&ggsnamespace=6&prop=imageinfo&iiprop=url%7Csize%7Cmime%7Cextmetadata&format=json "HTTP/1.1 200 OK"
2026-09-04 14:14:45,472 [INFO] httpx: HTTP Request: GET https://commons.wikimedia.org/w/api.php?action=query&generator=geosearch&ggscoord=46.31052167%7C-111.8908&ggsradius=3500&ggsnamespace=6&prop=imageinfo&iiprop=url%7Csize%7Cmime%7Cextmetadata&format=json "HTTP/1.1 200 OK"
2026-09-04 14:14:45,615 [INFO] httpx: HTTP Request: GET https://commons.wikimedia.org/w/api.php?action=query&generator=geosearch&ggscoord=34.405575%7C-111.0075417&ggsradius=3500&ggsnamespace=6&prop=imageinfo&iiprop=url%7Csize%7Cmime%7Cextmetadata&format=json "HTTP/1.1 200 OK"
2026-09-04 14:14:46,504 [INFO] httpx: HTTP Request: GET https://commons.wikimedia.org/w/api.php?action=query&generator=geosearch&ggscoord=34.50939167%7C-110.8409389&ggsradius=3500&ggsnamespace=6&prop=imageinfo&iiprop=url%7Csize%7Cmime%7Cextmetadata&format=json "HTTP/1.1 200 OK"
2026-09-04 14:14:46,526 [INFO] httpx: HTTP Request: GET https://commons.wikimedia.org/w/api.php?action=query&generator=geosearch&ggscoord=38.529402%7C-79.690892&ggsradius=3500&ggsnamespace=6&prop=imageinfo&iiprop=url%7Csize%7Cmime%7Cextmetadata&format=json "HTTP/1.1 200 OK"
2026-09-04 14:14:46,775 [INFO] httpx: HTTP Request: GET https://commons.wikimedia.org/w/api.php?action=query&generator=geosearch&ggscoord=36.79444444%7C-118.9552778&ggsradius=3500&ggsnamespace=6&prop=imageinfo&iiprop=url%7Csize%7Cmime%7Cextmetadata&format=json "HTTP/1.1 200 OK"
2026-09-04 14:14:46,783 [INFO] httpx: HTTP Request: GET https://commons.wikimedia.org/w/api.php?action=query&generator=geosearch&ggscoord=37.913812%7C-80.284088&ggsradius=3500&ggsnamespace=6&prop=imageinfo&iiprop=url%7Csize%7Cmime%7Cextmetadata&format=json "HTTP/1.1 200 OK"
2026-09-04 14:14:46,795 [INFO] httpx: HTTP Request: GET https://commons.wikimedia.org/w/api.php?action=query&generator=geosearch&ggscoord=35.911%7C-118.487&ggsradius=3500&ggsnamespace=6&prop=imageinfo&iiprop=url%7Csize%7Cmime%7Cextmetadata&format=json "HTTP/1.1 200 OK"
2026-09-04 14:14:46,819 [INFO] httpx: HTTP Request: GET https://commons.wikimedia.org/w/api.php?action=query&generator=geosearch&ggscoord=35.862%7C-118.448&ggsradius=3500&ggsnamespace=6&prop=imageinfo&iiprop=url%7Csize%7Cmime%7Cextmetadata&format=json "HTTP/1.1 200 OK"
2026-09-04 14:14:46,865 [INFO] httpx: HTTP Request: GET https://commons.wikimedia.org/w/api.php?action=query&generator=geosearch&ggscoord=34.76455%7C-106.3283&ggsradius=3500&ggsnamespace=6&prop=imageinfo&iiprop=url%7Csize%7Cmime%7Cextmetadata&format=json "HTTP/1.1 200 OK"
2026-09-04 14:14:47,353 [INFO] httpx: HTTP Request: GET https://commons.wikimedia.org/w/api.php?action=query&generator=geosearch&ggscoord=35.879%7C-118.456&ggsradius=3500&ggsnamespace=6&prop=imageinfo&iiprop=url%7Csize%7Cmime%7Cextmetadata&format=json "HTTP/1.1 200 OK"
2026-09-04 14:14:47,684 [INFO] httpx: HTTP Request: GET https://commons.wikimedia.org/w/api.php?action=query&generator=geosearch&ggscoord=45.34667%7C-111.15652333&ggsradius=3500&ggsnamespace=6&prop=imageinfo&iiprop=url%7Csize%7Cmime%7Cextmetadata&format=json "HTTP/1.1 200 OK"
2026-09-04 14:14:47,727 [INFO] httpx: HTTP Request: GET https://commons.wikimedia.org/w/api.php?action=query&generator=geosearch&ggscoord=35.865%7C-118.447&ggsradius=3500&ggsnamespace=6&prop=imageinfo&iiprop=url%7Csize%7Cmime%7Cextmetadata&format=json "HTTP/1.1 200 OK"
2026-09-04 14:14:48,049 [INFO] httpx: HTTP Request: GET https://commons.wikimedia.org/w/api.php?action=query&generator=geosearch&ggscoord=48.24284308%7C-115.5514814&ggsradius=3500&ggsnamespace=6&prop=imageinfo&iiprop=url%7Csize%7Cmime%7Cextmetadata&format=json "HTTP/1.1 200 OK"
2026-09-04 14:14:48,052 [INFO] httpx: HTTP Request: GET https://commons.wikimedia.org/w/api.php?action=query&generator=geosearch&ggscoord=43.8606987%7C-110.28370667&ggsradius=3500&ggsnamespace=6&prop=imageinfo&iiprop=url%7Csize%7Cmime%7Cextmetadata&format=json "HTTP/1.1 200 OK"
2026-09-04 14:14:48,212 [INFO] httpx: HTTP Request: GET https://commons.wikimedia.org/w/api.php?action=query&generator=geosearch&ggscoord=44.87611111%7C-121.9686111&ggsradius=3500&ggsnamespace=6&prop=imageinfo&iiprop=url%7Csize%7Cmime%7Cextmetadata&format=json "HTTP/1.1 200 OK"
2026-09-04 14:14:48,307 [INFO] httpx: HTTP Request: GET https://commons.wikimedia.org/w/api.php?action=query&generator=geosearch&ggscoord=48.837745%7C-116.08887333&ggsradius=3500&ggsnamespace=6&prop=imageinfo&iiprop=url%7Csize%7Cmime%7Cextmetadata&format=json "HTTP/1.1 200 OK"
2026-09-04 14:14:48,332 [INFO] httpx: HTTP Request: GET https://commons.wikimedia.org/w/api.php?action=query&generator=geosearch&ggscoord=36.71166667%7C-118.8566667&ggsradius=3500&ggsnamespace=6&prop=imageinfo&iiprop=url%7Csize%7Cmime%7Cextmetadata&format=json "HTTP/1.1 200 OK"
2026-09-04 14:14:48,957 [INFO] httpx: HTTP Request: GET https://commons.wikimedia.org/w/api.php?action=query&generator=geosearch&ggscoord=45.42229833%7C-111.92777&ggsradius=3500&ggsnamespace=6&prop=imageinfo&iiprop=url%7Csize%7Cmime%7Cextmetadata&format=json "HTTP/1.1 200 OK"
2026-09-04 14:14:48,959 [INFO] httpx: HTTP Request: GET https://commons.wikimedia.org/w/api.php?action=query&generator=geosearch&ggscoord=48.6351%7C-116.5681&ggsradius=3500&ggsnamespace=6&prop=imageinfo&iiprop=url%7Csize%7Cmime%7Cextmetadata&format=json "HTTP/1.1 200 OK"
2026-09-04 14:14:49,097 [INFO] httpx: HTTP Request: GET https://commons.wikimedia.org/w/api.php?action=query&generator=geosearch&ggscoord=48.27543%7C-92.5117014&ggsradius=3500&ggsnamespace=6&prop=imageinfo&iiprop=url%7Csize%7Cmime%7Cextmetadata&format=json "HTTP/1.1 200 OK"
2026-09-04 14:14:49,236 [INFO] httpx: HTTP Request: GET https://commons.wikimedia.org/w/api.php?action=query&generator=geosearch&ggscoord=47.746395%7C-116.09712333&ggsradius=3500&ggsnamespace=6&prop=imageinfo&iiprop=url%7Csize%7Cmime%7Cextmetadata&format=json "HTTP/1.1 200 OK"
2026-09-04 14:14:49,434 [INFO] httpx: HTTP Request: GET https://commons.wikimedia.org/w/api.php?action=query&generator=geosearch&ggscoord=44.83788667%7C-111.59300167&ggsradius=3500&ggsnamespace=6&prop=imageinfo&iiprop=url%7Csize%7Cmime%7Cextmetadata&format=json "HTTP/1.1 200 OK"
2026-09-04 14:14:49,444 [INFO] httpx: HTTP Request: GET https://commons.wikimedia.org/w/api.php?action=query&generator=geosearch&ggscoord=48.47722502%7C-115.2192637&ggsradius=3500&ggsnamespace=6&prop=imageinfo&iiprop=url%7Csize%7Cmime%7Cextmetadata&format=json "HTTP/1.1 200 OK"
2026-09-04 14:14:49,517 [INFO] httpx: HTTP Request: GET https://commons.wikimedia.org/w/api.php?action=query&generator=geosearch&ggscoord=48.17255667%7C-113.75719833&ggsradius=3500&ggsnamespace=6&prop=imageinfo&iiprop=url%7Csize%7Cmime%7Cextmetadata&format=json "HTTP/1.1 200 OK"
2026-09-04 14:14:49,982 [INFO] httpx: HTTP Request: GET https://commons.wikimedia.org/w/api.php?action=query&generator=geosearch&ggscoord=44.11506827%7C-71.28159028&ggsradius=3500&ggsnamespace=6&prop=imageinfo&iiprop=url%7Csize%7Cmime%7Cextmetadata&format=json "HTTP/1.1 200 OK"
2026-09-04 14:14:50,281 [INFO] httpx: HTTP Request: GET https://commons.wikimedia.org/w/api.php?action=query&generator=geosearch&ggscoord=46.349288%7C-122.083592&ggsradius=3500&ggsnamespace=6&prop=imageinfo&iiprop=url%7Csize%7Cmime%7Cextmetadata&format=json "HTTP/1.1 200 OK"
2026-09-04 14:14:50,371 [INFO] httpx: HTTP Request: GET https://commons.wikimedia.org/w/api.php?action=query&generator=geosearch&ggscoord=45.063625%7C-111.79201333&ggsradius=3500&ggsnamespace=6&prop=imageinfo&iiprop=url%7Csize%7Cmime%7Cextmetadata&format=json "HTTP/1.1 200 OK"
2026-09-04 14:14:50,493 [INFO] httpx: HTTP Request: GET https://commons.wikimedia.org/w/api.php?action=query&generator=geosearch&ggscoord=46.27506833%7C-112.973595&ggsradius=3500&ggsnamespace=6&prop=imageinfo&iiprop=url%7Csize%7Cmime%7Cextmetadata&format=json "HTTP/1.1 200 OK"
2026-09-04 14:14:50,669 [INFO] httpx: HTTP Request: GET https://commons.wikimedia.org/w/api.php?action=query&generator=geosearch&ggscoord=47.42715853%7C-116.0215868&ggsradius=3500&ggsnamespace=6&prop=imageinfo&iiprop=url%7Csize%7Cmime%7Cextmetadata&format=json "HTTP/1.1 200 OK"
2026-09-04 14:14:50,817 [INFO] httpx: HTTP Request: GET https://commons.wikimedia.org/w/api.php?action=query&generator=geosearch&ggscoord=46.15898055%7C-115.49531819&ggsradius=3500&ggsnamespace=6&prop=imageinfo&iiprop=url%7Csize%7Cmime%7Cextmetadata&format=json "HTTP/1.1 200 OK"
2026-09-04 14:14:50,911 [INFO] httpx: HTTP Request: GET https://commons.wikimedia.org/w/api.php?action=query&generator=geosearch&ggscoord=45.22429833%7C-106.16794333&ggsradius=3500&ggsnamespace=6&prop=imageinfo&iiprop=url%7Csize%7Cmime%7Cextmetadata&format=json "HTTP/1.1 200 OK"
2026-09-04 14:14:51,002 [INFO] httpx: HTTP Request: GET https://commons.wikimedia.org/w/api.php?action=query&generator=geosearch&ggscoord=38.83831%7C-107.06072&ggsradius=3500&ggsnamespace=6&prop=imageinfo&iiprop=url%7Csize%7Cmime%7Cextmetadata&format=json "HTTP/1.1 200 OK"
2026-09-04 14:14:51,582 [INFO] httpx: HTTP Request: GET https://commons.wikimedia.org/w/api.php?action=query&generator=geosearch&ggscoord=39.45757966%7C-120.6005971&ggsradius=3500&ggsnamespace=6&prop=imageinfo&iiprop=url%7Csize%7Cmime%7Cextmetadata&format=json "HTTP/1.1 200 OK"
2026-09-04 14:14:51,958 [INFO] httpx: HTTP Request: GET https://commons.wikimedia.org/w/api.php?action=query&generator=geosearch&ggscoord=38.83754%7C-107.06095&ggsradius=3500&ggsnamespace=6&prop=imageinfo&iiprop=url%7Csize%7Cmime%7Cextmetadata&format=json "HTTP/1.1 200 OK"
2026-09-04 14:14:51,967 [INFO] httpx: HTTP Request: GET https://commons.wikimedia.org/w/api.php?action=query&generator=geosearch&ggscoord=46.44814135%7C-115.6398476&ggsradius=3500&ggsnamespace=6&prop=imageinfo&iiprop=url%7Csize%7Cmime%7Cextmetadata&format=json "HTTP/1.1 200 OK"
2026-09-04 14:14:52,106 [INFO] httpx: HTTP Request: GET https://commons.wikimedia.org/w/api.php?action=query&generator=geosearch&ggscoord=48.24025089%7C-116.1118234&ggsradius=3500&ggsnamespace=6&prop=imageinfo&iiprop=url%7Csize%7Cmime%7Cextmetadata&format=json "HTTP/1.1 200 OK"
2026-09-04 14:14:52,439 [INFO] httpx: HTTP Request: GET https://commons.wikimedia.org/w/api.php?action=query&generator=geosearch&ggscoord=47.49417304%7C-113.6195572&ggsradius=3500&ggsnamespace=6&prop=imageinfo&iiprop=url%7Csize%7Cmime%7Cextmetadata&format=json "HTTP/1.1 200 OK"
2026-09-04 14:14:52,440 [INFO] httpx: HTTP Request: GET https://commons.wikimedia.org/w/api.php?action=query&generator=geosearch&ggscoord=41.66035615%7C-123.3199332&ggsradius=3500&ggsnamespace=6&prop=imageinfo&iiprop=url%7Csize%7Cmime%7Cextmetadata&format=json "HTTP/1.1 200 OK"
2026-09-04 14:14:52,485 [INFO] httpx: HTTP Request: GET https://commons.wikimedia.org/w/api.php?action=query&generator=geosearch&ggscoord=47.37611571%7C-91.18263746&ggsradius=3500&ggsnamespace=6&prop=imageinfo&iiprop=url%7Csize%7Cmime%7Cextmetadata&format=json "HTTP/1.1 200 OK"
2026-09-04 14:14:52,808 [INFO] httpx: HTTP Request: GET https://commons.wikimedia.org/w/api.php?action=query&generator=geosearch&ggscoord=47.49453167%7C-113.61945333&ggsradius=3500&ggsnamespace=6&prop=imageinfo&iiprop=url%7Csize%7Cmime%7Cextmetadata&format=json "HTTP/1.1 200 OK"
2026-09-04 14:14:53,096 [INFO] httpx: HTTP Request: GET https://commons.wikimedia.org/w/api.php?action=query&generator=geosearch&ggscoord=45.01786833%7C-111.85430333&ggsradius=3500&ggsnamespace=6&prop=imageinfo&iiprop=url%7Csize%7Cmime%7Cextmetadata&format=json "HTTP/1.1 200 OK"
2026-09-04 14:14:53,171 [INFO] httpx: HTTP Request: GET https://commons.wikimedia.org/w/api.php?action=query&generator=geosearch&ggscoord=44.49843104%7C-120.4827545&ggsradius=3500&ggsnamespace=6&prop=imageinfo&iiprop=url%7Csize%7Cmime%7Cextmetadata&format=json "HTTP/1.1 200 OK"
2026-09-04 14:14:53,487 [INFO] httpx: HTTP Request: GET https://commons.wikimedia.org/w/api.php?action=query&generator=geosearch&ggscoord=45.01755667%7C-111.854545&ggsradius=3500&ggsnamespace=6&prop=imageinfo&iiprop=url%7Csize%7Cmime%7Cextmetadata&format=json "HTTP/1.1 200 OK"
2026-09-04 14:14:53,615 [INFO] httpx: HTTP Request: GET https://commons.wikimedia.org/w/api.php?action=query&generator=geosearch&ggscoord=47.38469722%7C-113.7847031&ggsradius=3500&ggsnamespace=6&prop=imageinfo&iiprop=url%7Csize%7Cmime%7Cextmetadata&format=json "HTTP/1.1 200 OK"
2026-09-04 14:14:53,645 [INFO] httpx: HTTP Request: GET https://commons.wikimedia.org/w/api.php?action=query&generator=geosearch&ggscoord=45.56769402%7C-109.8166968&ggsradius=3500&ggsnamespace=6&prop=imageinfo&iiprop=url%7Csize%7Cmime%7Cextmetadata&format=json "HTTP/1.1 200 OK"
2026-09-04 14:14:53,662 [INFO] httpx: HTTP Request: GET https://commons.wikimedia.org/w/api.php?action=query&generator=geosearch&ggscoord=46.29239988%7C-115.7234526&ggsradius=3500&ggsnamespace=6&prop=imageinfo&iiprop=url%7Csize%7Cmime%7Cextmetadata&format=json "HTTP/1.1 200 OK"
2026-09-04 14:14:54,012 [INFO] httpx: HTTP Request: GET https://commons.wikimedia.org/w/api.php?action=query&generator=geosearch&ggscoord=47.19777778%7C-103.3033333&ggsradius=3500&ggsnamespace=6&prop=imageinfo&iiprop=url%7Csize%7Cmime%7Cextmetadata&format=json "HTTP/1.1 200 OK"
2026-09-04 14:14:54,429 [INFO] httpx: HTTP Request: GET https://commons.wikimedia.org/w/api.php?action=query&generator=geosearch&ggscoord=47.10407547%7C-113.11391561&ggsradius=3500&ggsnamespace=6&prop=imageinfo&iiprop=url%7Csize%7Cmime%7Cextmetadata&format=json "HTTP/1.1 200 OK"
2026-09-04 14:14:54,535 [INFO] httpx: HTTP Request: GET https://commons.wikimedia.org/w/api.php?action=query&generator=geosearch&ggscoord=47.10408093%7C-113.11387567&ggsradius=3500&ggsnamespace=6&prop=imageinfo&iiprop=url%7Csize%7Cmime%7Cextmetadata&format=json "HTTP/1.1 200 OK"
2026-09-04 14:14:54,727 [INFO] httpx: HTTP Request: GET https://commons.wikimedia.org/w/api.php?action=query&generator=geosearch&ggscoord=45.210615%7C-111.04461167&ggsradius=3500&ggsnamespace=6&prop=imageinfo&iiprop=url%7Csize%7Cmime%7Cextmetadata&format=json "HTTP/1.1 200 OK"
2026-09-04 14:14:54,925 [INFO] httpx: HTTP Request: GET https://commons.wikimedia.org/w/api.php?action=query&generator=geosearch&ggscoord=46.81546362%7C-115.06299608&ggsradius=3500&ggsnamespace=6&prop=imageinfo&iiprop=url%7Csize%7Cmime%7Cextmetadata&format=json "HTTP/1.1 200 OK"
2026-09-04 14:14:55,060 [INFO] httpx: HTTP Request: GET https://commons.wikimedia.org/w/api.php?action=query&generator=geosearch&ggscoord=45.2919%7C-111.13850833&ggsradius=3500&ggsnamespace=6&prop=imageinfo&iiprop=url%7Csize%7Cmime%7Cextmetadata&format=json "HTTP/1.1 200 OK"
2026-09-04 14:14:55,062 [INFO] httpx: HTTP Request: GET https://commons.wikimedia.org/w/api.php?action=query&generator=geosearch&ggscoord=43.84712219%7C-110.39652252&ggsradius=3500&ggsnamespace=6&prop=imageinfo&iiprop=url%7Csize%7Cmime%7Cextmetadata&format=json "HTTP/1.1 200 OK"
2026-09-04 14:14:55,130 [INFO] httpx: HTTP Request: GET https://commons.wikimedia.org/w/api.php?action=query&generator=geosearch&ggscoord=43.52312228%7C-110.59166713&ggsradius=3500&ggsnamespace=6&prop=imageinfo&iiprop=url%7Csize%7Cmime%7Cextmetadata&format=json "HTTP/1.1 200 OK"
2026-09-04 14:14:55,585 [INFO] httpx: HTTP Request: GET https://commons.wikimedia.org/w/api.php?action=query&generator=geosearch&ggscoord=46.483755%7C-112.21639333&ggsradius=3500&ggsnamespace=6&prop=imageinfo&iiprop=url%7Csize%7Cmime%7Cextmetadata&format=json "HTTP/1.1 200 OK"
2026-09-04 14:14:55,806 [INFO] httpx: HTTP Request: GET https://commons.wikimedia.org/w/api.php?action=query&generator=geosearch&ggscoord=43.70507747%7C-110.62168071&ggsradius=3500&ggsnamespace=6&prop=imageinfo&iiprop=url%7Csize%7Cmime%7Cextmetadata&format=json "HTTP/1.1 200 OK"
2026-09-04 14:14:56,108 [INFO] httpx: HTTP Request: GET https://commons.wikimedia.org/w/api.php?action=query&generator=geosearch&ggscoord=45.14000333%7C-111.23714&ggsradius=3500&ggsnamespace=6&prop=imageinfo&iiprop=url%7Csize%7Cmime%7Cextmetadata&format=json "HTTP/1.1 200 OK"
2026-09-04 14:14:56,255 [INFO] httpx: HTTP Request: GET https://commons.wikimedia.org/w/api.php?action=query&generator=geosearch&ggscoord=43.186864%7C-122.699&ggsradius=3500&ggsnamespace=6&prop=imageinfo&iiprop=url%7Csize%7Cmime%7Cextmetadata&format=json "HTTP/1.1 200 OK"
2026-09-04 14:14:56,288 [INFO] httpx: HTTP Request: GET https://commons.wikimedia.org/w/api.php?action=query&generator=geosearch&ggscoord=45.29672833%7C-106.20144&ggsradius=3500&ggsnamespace=6&prop=imageinfo&iiprop=url%7Csize%7Cmime%7Cextmetadata&format=json "HTTP/1.1 200 OK"
2026-09-04 14:14:56,289 [INFO] httpx: HTTP Request: GET https://commons.wikimedia.org/w/api.php?action=query&generator=geosearch&ggscoord=46.66237167%7C-110.50068833&ggsradius=3500&ggsnamespace=6&prop=imageinfo&iiprop=url%7Csize%7Cmime%7Cextmetadata&format=json "HTTP/1.1 200 OK"
2026-09-04 14:14:56,312 [INFO] httpx: HTTP Request: GET https://commons.wikimedia.org/w/api.php?action=query&generator=geosearch&ggscoord=46.41028333%7C-113.15364&ggsradius=3500&ggsnamespace=6&prop=imageinfo&iiprop=url%7Csize%7Cmime%7Cextmetadata&format=json "HTTP/1.1 200 OK"
2026-09-04 14:14:56,437 [INFO] httpx: HTTP Request: GET https://commons.wikimedia.org/w/api.php?action=query&generator=geosearch&ggscoord=46.2441494%7C-112.2947032&ggsradius=3500&ggsnamespace=6&prop=imageinfo&iiprop=url%7Csize%7Cmime%7Cextmetadata&format=json "HTTP/1.1 200 OK"
2026-09-04 14:14:56,738 [INFO] httpx: HTTP Request: GET https://commons.wikimedia.org/w/api.php?action=query&generator=geosearch&ggscoord=46.10370216%7C-115.71021916&ggsradius=3500&ggsnamespace=6&prop=imageinfo&iiprop=url%7Csize%7Cmime%7Cextmetadata&format=json "HTTP/1.1 429 Too Many Requests"
2026-09-04 14:14:56,811 [INFO] httpx: HTTP Request: GET https://commons.wikimedia.org/w/api.php?action=query&generator=geosearch&ggscoord=47.91745322%7C-116.5402713&ggsradius=3500&ggsnamespace=6&prop=imageinfo&iiprop=url%7Csize%7Cmime%7Cextmetadata&format=json "HTTP/1.1 200 OK"
2026-09-04 14:14:56,825 [INFO] httpx: HTTP Request: GET https://commons.wikimedia.org/w/api.php?action=query&generator=geosearch&ggscoord=46.72440833%7C-110.89131&ggsradius=3500&ggsnamespace=6&prop=imageinfo&iiprop=url%7Csize%7Cmime%7Cextmetadata&format=json "HTTP/1.1 429 Too Many Requests"
2026-09-04 14:14:57,158 [INFO] httpx: HTTP Request: GET https://commons.wikimedia.org/w/api.php?action=query&generator=geosearch&ggscoord=45.092615%7C-110.59188333&ggsradius=3500&ggsnamespace=6&prop=imageinfo&iiprop=url%7Csize%7Cmime%7Cextmetadata&format=json "HTTP/1.1 429 Too Many Requests"
2026-09-04 14:14:57,159 [INFO] httpx: HTTP Request: GET https://commons.wikimedia.org/w/api.php?action=query&generator=geosearch&ggscoord=47.90032969%7C-90.68284917&ggsradius=3500&ggsnamespace=6&prop=imageinfo&iiprop=url%7Csize%7Cmime%7Cextmetadata&format=json "HTTP/1.1 429 Too Many Requests"
2026-09-04 14:14:57,160 [INFO] httpx: HTTP Request: GET https://commons.wikimedia.org/w/api.php?action=query&generator=geosearch&ggscoord=38.93214%7C-107.05102&ggsradius=3500&ggsnamespace=6&prop=imageinfo&iiprop=url%7Csize%7Cmime%7Cextmetadata&format=json "HTTP/1.1 429 Too Many Requests"
2026-09-04 14:14:57,257 [INFO] httpx: HTTP Request: GET https://commons.wikimedia.org/w/api.php?action=query&generator=geosearch&ggscoord=43.423933%7C-115.13217&ggsradius=3500&ggsnamespace=6&prop=imageinfo&iiprop=url%7Csize%7Cmime%7Cextmetadata&format=json "HTTP/1.1 429 Too Many Requests"
2026-09-04 14:14:57,354 [INFO] httpx: HTTP Request: GET https://commons.wikimedia.org/w/api.php?action=query&generator=geosearch&ggscoord=45.42018667%7C-110.0864&ggsradius=3500&ggsnamespace=6&prop=imageinfo&iiprop=url%7Csize%7Cmime%7Cextmetadata&format=json "HTTP/1.1 429 Too Many Requests"
2026-09-04 14:14:57,484 [INFO] httpx: HTTP Request: GET https://commons.wikimedia.org/w/api.php?action=query&generator=geosearch&ggscoord=47.98207612%7C-114.4048416&ggsradius=3500&ggsnamespace=6&prop=imageinfo&iiprop=url%7Csize%7Cmime%7Cextmetadata&format=json "HTTP/1.1 429 Too Many Requests"
2026-09-04 14:14:57,683 [INFO] httpx: HTTP Request: GET https://commons.wikimedia.org/w/api.php?action=query&generator=geosearch&ggscoord=37.7717%7C-119.0373&ggsradius=3500&ggsnamespace=6&prop=imageinfo&iiprop=url%7Csize%7Cmime%7Cextmetadata&format=json "HTTP/1.1 429 Too Many Requests"
2026-09-04 14:14:57,690 [INFO] httpx: HTTP Request: GET https://commons.wikimedia.org/w/api.php?action=query&generator=geosearch&ggscoord=48.46465003%7C-115.28201419&ggsradius=3500&ggsnamespace=6&prop=imageinfo&iiprop=url%7Csize%7Cmime%7Cextmetadata&format=json "HTTP/1.1 429 Too Many Requests"
2026-09-04 14:14:57,868 [INFO] httpx: HTTP Request: GET https://commons.wikimedia.org/w/api.php?action=query&generator=geosearch&ggscoord=45.60848122%7C-114.2861733&ggsradius=3500&ggsnamespace=6&prop=imageinfo&iiprop=url%7Csize%7Cmime%7Cextmetadata&format=json "HTTP/1.1 429 Too Many Requests"
2026-09-04 14:14:57,869 [INFO] httpx: HTTP Request: GET https://commons.wikimedia.org/w/api.php?action=query&generator=geosearch&ggscoord=47.51457%7C-115.73142&ggsradius=3500&ggsnamespace=6&prop=imageinfo&iiprop=url%7Csize%7Cmime%7Cextmetadata&format=json "HTTP/1.1 429 Too Many Requests"
2026-09-04 14:14:57,871 [INFO] httpx: HTTP Request: GET https://commons.wikimedia.org/w/api.php?action=query&generator=geosearch&ggscoord=45.6082145%7C-114.2853206&ggsradius=3500&ggsnamespace=6&prop=imageinfo&iiprop=url%7Csize%7Cmime%7Cextmetadata&format=json "HTTP/1.1 429 Too Many Requests"
2026-09-04 14:14:58,010 [INFO] httpx: HTTP Request: GET https://commons.wikimedia.org/w/api.php?action=query&generator=geosearch&ggscoord=46.64665%7C-111.47601833&ggsradius=3500&ggsnamespace=6&prop=imageinfo&iiprop=url%7Csize%7Cmime%7Cextmetadata&format=json "HTTP/1.1 429 Too Many Requests"
2026-09-04 14:14:58,207 [INFO] httpx: HTTP Request: GET https://commons.wikimedia.org/w/api.php?action=query&generator=geosearch&ggscoord=34.45385%7C-112.44331667&ggsradius=3500&ggsnamespace=6&prop=imageinfo&iiprop=url%7Csize%7Cmime%7Cextmetadata&format=json "HTTP/1.1 429 Too Many Requests"
2026-09-04 14:14:58,339 [INFO] httpx: HTTP Request: GET https://commons.wikimedia.org/w/api.php?action=query&generator=geosearch&ggscoord=34.45385%7C-112.44331667&ggsradius=3500&ggsnamespace=6&prop=imageinfo&iiprop=url%7Csize%7Cmime%7Cextmetadata&format=json "HTTP/1.1 429 Too Many Requests"
2026-09-04 14:14:58,398 [INFO] httpx: HTTP Request: GET https://commons.wikimedia.org/w/api.php?action=query&generator=geosearch&ggscoord=47.56727%7C-116.64162167&ggsradius=3500&ggsnamespace=6&prop=imageinfo&iiprop=url%7Csize%7Cmime%7Cextmetadata&format=json "HTTP/1.1 429 Too Many Requests"
2026-09-04 14:14:58,400 [INFO] httpx: HTTP Request: GET https://commons.wikimedia.org/w/api.php?action=query&generator=geosearch&ggscoord=48.36841307%7C-116.1713283&ggsradius=3500&ggsnamespace=6&prop=imageinfo&iiprop=url%7Csize%7Cmime%7Cextmetadata&format=json "HTTP/1.1 429 Too Many Requests"
2026-09-04 14:14:58,638 [INFO] httpx: HTTP Request: GET https://commons.wikimedia.org/w/api.php?action=query&generator=geosearch&ggscoord=47.47207167%7C-116.06294667&ggsradius=3500&ggsnamespace=6&prop=imageinfo&iiprop=url%7Csize%7Cmime%7Cextmetadata&format=json "HTTP/1.1 429 Too Many Requests"
2026-09-04 14:14:58,727 [INFO] httpx: HTTP Request: GET https://commons.wikimedia.org/w/api.php?action=query&generator=geosearch&ggscoord=38.316658%7C-108.163243&ggsradius=3500&ggsnamespace=6&prop=imageinfo&iiprop=url%7Csize%7Cmime%7Cextmetadata&format=json "HTTP/1.1 429 Too Many Requests"
2026-09-04 14:14:58,732 [INFO] httpx: HTTP Request: GET https://commons.wikimedia.org/w/api.php?action=query&generator=geosearch&ggscoord=45.91808434%7C-112.9002023&ggsradius=3500&ggsnamespace=6&prop=imageinfo&iiprop=url%7Csize%7Cmime%7Cextmetadata&format=json "HTTP/1.1 429 Too Many Requests"
2026-09-04 14:14:58,929 [INFO] httpx: HTTP Request: GET https://commons.wikimedia.org/w/api.php?action=query&generator=geosearch&ggscoord=47.675665%7C-116.14239167&ggsradius=3500&ggsnamespace=6&prop=imageinfo&iiprop=url%7Csize%7Cmime%7Cextmetadata&format=json "HTTP/1.1 429 Too Many Requests"
2026-09-04 14:14:59,057 [INFO] httpx: HTTP Request: GET https://commons.wikimedia.org/w/api.php?action=query&generator=geosearch&ggscoord=45.56183333%7C-112.0741&ggsradius=3500&ggsnamespace=6&prop=imageinfo&iiprop=url%7Csize%7Cmime%7Cextmetadata&format=json "HTTP/1.1 429 Too Many Requests"
2026-09-04 14:14:59,155 [INFO] httpx: HTTP Request: GET https://commons.wikimedia.org/w/api.php?action=query&generator=geosearch&ggscoord=46.69907476%7C-115.63048774&ggsradius=3500&ggsnamespace=6&prop=imageinfo&iiprop=url%7Csize%7Cmime%7Cextmetadata&format=json "HTTP/1.1 429 Too Many Requests"
2026-09-04 14:14:59,156 [INFO] httpx: HTTP Request: GET https://commons.wikimedia.org/w/api.php?action=query&generator=geosearch&ggscoord=46.79996729%7C-115.4236869&ggsradius=3500&ggsnamespace=6&prop=imageinfo&iiprop=url%7Csize%7Cmime%7Cextmetadata&format=json "HTTP/1.1 429 Too Many Requests"
2026-09-04 14:14:59,356 [INFO] httpx: HTTP Request: GET https://commons.wikimedia.org/w/api.php?action=query&generator=geosearch&ggscoord=46.64742%7C-110.502595&ggsradius=3500&ggsnamespace=6&prop=imageinfo&iiprop=url%7Csize%7Cmime%7Cextmetadata&format=json "HTTP/1.1 429 Too Many Requests"
2026-09-04 14:14:59,443 [INFO] httpx: HTTP Request: GET https://commons.wikimedia.org/w/api.php?action=query&generator=geosearch&ggscoord=47.47823276%7C-91.16941953&ggsradius=3500&ggsnamespace=6&prop=imageinfo&iiprop=url%7Csize%7Cmime%7Cextmetadata&format=json "HTTP/1.1 429 Too Many Requests"
2026-09-04 14:14:59,448 [INFO] httpx: HTTP Request: GET https://commons.wikimedia.org/w/api.php?action=query&generator=geosearch&ggscoord=47.2755548%7C-93.345247&ggsradius=3500&ggsnamespace=6&prop=imageinfo&iiprop=url%7Csize%7Cmime%7Cextmetadata&format=json "HTTP/1.1 429 Too Many Requests"
2026-09-04 14:14:59,582 [INFO] httpx: HTTP Request: GET https://commons.wikimedia.org/w/api.php?action=query&generator=geosearch&ggscoord=47.169385%7C-113.36742833&ggsradius=3500&ggsnamespace=6&prop=imageinfo&iiprop=url%7Csize%7Cmime%7Cextmetadata&format=json "HTTP/1.1 429 Too Many Requests"
2026-09-04 14:14:59,665 [INFO] httpx: HTTP Request: GET https://commons.wikimedia.org/w/api.php?action=query&generator=geosearch&ggscoord=39.67093684%7C-120.626475&ggsradius=3500&ggsnamespace=6&prop=imageinfo&iiprop=url%7Csize%7Cmime%7Cextmetadata&format=json "HTTP/1.1 429 Too Many Requests"
2026-09-04 14:15:00,643 [INFO] httpx: HTTP Request: GET https://commons.wikimedia.org/w/api.php?action=query&generator=geosearch&ggscoord=48.56138%7C-115.1247&ggsradius=3500&ggsnamespace=6&prop=imageinfo&iiprop=url%7Csize%7Cmime%7Cextmetadata&format=json "HTTP/1.1 200 OK"
2026-09-04 14:15:00,830 [INFO] httpx: HTTP Request: GET https://commons.wikimedia.org/w/api.php?action=query&generator=geosearch&ggscoord=47.6835814%7C-113.7783723&ggsradius=3500&ggsnamespace=6&prop=imageinfo&iiprop=url%7Csize%7Cmime%7Cextmetadata&format=json "HTTP/1.1 200 OK"
2026-09-04 14:15:00,832 [INFO] httpx: HTTP Request: GET https://commons.wikimedia.org/w/api.php?action=query&generator=geosearch&ggscoord=46.74262667%7C-110.43171167&ggsradius=3500&ggsnamespace=6&prop=imageinfo&iiprop=url%7Csize%7Cmime%7Cextmetadata&format=json "HTTP/1.1 200 OK"
2026-09-04 14:15:00,966 [INFO] httpx: HTTP Request: GET https://commons.wikimedia.org/w/api.php?action=query&generator=geosearch&ggscoord=46.66200715%7C-114.9805394&ggsradius=3500&ggsnamespace=6&prop=imageinfo&iiprop=url%7Csize%7Cmime%7Cextmetadata&format=json "HTTP/1.1 200 OK"
2026-09-04 14:15:01,352 [INFO] httpx: HTTP Request: GET https://commons.wikimedia.org/w/api.php?action=query&generator=geosearch&ggscoord=45.1715%7C-109.30816&ggsradius=3500&ggsnamespace=6&prop=imageinfo&iiprop=url%7Csize%7Cmime%7Cextmetadata&format=json "HTTP/1.1 200 OK"
2026-09-04 14:15:01,379 [INFO] httpx: HTTP Request: GET https://commons.wikimedia.org/w/api.php?action=query&generator=geosearch&ggscoord=45.03622667%7C-109.909985&ggsradius=3500&ggsnamespace=6&prop=imageinfo&iiprop=url%7Csize%7Cmime%7Cextmetadata&format=json "HTTP/1.1 200 OK"
2026-09-04 14:15:01,454 [INFO] httpx: HTTP Request: GET https://commons.wikimedia.org/w/api.php?action=query&generator=geosearch&ggscoord=45.01401833%7C-111.96239667&ggsradius=3500&ggsnamespace=6&prop=imageinfo&iiprop=url%7Csize%7Cmime%7Cextmetadata&format=json "HTTP/1.1 200 OK"
2026-09-04 14:15:01,520 [INFO] httpx: HTTP Request: GET https://commons.wikimedia.org/w/api.php?action=query&generator=geosearch&ggscoord=46.193017%7C-113.160344&ggsradius=3500&ggsnamespace=6&prop=imageinfo&iiprop=url%7Csize%7Cmime%7Cextmetadata&format=json "HTTP/1.1 200 OK"
2026-09-04 14:15:02,473 [INFO] httpx: HTTP Request: GET https://commons.wikimedia.org/w/api.php?action=query&generator=geosearch&ggscoord=47.7306644%7C-123.091312&ggsradius=3500&ggsnamespace=6&prop=imageinfo&iiprop=url%7Csize%7Cmime%7Cextmetadata&format=json "HTTP/1.1 200 OK"
2026-09-04 14:15:02,491 [INFO] httpx: HTTP Request: GET https://commons.wikimedia.org/w/api.php?action=query&generator=geosearch&ggscoord=45.40717563%7C-113.67714993&ggsradius=3500&ggsnamespace=6&prop=imageinfo&iiprop=url%7Csize%7Cmime%7Cextmetadata&format=json "HTTP/1.1 200 OK"
2026-09-04 14:15:02,503 [INFO] httpx: HTTP Request: GET https://commons.wikimedia.org/w/api.php?action=query&generator=geosearch&ggscoord=45.40743417%7C-113.67619301&ggsradius=3500&ggsnamespace=6&prop=imageinfo&iiprop=url%7Csize%7Cmime%7Cextmetadata&format=json "HTTP/1.1 200 OK"
2026-09-04 14:15:02,826 [INFO] httpx: HTTP Request: GET https://commons.wikimedia.org/w/api.php?action=query&generator=geosearch&ggscoord=34.81713%7C-83.76678&ggsradius=3500&ggsnamespace=6&prop=imageinfo&iiprop=url%7Csize%7Cmime%7Cextmetadata&format=json "HTTP/1.1 200 OK"
2026-09-04 14:15:02,926 [INFO] httpx: HTTP Request: GET https://commons.wikimedia.org/w/api.php?action=query&generator=geosearch&ggscoord=45.52727667%7C-111.12867667&ggsradius=3500&ggsnamespace=6&prop=imageinfo&iiprop=url%7Csize%7Cmime%7Cextmetadata&format=json "HTTP/1.1 200 OK"
2026-09-04 14:15:03,019 [INFO] httpx: HTTP Request: GET https://commons.wikimedia.org/w/api.php?action=query&generator=geosearch&ggscoord=48.6915355%7C-116.87447504&ggsradius=3500&ggsnamespace=6&prop=imageinfo&iiprop=url%7Csize%7Cmime%7Cextmetadata&format=json "HTTP/1.1 200 OK"
2026-09-04 14:15:03,158 [INFO] httpx: HTTP Request: GET https://commons.wikimedia.org/w/api.php?action=query&generator=geosearch&ggscoord=45.04444667%7C-109.95085667&ggsradius=3500&ggsnamespace=6&prop=imageinfo&iiprop=url%7Csize%7Cmime%7Cextmetadata&format=json "HTTP/1.1 200 OK"
2026-09-04 14:15:03,670 [INFO] httpx: HTTP Request: GET https://commons.wikimedia.org/w/api.php?action=query&generator=geosearch&ggscoord=46.784505%7C-114.59262&ggsradius=3500&ggsnamespace=6&prop=imageinfo&iiprop=url%7Csize%7Cmime%7Cextmetadata&format=json "HTTP/1.1 200 OK"
2026-09-04 14:15:03,871 [INFO] httpx: HTTP Request: GET https://commons.wikimedia.org/w/api.php?action=query&generator=geosearch&ggscoord=46.96395167%7C-110.63891167&ggsradius=3500&ggsnamespace=6&prop=imageinfo&iiprop=url%7Csize%7Cmime%7Cextmetadata&format=json "HTTP/1.1 200 OK"
2026-09-04 14:15:03,973 [INFO] httpx: HTTP Request: GET https://commons.wikimedia.org/w/api.php?action=query&generator=geosearch&ggscoord=45.07061639%7C-113.42518174&ggsradius=3500&ggsnamespace=6&prop=imageinfo&iiprop=url%7Csize%7Cmime%7Cextmetadata&format=json "HTTP/1.1 200 OK"
2026-09-04 14:15:04,498 [INFO] httpx: HTTP Request: GET https://commons.wikimedia.org/w/api.php?action=query&generator=geosearch&ggscoord=45.095265%7C-109.90868167&ggsradius=3500&ggsnamespace=6&prop=imageinfo&iiprop=url%7Csize%7Cmime%7Cextmetadata&format=json "HTTP/1.1 200 OK"
2026-09-04 14:15:04,499 [INFO] httpx: HTTP Request: GET https://commons.wikimedia.org/w/api.php?action=query&generator=geosearch&ggscoord=45.55762012%7C-113.37338165&ggsradius=3500&ggsnamespace=6&prop=imageinfo&iiprop=url%7Csize%7Cmime%7Cextmetadata&format=json "HTTP/1.1 200 OK"
2026-09-04 14:15:04,510 [INFO] httpx: HTTP Request: GET https://commons.wikimedia.org/w/api.php?action=query&generator=geosearch&ggscoord=47.41484333%7C-113.73105167&ggsradius=3500&ggsnamespace=6&prop=imageinfo&iiprop=url%7Csize%7Cmime%7Cextmetadata&format=json "HTTP/1.1 200 OK"
2026-09-04 14:15:04,692 [INFO] httpx: HTTP Request: GET https://commons.wikimedia.org/w/api.php?action=query&generator=geosearch&ggscoord=43.85311667%7C-121.2159&ggsradius=3500&ggsnamespace=6&prop=imageinfo&iiprop=url%7Csize%7Cmime%7Cextmetadata&format=json "HTTP/1.1 200 OK"
2026-09-04 14:15:04,824 [INFO] httpx: HTTP Request: GET https://commons.wikimedia.org/w/api.php?action=query&generator=geosearch&ggscoord=45.55583276%7C-113.09215153&ggsradius=3500&ggsnamespace=6&prop=imageinfo&iiprop=url%7Csize%7Cmime%7Cextmetadata&format=json "HTTP/1.1 200 OK"
2026-09-04 14:15:05,233 [INFO] httpx: HTTP Request: GET https://commons.wikimedia.org/w/api.php?action=query&generator=geosearch&ggscoord=45.79115668%7C-115.03263867&ggsradius=3500&ggsnamespace=6&prop=imageinfo&iiprop=url%7Csize%7Cmime%7Cextmetadata&format=json "HTTP/1.1 200 OK"
2026-09-04 14:15:05,545 [INFO] httpx: HTTP Request: GET https://commons.wikimedia.org/w/api.php?action=query&generator=geosearch&ggscoord=48.56578482%7C-116.89396968&ggsradius=3500&ggsnamespace=6&prop=imageinfo&iiprop=url%7Csize%7Cmime%7Cextmetadata&format=json "HTTP/1.1 200 OK"
2026-09-04 14:15:05,605 [INFO] httpx: HTTP Request: GET https://commons.wikimedia.org/w/api.php?action=query&generator=geosearch&ggscoord=46.24793333%7C-113.21221667&ggsradius=3500&ggsnamespace=6&prop=imageinfo&iiprop=url%7Csize%7Cmime%7Cextmetadata&format=json "HTTP/1.1 200 OK"
2026-09-04 14:15:05,758 [INFO] httpx: HTTP Request: GET https://commons.wikimedia.org/w/api.php?action=query&generator=geosearch&ggscoord=43.6694%7C-114.1522&ggsradius=3500&ggsnamespace=6&prop=imageinfo&iiprop=url%7Csize%7Cmime%7Cextmetadata&format=json "HTTP/1.1 200 OK"
2026-09-04 14:15:05,874 [INFO] httpx: HTTP Request: GET https://commons.wikimedia.org/w/api.php?action=query&generator=geosearch&ggscoord=48.64214%7C-116.59543667&ggsradius=3500&ggsnamespace=6&prop=imageinfo&iiprop=url%7Csize%7Cmime%7Cextmetadata&format=json "HTTP/1.1 200 OK"
2026-09-04 14:15:06,071 [INFO] httpx: HTTP Request: GET https://commons.wikimedia.org/w/api.php?action=query&generator=geosearch&ggscoord=45.96614714%7C-112.8390342&ggsradius=3500&ggsnamespace=6&prop=imageinfo&iiprop=url%7Csize%7Cmime%7Cextmetadata&format=json "HTTP/1.1 200 OK"
2026-09-04 14:15:06,072 [INFO] httpx: HTTP Request: GET https://commons.wikimedia.org/w/api.php?action=query&generator=geosearch&ggscoord=47.90002431%7C-113.7186432&ggsradius=3500&ggsnamespace=6&prop=imageinfo&iiprop=url%7Csize%7Cmime%7Cextmetadata&format=json "HTTP/1.1 200 OK"
2026-09-04 14:15:06,260 [INFO] httpx: HTTP Request: GET https://commons.wikimedia.org/w/api.php?action=query&generator=geosearch&ggscoord=45.54344333%7C-103.18607333&ggsradius=3500&ggsnamespace=6&prop=imageinfo&iiprop=url%7Csize%7Cmime%7Cextmetadata&format=json "HTTP/1.1 200 OK"
2026-09-04 14:15:06,472 [INFO] httpx: HTTP Request: GET https://commons.wikimedia.org/w/api.php?action=query&generator=geosearch&ggscoord=45.91792931%7C-112.85902382&ggsradius=3500&ggsnamespace=6&prop=imageinfo&iiprop=url%7Csize%7Cmime%7Cextmetadata&format=json "HTTP/1.1 200 OK"
2026-09-04 14:15:07,274 [INFO] httpx: HTTP Request: GET https://commons.wikimedia.org/w/api.php?action=query&generator=geosearch&ggscoord=47.77066884%7C-116.5066508&ggsradius=3500&ggsnamespace=6&prop=imageinfo&iiprop=url%7Csize%7Cmime%7Cextmetadata&format=json "HTTP/1.1 200 OK"
2026-09-04 14:15:07,324 [INFO] httpx: HTTP Request: GET https://commons.wikimedia.org/w/api.php?action=query&generator=geosearch&ggscoord=40.14053414%7C-122.8291488&ggsradius=3500&ggsnamespace=6&prop=imageinfo&iiprop=url%7Csize%7Cmime%7Cextmetadata&format=json "HTTP/1.1 200 OK"
2026-09-04 14:15:07,351 [INFO] httpx: HTTP Request: GET https://commons.wikimedia.org/w/api.php?action=query&generator=geosearch&ggscoord=47.02606667%7C-111.06550667&ggsradius=3500&ggsnamespace=6&prop=imageinfo&iiprop=url%7Csize%7Cmime%7Cextmetadata&format=json "HTTP/1.1 200 OK"
2026-09-04 14:15:07,445 [INFO] httpx: HTTP Request: GET https://commons.wikimedia.org/w/api.php?action=query&generator=geosearch&ggscoord=46.30058336%7C-112.0347258&ggsradius=3500&ggsnamespace=6&prop=imageinfo&iiprop=url%7Csize%7Cmime%7Cextmetadata&format=json "HTTP/1.1 200 OK"
2026-09-04 14:15:07,517 [INFO] httpx: HTTP Request: GET https://commons.wikimedia.org/w/api.php?action=query&generator=geosearch&ggscoord=48.75946333%7C-115.547775&ggsradius=3500&ggsnamespace=6&prop=imageinfo&iiprop=url%7Csize%7Cmime%7Cextmetadata&format=json "HTTP/1.1 200 OK"
2026-09-04 14:15:07,848 [INFO] httpx: HTTP Request: GET https://commons.wikimedia.org/w/api.php?action=query&generator=geosearch&ggscoord=38.85452%7C-107.09187&ggsradius=3500&ggsnamespace=6&prop=imageinfo&iiprop=url%7Csize%7Cmime%7Cextmetadata&format=json "HTTP/1.1 200 OK"
2026-09-04 14:15:07,876 [INFO] httpx: HTTP Request: GET https://commons.wikimedia.org/w/api.php?action=query&generator=geosearch&ggscoord=45.18485167%7C-111.23647167&ggsradius=3500&ggsnamespace=6&prop=imageinfo&iiprop=url%7Csize%7Cmime%7Cextmetadata&format=json "HTTP/1.1 200 OK"
2026-09-04 14:15:08,496 [INFO] httpx: HTTP Request: GET https://commons.wikimedia.org/w/api.php?action=query&generator=geosearch&ggscoord=46.088584%7C-121.758917&ggsradius=3500&ggsnamespace=6&prop=imageinfo&iiprop=url%7Csize%7Cmime%7Cextmetadata&format=json "HTTP/1.1 200 OK"
2026-09-04 14:15:08,852 [INFO] httpx: HTTP Request: GET https://commons.wikimedia.org/w/api.php?action=query&generator=geosearch&ggscoord=45.04234%7C-111.92891667&ggsradius=3500&ggsnamespace=6&prop=imageinfo&iiprop=url%7Csize%7Cmime%7Cextmetadata&format=json "HTTP/1.1 200 OK"
2026-09-04 14:15:09,019 [INFO] httpx: HTTP Request: GET https://commons.wikimedia.org/w/api.php?action=query&generator=geosearch&ggscoord=46.07321167%7C-113.45089667&ggsradius=3500&ggsnamespace=6&prop=imageinfo&iiprop=url%7Csize%7Cmime%7Cextmetadata&format=json "HTTP/1.1 200 OK"
2026-09-04 14:15:09,216 [INFO] httpx: HTTP Request: GET https://commons.wikimedia.org/w/api.php?action=query&generator=geosearch&ggscoord=36.63611111%7C-81.71166667&ggsradius=3500&ggsnamespace=6&prop=imageinfo&iiprop=url%7Csize%7Cmime%7Cextmetadata&format=json "HTTP/1.1 200 OK"
2026-09-04 14:15:09,370 [INFO] httpx: HTTP Request: GET https://commons.wikimedia.org/w/api.php?action=query&generator=geosearch&ggscoord=48.63277167%7C-116.58893&ggsradius=3500&ggsnamespace=6&prop=imageinfo&iiprop=url%7Csize%7Cmime%7Cextmetadata&format=json "HTTP/1.1 200 OK"
2026-09-04 14:15:09,411 [INFO] httpx: HTTP Request: GET https://commons.wikimedia.org/w/api.php?action=query&generator=geosearch&ggscoord=46.1005%7C-113.36938167&ggsradius=3500&ggsnamespace=6&prop=imageinfo&iiprop=url%7Csize%7Cmime%7Cextmetadata&format=json "HTTP/1.1 200 OK"
2026-09-04 14:15:09,545 [INFO] httpx: HTTP Request: GET https://commons.wikimedia.org/w/api.php?action=query&generator=geosearch&ggscoord=37.9391%7C-107.6713&ggsradius=3500&ggsnamespace=6&prop=imageinfo&iiprop=url%7Csize%7Cmime%7Cextmetadata&format=json "HTTP/1.1 200 OK"
2026-09-04 14:15:09,740 [INFO] httpx: HTTP Request: GET https://commons.wikimedia.org/w/api.php?action=query&generator=geosearch&ggscoord=33.287558%7C-110.830946&ggsradius=3500&ggsnamespace=6&prop=imageinfo&iiprop=url%7Csize%7Cmime%7Cextmetadata&format=json "HTTP/1.1 200 OK"
2026-09-04 14:15:10,290 [INFO] httpx: HTTP Request: GET https://commons.wikimedia.org/w/api.php?action=query&generator=geosearch&ggscoord=46.56917167%7C-111.26148&ggsradius=3500&ggsnamespace=6&prop=imageinfo&iiprop=url%7Csize%7Cmime%7Cextmetadata&format=json "HTTP/1.1 200 OK"
2026-09-04 14:15:10,791 [INFO] httpx: HTTP Request: GET https://commons.wikimedia.org/w/api.php?action=query&generator=geosearch&ggscoord=44.5488982%7C-115.1426377&ggsradius=3500&ggsnamespace=6&prop=imageinfo&iiprop=url%7Csize%7Cmime%7Cextmetadata&format=json "HTTP/1.1 200 OK"
2026-09-04 14:15:10,879 [INFO] httpx: HTTP Request: GET https://commons.wikimedia.org/w/api.php?action=query&generator=geosearch&ggscoord=46.48901167%7C-111.30746667&ggsradius=3500&ggsnamespace=6&prop=imageinfo&iiprop=url%7Csize%7Cmime%7Cextmetadata&format=json "HTTP/1.1 200 OK"
2026-09-04 14:15:10,902 [INFO] httpx: HTTP Request: GET https://commons.wikimedia.org/w/api.php?action=query&generator=geosearch&ggscoord=45.04618667%7C-109.91840833&ggsradius=3500&ggsnamespace=6&prop=imageinfo&iiprop=url%7Csize%7Cmime%7Cextmetadata&format=json "HTTP/1.1 200 OK"
2026-09-04 14:15:11,002 [INFO] httpx: HTTP Request: GET https://commons.wikimedia.org/w/api.php?action=query&generator=geosearch&ggscoord=45.11280833%7C-110.59046667&ggsradius=3500&ggsnamespace=6&prop=imageinfo&iiprop=url%7Csize%7Cmime%7Cextmetadata&format=json "HTTP/1.1 200 OK"
2026-09-04 14:15:11,006 [INFO] httpx: HTTP Request: GET https://commons.wikimedia.org/w/api.php?action=query&generator=geosearch&ggscoord=47.194395%7C-113.41506833&ggsradius=3500&ggsnamespace=6&prop=imageinfo&iiprop=url%7Csize%7Cmime%7Cextmetadata&format=json "HTTP/1.1 200 OK"
2026-09-04 14:15:11,545 [INFO] httpx: HTTP Request: GET https://commons.wikimedia.org/w/api.php?action=query&generator=geosearch&ggscoord=48.6060948%7C-116.6337426&ggsradius=3500&ggsnamespace=6&prop=imageinfo&iiprop=url%7Csize%7Cmime%7Cextmetadata&format=json "HTTP/1.1 200 OK"
2026-09-04 14:15:11,838 [INFO] httpx: HTTP Request: GET https://commons.wikimedia.org/w/api.php?action=query&generator=geosearch&ggscoord=38.93006%7C-107.04737&ggsradius=3500&ggsnamespace=6&prop=imageinfo&iiprop=url%7Csize%7Cmime%7Cextmetadata&format=json "HTTP/1.1 200 OK"
2026-09-04 14:15:12,033 [INFO] httpx: HTTP Request: GET https://commons.wikimedia.org/w/api.php?action=query&generator=geosearch&ggscoord=44.91007167%7C-111.999125&ggsradius=3500&ggsnamespace=6&prop=imageinfo&iiprop=url%7Csize%7Cmime%7Cextmetadata&format=json "HTTP/1.1 200 OK"
2026-09-04 14:15:12,193 [INFO] httpx: HTTP Request: GET https://commons.wikimedia.org/w/api.php?action=query&generator=geosearch&ggscoord=45.10499667%7C-110.59281&ggsradius=3500&ggsnamespace=6&prop=imageinfo&iiprop=url%7Csize%7Cmime%7Cextmetadata&format=json "HTTP/1.1 200 OK"
2026-09-04 14:15:12,203 [INFO] httpx: HTTP Request: GET https://commons.wikimedia.org/w/api.php?action=query&generator=geosearch&ggscoord=48.56317935%7C-116.90059011&ggsradius=3500&ggsnamespace=6&prop=imageinfo&iiprop=url%7Csize%7Cmime%7Cextmetadata&format=json "HTTP/1.1 200 OK"
2026-09-04 14:15:12,266 [INFO] httpx: HTTP Request: GET https://commons.wikimedia.org/w/api.php?action=query&generator=geosearch&ggscoord=34.5424%7C-112.54778333&ggsradius=3500&ggsnamespace=6&prop=imageinfo&iiprop=url%7Csize%7Cmime%7Cextmetadata&format=json "HTTP/1.1 200 OK"
2026-09-04 14:15:12,385 [INFO] httpx: HTTP Request: GET https://commons.wikimedia.org/w/api.php?action=query&generator=geosearch&ggscoord=48.33158833%7C-116.00651&ggsradius=3500&ggsnamespace=6&prop=imageinfo&iiprop=url%7Csize%7Cmime%7Cextmetadata&format=json "HTTP/1.1 200 OK"
2026-09-04 14:15:13,018 [INFO] httpx: HTTP Request: GET https://commons.wikimedia.org/w/api.php?action=query&generator=geosearch&ggscoord=34.5424%7C-112.54778333&ggsradius=3500&ggsnamespace=6&prop=imageinfo&iiprop=url%7Csize%7Cmime%7Cextmetadata&format=json "HTTP/1.1 200 OK"
2026-09-04 14:15:13,056 [INFO] httpx: HTTP Request: GET https://commons.wikimedia.org/w/api.php?action=query&generator=geosearch&ggscoord=41.12615%7C-106.43118&ggsradius=3500&ggsnamespace=6&prop=imageinfo&iiprop=url%7Csize%7Cmime%7Cextmetadata&format=json "HTTP/1.1 200 OK"
2026-09-04 14:15:13,058 [INFO] httpx: HTTP Request: GET https://commons.wikimedia.org/w/api.php?action=query&generator=geosearch&ggscoord=46.03413373%7C-115.54739795&ggsradius=3500&ggsnamespace=6&prop=imageinfo&iiprop=url%7Csize%7Cmime%7Cextmetadata&format=json "HTTP/1.1 200 OK"
2026-09-04 14:15:13,468 [INFO] httpx: HTTP Request: GET https://commons.wikimedia.org/w/api.php?action=query&generator=geosearch&ggscoord=45.86782402%7C-112.85979205&ggsradius=3500&ggsnamespace=6&prop=imageinfo&iiprop=url%7Csize%7Cmime%7Cextmetadata&format=json "HTTP/1.1 200 OK"
2026-09-04 14:15:13,609 [INFO] httpx: HTTP Request: GET https://commons.wikimedia.org/w/api.php?action=query&generator=geosearch&ggscoord=46.27478167%7C-112.982325&ggsradius=3500&ggsnamespace=6&prop=imageinfo&iiprop=url%7Csize%7Cmime%7Cextmetadata&format=json "HTTP/1.1 200 OK"
2026-09-04 14:15:13,740 [INFO] httpx: HTTP Request: GET https://commons.wikimedia.org/w/api.php?action=query&generator=geosearch&ggscoord=48.62450667%7C-116.067125&ggsradius=3500&ggsnamespace=6&prop=imageinfo&iiprop=url%7Csize%7Cmime%7Cextmetadata&format=json "HTTP/1.1 200 OK"
2026-09-04 14:15:13,742 [INFO] httpx: HTTP Request: GET https://commons.wikimedia.org/w/api.php?action=query&generator=geosearch&ggscoord=38.93039%7C-106.77041&ggsradius=3500&ggsnamespace=6&prop=imageinfo&iiprop=url%7Csize%7Cmime%7Cextmetadata&format=json "HTTP/1.1 200 OK"
2026-09-04 14:15:14,267 [INFO] httpx: HTTP Request: GET https://commons.wikimedia.org/w/api.php?action=query&generator=geosearch&ggscoord=45.90249393%7C-112.7801231&ggsradius=3500&ggsnamespace=6&prop=imageinfo&iiprop=url%7Csize%7Cmime%7Cextmetadata&format=json "HTTP/1.1 200 OK"
2026-09-04 14:15:14,463 [INFO] httpx: HTTP Request: GET https://commons.wikimedia.org/w/api.php?action=query&generator=geosearch&ggscoord=33.26907222%7C-109.347375&ggsradius=3500&ggsnamespace=6&prop=imageinfo&iiprop=url%7Csize%7Cmime%7Cextmetadata&format=json "HTTP/1.1 200 OK"
2026-09-04 14:15:14,520 [INFO] httpx: HTTP Request: GET https://commons.wikimedia.org/w/api.php?action=query&generator=geosearch&ggscoord=45.762405%7C-114.35828667&ggsradius=3500&ggsnamespace=6&prop=imageinfo&iiprop=url%7Csize%7Cmime%7Cextmetadata&format=json "HTTP/1.1 200 OK"
2026-09-04 14:15:14,651 [INFO] httpx: HTTP Request: GET https://commons.wikimedia.org/w/api.php?action=query&generator=geosearch&ggscoord=46.56977667%7C-113.83957&ggsradius=3500&ggsnamespace=6&prop=imageinfo&iiprop=url%7Csize%7Cmime%7Cextmetadata&format=json "HTTP/1.1 200 OK"
2026-09-04 14:15:14,803 [INFO] httpx: HTTP Request: GET https://commons.wikimedia.org/w/api.php?action=query&generator=geosearch&ggscoord=47.01775979%7C-116.73591128&ggsradius=3500&ggsnamespace=6&prop=imageinfo&iiprop=url%7Csize%7Cmime%7Cextmetadata&format=json "HTTP/1.1 200 OK"
2026-09-04 14:15:14,988 [INFO] httpx: HTTP Request: GET https://commons.wikimedia.org/w/api.php?action=query&generator=geosearch&ggscoord=45.34359248%7C-113.54142626&ggsradius=3500&ggsnamespace=6&prop=imageinfo&iiprop=url%7Csize%7Cmime%7Cextmetadata&format=json "HTTP/1.1 200 OK"
2026-09-04 14:15:15,316 [INFO] httpx: HTTP Request: GET https://commons.wikimedia.org/w/api.php?action=query&generator=geosearch&ggscoord=46.23366833%7C-113.74745667&ggsradius=3500&ggsnamespace=6&prop=imageinfo&iiprop=url%7Csize%7Cmime%7Cextmetadata&format=json "HTTP/1.1 200 OK"
2026-09-04 14:15:15,393 [INFO] httpx: HTTP Request: GET https://commons.wikimedia.org/w/api.php?action=query&generator=geosearch&ggscoord=37.79137116%7C-107.1620916&ggsradius=3500&ggsnamespace=6&prop=imageinfo&iiprop=url%7Csize%7Cmime%7Cextmetadata&format=json "HTTP/1.1 200 OK"
2026-09-04 14:15:15,839 [INFO] httpx: HTTP Request: GET https://commons.wikimedia.org/w/api.php?action=query&generator=geosearch&ggscoord=46.74008667%7C-110.43095&ggsradius=3500&ggsnamespace=6&prop=imageinfo&iiprop=url%7Csize%7Cmime%7Cextmetadata&format=json "HTTP/1.1 200 OK"
2026-09-04 14:15:15,875 [INFO] httpx: HTTP Request: GET https://commons.wikimedia.org/w/api.php?action=query&generator=geosearch&ggscoord=39.253141%7C-122.951779&ggsradius=3500&ggsnamespace=6&prop=imageinfo&iiprop=url%7Csize%7Cmime%7Cextmetadata&format=json "HTTP/1.1 200 OK"
2026-09-04 14:15:16,057 [INFO] httpx: HTTP Request: GET https://commons.wikimedia.org/w/api.php?action=query&generator=geosearch&ggscoord=34.831326%7C-119.209301&ggsradius=3500&ggsnamespace=6&prop=imageinfo&iiprop=url%7Csize%7Cmime%7Cextmetadata&format=json "HTTP/1.1 200 OK"
2026-09-04 14:15:16,650 [INFO] httpx: HTTP Request: GET https://commons.wikimedia.org/w/api.php?action=query&generator=geosearch&ggscoord=33.284496%7C-110.822052&ggsradius=3500&ggsnamespace=6&prop=imageinfo&iiprop=url%7Csize%7Cmime%7Cextmetadata&format=json "HTTP/1.1 200 OK"
2026-09-04 14:15:16,889 [INFO] httpx: HTTP Request: GET https://commons.wikimedia.org/w/api.php?action=query&generator=geosearch&ggscoord=46.29307%7C-111.10585167&ggsradius=3500&ggsnamespace=6&prop=imageinfo&iiprop=url%7Csize%7Cmime%7Cextmetadata&format=json "HTTP/1.1 200 OK"
2026-09-04 14:15:16,891 [INFO] httpx: HTTP Request: GET https://commons.wikimedia.org/w/api.php?action=query&generator=geosearch&ggscoord=46.11510524%7C-112.1607924&ggsradius=3500&ggsnamespace=6&prop=imageinfo&iiprop=url%7Csize%7Cmime%7Cextmetadata&format=json "HTTP/1.1 200 OK"
2026-09-04 14:15:16,927 [INFO] httpx: HTTP Request: GET https://commons.wikimedia.org/w/api.php?action=query&generator=geosearch&ggscoord=38.84937%7C-107.09985&ggsradius=3500&ggsnamespace=6&prop=imageinfo&iiprop=url%7Csize%7Cmime%7Cextmetadata&format=json "HTTP/1.1 200 OK"
2026-09-04 14:15:17,414 [INFO] httpx: HTTP Request: GET https://commons.wikimedia.org/w/api.php?action=query&generator=geosearch&ggscoord=44.88639%7C-111.74009167&ggsradius=3500&ggsnamespace=6&prop=imageinfo&iiprop=url%7Csize%7Cmime%7Cextmetadata&format=json "HTTP/1.1 200 OK"
2026-09-04 14:15:17,415 [INFO] httpx: HTTP Request: GET https://commons.wikimedia.org/w/api.php?action=query&generator=geosearch&ggscoord=47.06551833%7C-110.72688333&ggsradius=3500&ggsnamespace=6&prop=imageinfo&iiprop=url%7Csize%7Cmime%7Cextmetadata&format=json "HTTP/1.1 200 OK"
2026-09-04 14:15:17,667 [INFO] httpx: HTTP Request: GET https://commons.wikimedia.org/w/api.php?action=query&generator=geosearch&ggscoord=45.59059333%7C-104.16568167&ggsradius=3500&ggsnamespace=6&prop=imageinfo&iiprop=url%7Csize%7Cmime%7Cextmetadata&format=json "HTTP/1.1 200 OK"
2026-09-04 14:15:17,697 [INFO] httpx: HTTP Request: GET https://commons.wikimedia.org/w/api.php?action=query&generator=geosearch&ggscoord=38.84936%7C-107.10001&ggsradius=3500&ggsnamespace=6&prop=imageinfo&iiprop=url%7Csize%7Cmime%7Cextmetadata&format=json "HTTP/1.1 200 OK"
2026-09-04 14:15:18,663 [INFO] httpx: HTTP Request: GET https://commons.wikimedia.org/w/api.php?action=query&generator=geosearch&ggscoord=45.934576%7C-115.513354&ggsradius=3500&ggsnamespace=6&prop=imageinfo&iiprop=url%7Csize%7Cmime%7Cextmetadata&format=json "HTTP/1.1 200 OK"
2026-09-04 14:15:18,855 [INFO] httpx: HTTP Request: GET https://commons.wikimedia.org/w/api.php?action=query&generator=geosearch&ggscoord=39.046198%7C-105.453903&ggsradius=3500&ggsnamespace=6&prop=imageinfo&iiprop=url%7Csize%7Cmime%7Cextmetadata&format=json "HTTP/1.1 200 OK"
2026-09-04 14:15:19,048 [INFO] httpx: HTTP Request: GET https://commons.wikimedia.org/w/api.php?action=query&generator=geosearch&ggscoord=47.615755%7C-112.791405&ggsradius=3500&ggsnamespace=6&prop=imageinfo&iiprop=url%7Csize%7Cmime%7Cextmetadata&format=json "HTTP/1.1 200 OK"
2026-09-04 14:15:19,049 [INFO] httpx: HTTP Request: GET https://commons.wikimedia.org/w/api.php?action=query&generator=geosearch&ggscoord=34.50861111%7C-118.4527778&ggsradius=3500&ggsnamespace=6&prop=imageinfo&iiprop=url%7Csize%7Cmime%7Cextmetadata&format=json "HTTP/1.1 200 OK"
2026-09-04 14:15:19,511 [INFO] httpx: HTTP Request: GET https://commons.wikimedia.org/w/api.php?action=query&generator=geosearch&ggscoord=43.77503355%7C-110.50627925&ggsradius=3500&ggsnamespace=6&prop=imageinfo&iiprop=url%7Csize%7Cmime%7Cextmetadata&format=json "HTTP/1.1 200 OK"
2026-09-04 14:15:19,585 [INFO] httpx: HTTP Request: GET https://commons.wikimedia.org/w/api.php?action=query&generator=geosearch&ggscoord=43.76418443%7C-110.5519619&ggsradius=3500&ggsnamespace=6&prop=imageinfo&iiprop=url%7Csize%7Cmime%7Cextmetadata&format=json "HTTP/1.1 200 OK"
2026-09-04 14:15:19,608 [INFO] httpx: HTTP Request: GET https://commons.wikimedia.org/w/api.php?action=query&generator=geosearch&ggscoord=46.916555%7C-110.567315&ggsradius=3500&ggsnamespace=6&prop=imageinfo&iiprop=url%7Csize%7Cmime%7Cextmetadata&format=json "HTTP/1.1 200 OK"
2026-09-04 14:15:20,034 [INFO] httpx: HTTP Request: GET https://commons.wikimedia.org/w/api.php?action=query&generator=geosearch&ggscoord=37.36083333%7C-80.42055556&ggsradius=3500&ggsnamespace=6&prop=imageinfo&iiprop=url%7Csize%7Cmime%7Cextmetadata&format=json "HTTP/1.1 200 OK"
2026-09-04 14:15:20,121 [INFO] httpx: HTTP Request: GET https://commons.wikimedia.org/w/api.php?action=query&generator=geosearch&ggscoord=47.31740152%7C-115.2452449&ggsradius=3500&ggsnamespace=6&prop=imageinfo&iiprop=url%7Csize%7Cmime%7Cextmetadata&format=json "HTTP/1.1 200 OK"
2026-09-04 14:15:20,231 [INFO] httpx: HTTP Request: GET https://commons.wikimedia.org/w/api.php?action=query&generator=geosearch&ggscoord=46.852115%7C-110.30911&ggsradius=3500&ggsnamespace=6&prop=imageinfo&iiprop=url%7Csize%7Cmime%7Cextmetadata&format=json "HTTP/1.1 200 OK"
2026-09-04 14:15:20,561 [INFO] httpx: HTTP Request: GET https://commons.wikimedia.org/w/api.php?action=query&generator=geosearch&ggscoord=48.05705556%7C-113.64419444&ggsradius=3500&ggsnamespace=6&prop=imageinfo&iiprop=url%7Csize%7Cmime%7Cextmetadata&format=json "HTTP/1.1 200 OK"
2026-09-04 14:15:20,581 [INFO] httpx: HTTP Request: GET https://commons.wikimedia.org/w/api.php?action=query&generator=geosearch&ggscoord=48.278535%7C-113.93721667&ggsradius=3500&ggsnamespace=6&prop=imageinfo&iiprop=url%7Csize%7Cmime%7Cextmetadata&format=json "HTTP/1.1 200 OK"
2026-09-04 14:15:21,167 [INFO] httpx: HTTP Request: GET https://commons.wikimedia.org/w/api.php?action=query&generator=geosearch&ggscoord=47.73583749%7C-116.3598563&ggsradius=3500&ggsnamespace=6&prop=imageinfo&iiprop=url%7Csize%7Cmime%7Cextmetadata&format=json "HTTP/1.1 200 OK"
2026-09-04 14:15:21,428 [INFO] httpx: HTTP Request: GET https://commons.wikimedia.org/w/api.php?action=query&generator=geosearch&ggscoord=45.04970667%7C-111.83943&ggsradius=3500&ggsnamespace=6&prop=imageinfo&iiprop=url%7Csize%7Cmime%7Cextmetadata&format=json "HTTP/1.1 200 OK"
2026-09-04 14:15:21,610 [INFO] httpx: HTTP Request: GET https://commons.wikimedia.org/w/api.php?action=query&generator=geosearch&ggscoord=46.51809989%7C-113.5152995&ggsradius=3500&ggsnamespace=6&prop=imageinfo&iiprop=url%7Csize%7Cmime%7Cextmetadata&format=json "HTTP/1.1 200 OK"
2026-09-04 14:15:21,917 [INFO] httpx: HTTP Request: GET https://commons.wikimedia.org/w/api.php?action=query&generator=geosearch&ggscoord=48.51392779%7C-115.28929398&ggsradius=3500&ggsnamespace=6&prop=imageinfo&iiprop=url%7Csize%7Cmime%7Cextmetadata&format=json "HTTP/1.1 200 OK"
2026-09-04 14:15:21,944 [INFO] httpx: HTTP Request: GET https://commons.wikimedia.org/w/api.php?action=query&generator=geosearch&ggscoord=47.20644667%7C-114.61173&ggsradius=3500&ggsnamespace=6&prop=imageinfo&iiprop=url%7Csize%7Cmime%7Cextmetadata&format=json "HTTP/1.1 200 OK"
2026-09-04 14:15:21,999 [INFO] httpx: HTTP Request: GET https://commons.wikimedia.org/w/api.php?action=query&generator=geosearch&ggscoord=43.7723788%7C-110.484137&ggsradius=3500&ggsnamespace=6&prop=imageinfo&iiprop=url%7Csize%7Cmime%7Cextmetadata&format=json "HTTP/1.1 200 OK"
2026-09-04 14:15:22,135 [INFO] httpx: HTTP Request: GET https://commons.wikimedia.org/w/api.php?action=query&generator=geosearch&ggscoord=44.6939948%7C-111.264274&ggsradius=3500&ggsnamespace=6&prop=imageinfo&iiprop=url%7Csize%7Cmime%7Cextmetadata&format=json "HTTP/1.1 200 OK"
2026-09-04 14:15:22,138 [INFO] httpx: HTTP Request: GET https://commons.wikimedia.org/w/api.php?action=query&generator=geosearch&ggscoord=45.31241833%7C-106.256495&ggsradius=3500&ggsnamespace=6&prop=imageinfo&iiprop=url%7Csize%7Cmime%7Cextmetadata&format=json "HTTP/1.1 200 OK"
2026-09-04 14:15:23,183 [INFO] httpx: HTTP Request: GET https://commons.wikimedia.org/w/api.php?action=query&generator=geosearch&ggscoord=47.8736859%7C-90.88651244&ggsradius=3500&ggsnamespace=6&prop=imageinfo&iiprop=url%7Csize%7Cmime%7Cextmetadata&format=json "HTTP/1.1 200 OK"
2026-09-04 14:15:23,441 [INFO] httpx: HTTP Request: GET https://commons.wikimedia.org/w/api.php?action=query&generator=geosearch&ggscoord=47.38684%7C-113.563735&ggsradius=3500&ggsnamespace=6&prop=imageinfo&iiprop=url%7Csize%7Cmime%7Cextmetadata&format=json "HTTP/1.1 200 OK"
2026-09-04 14:15:23,565 [INFO] httpx: HTTP Request: GET https://commons.wikimedia.org/w/api.php?action=query&generator=geosearch&ggscoord=38.93362%7C-107.01854&ggsradius=3500&ggsnamespace=6&prop=imageinfo&iiprop=url%7Csize%7Cmime%7Cextmetadata&format=json "HTTP/1.1 200 OK"
2026-09-04 14:15:23,752 [INFO] httpx: HTTP Request: GET https://commons.wikimedia.org/w/api.php?action=query&generator=geosearch&ggscoord=45.75326649%7C-112.0373817&ggsradius=3500&ggsnamespace=6&prop=imageinfo&iiprop=url%7Csize%7Cmime%7Cextmetadata&format=json "HTTP/1.1 200 OK"
2026-09-04 14:15:23,767 [INFO] httpx: HTTP Request: GET https://commons.wikimedia.org/w/api.php?action=query&generator=geosearch&ggscoord=45.94040985%7C-112.3716322&ggsradius=3500&ggsnamespace=6&prop=imageinfo&iiprop=url%7Csize%7Cmime%7Cextmetadata&format=json "HTTP/1.1 200 OK"
2026-09-04 14:15:23,792 [INFO] httpx: HTTP Request: GET https://commons.wikimedia.org/w/api.php?action=query&generator=geosearch&ggscoord=46.22073993%7C-112.4763859&ggsradius=3500&ggsnamespace=6&prop=imageinfo&iiprop=url%7Csize%7Cmime%7Cextmetadata&format=json "HTTP/1.1 200 OK"
2026-09-04 14:15:24,070 [INFO] httpx: HTTP Request: GET https://commons.wikimedia.org/w/api.php?action=query&generator=geosearch&ggscoord=48.978178%7C-115.278181&ggsradius=3500&ggsnamespace=6&prop=imageinfo&iiprop=url%7Csize%7Cmime%7Cextmetadata&format=json "HTTP/1.1 200 OK"
2026-09-04 14:15:24,755 [INFO] httpx: HTTP Request: GET https://commons.wikimedia.org/w/api.php?action=query&generator=geosearch&ggscoord=46.2467235%7C-111.9697593&ggsradius=3500&ggsnamespace=6&prop=imageinfo&iiprop=url%7Csize%7Cmime%7Cextmetadata&format=json "HTTP/1.1 200 OK"
2026-09-04 14:15:24,949 [INFO] httpx: HTTP Request: GET https://commons.wikimedia.org/w/api.php?action=query&generator=geosearch&ggscoord=45.34440454%7C-110.2263536&ggsradius=3500&ggsnamespace=6&prop=imageinfo&iiprop=url%7Csize%7Cmime%7Cextmetadata&format=json "HTTP/1.1 200 OK"
2026-09-04 14:15:25,083 [INFO] httpx: HTTP Request: GET https://commons.wikimedia.org/w/api.php?action=query&generator=geosearch&ggscoord=47.6535871%7C-116.0903699&ggsradius=3500&ggsnamespace=6&prop=imageinfo&iiprop=url%7Csize%7Cmime%7Cextmetadata&format=json "HTTP/1.1 200 OK"
2026-09-04 14:15:25,134 [INFO] httpx: HTTP Request: GET https://commons.wikimedia.org/w/api.php?action=query&generator=geosearch&ggscoord=48.77575%7C-116.15652833&ggsradius=3500&ggsnamespace=6&prop=imageinfo&iiprop=url%7Csize%7Cmime%7Cextmetadata&format=json "HTTP/1.1 200 OK"
2026-09-04 14:15:25,476 [INFO] httpx: HTTP Request: GET https://commons.wikimedia.org/w/api.php?action=query&generator=geosearch&ggscoord=46.09245333%7C-113.36957667&ggsradius=3500&ggsnamespace=6&prop=imageinfo&iiprop=url%7Csize%7Cmime%7Cextmetadata&format=json "HTTP/1.1 200 OK"
2026-09-04 14:15:25,645 [INFO] httpx: HTTP Request: GET https://commons.wikimedia.org/w/api.php?action=query&generator=geosearch&ggscoord=48.70436167%7C-116.62222833&ggsradius=3500&ggsnamespace=6&prop=imageinfo&iiprop=url%7Csize%7Cmime%7Cextmetadata&format=json "HTTP/1.1 200 OK"
2026-09-04 14:15:25,804 [INFO] httpx: HTTP Request: GET https://commons.wikimedia.org/w/api.php?action=query&generator=geosearch&ggscoord=44.98435%7C-111.93391667&ggsradius=3500&ggsnamespace=6&prop=imageinfo&iiprop=url%7Csize%7Cmime%7Cextmetadata&format=json "HTTP/1.1 200 OK"
2026-09-04 14:15:26,083 [INFO] httpx: HTTP Request: GET https://commons.wikimedia.org/w/api.php?action=query&generator=geosearch&ggscoord=42.701667%7C-123.939444&ggsradius=3500&ggsnamespace=6&prop=imageinfo&iiprop=url%7Csize%7Cmime%7Cextmetadata&format=json "HTTP/1.1 200 OK"
2026-09-04 14:15:26,524 [INFO] httpx: HTTP Request: GET https://commons.wikimedia.org/w/api.php?action=query&generator=geosearch&ggscoord=46.26180806%7C-86.43293973&ggsradius=3500&ggsnamespace=6&prop=imageinfo&iiprop=url%7Csize%7Cmime%7Cextmetadata&format=json "HTTP/1.1 200 OK"
2026-09-04 14:15:26,692 [INFO] httpx: HTTP Request: GET https://commons.wikimedia.org/w/api.php?action=query&generator=geosearch&ggscoord=48.79066833%7C-116.61920333&ggsradius=3500&ggsnamespace=6&prop=imageinfo&iiprop=url%7Csize%7Cmime%7Cextmetadata&format=json "HTTP/1.1 200 OK"
2026-09-04 14:15:26,853 [INFO] httpx: HTTP Request: GET https://commons.wikimedia.org/w/api.php?action=query&generator=geosearch&ggscoord=47.11200693%7C-113.14907828&ggsradius=3500&ggsnamespace=6&prop=imageinfo&iiprop=url%7Csize%7Cmime%7Cextmetadata&format=json "HTTP/1.1 200 OK"
2026-09-04 14:15:26,855 [INFO] httpx: HTTP Request: GET https://commons.wikimedia.org/w/api.php?action=query&generator=geosearch&ggscoord=45.05625%7C-109.93006333&ggsradius=3500&ggsnamespace=6&prop=imageinfo&iiprop=url%7Csize%7Cmime%7Cextmetadata&format=json "HTTP/1.1 200 OK"
2026-09-04 14:15:26,858 [INFO] httpx: HTTP Request: GET https://commons.wikimedia.org/w/api.php?action=query&generator=geosearch&ggscoord=43.76064308%7C-110.55363164&ggsradius=3500&ggsnamespace=6&prop=imageinfo&iiprop=url%7Csize%7Cmime%7Cextmetadata&format=json "HTTP/1.1 200 OK"
2026-09-04 14:15:27,187 [INFO] httpx: HTTP Request: GET https://commons.wikimedia.org/w/api.php?action=query&generator=geosearch&ggscoord=39.031128%7C-105.41778&ggsradius=3500&ggsnamespace=6&prop=imageinfo&iiprop=url%7Csize%7Cmime%7Cextmetadata&format=json "HTTP/1.1 200 OK"
2026-09-04 14:15:27,404 [INFO] httpx: HTTP Request: GET https://commons.wikimedia.org/w/api.php?action=query&generator=geosearch&ggscoord=48.63838667%7C-116.56255667&ggsradius=3500&ggsnamespace=6&prop=imageinfo&iiprop=url%7Csize%7Cmime%7Cextmetadata&format=json "HTTP/1.1 200 OK"
2026-09-04 14:15:27,576 [INFO] httpx: HTTP Request: GET https://commons.wikimedia.org/w/api.php?action=query&generator=geosearch&ggscoord=45.17002558%7C-113.52733161&ggsradius=3500&ggsnamespace=6&prop=imageinfo&iiprop=url%7Csize%7Cmime%7Cextmetadata&format=json "HTTP/1.1 200 OK"
2026-09-04 14:15:27,800 [INFO] httpx: HTTP Request: GET https://commons.wikimedia.org/w/api.php?action=query&generator=geosearch&ggscoord=47.639309%7C-91.126235&ggsradius=3500&ggsnamespace=6&prop=imageinfo&iiprop=url%7Csize%7Cmime%7Cextmetadata&format=json "HTTP/1.1 200 OK"
2026-09-04 14:15:28,098 [INFO] httpx: HTTP Request: GET https://commons.wikimedia.org/w/api.php?action=query&generator=geosearch&ggscoord=46.46164833%7C-113.33795&ggsradius=3500&ggsnamespace=6&prop=imageinfo&iiprop=url%7Csize%7Cmime%7Cextmetadata&format=json "HTTP/1.1 200 OK"
2026-09-04 14:15:28,424 [INFO] httpx: HTTP Request: GET https://commons.wikimedia.org/w/api.php?action=query&generator=geosearch&ggscoord=46.25268168%7C-115.7077335&ggsradius=3500&ggsnamespace=6&prop=imageinfo&iiprop=url%7Csize%7Cmime%7Cextmetadata&format=json "HTTP/1.1 200 OK"
2026-09-04 14:15:28,623 [INFO] httpx: HTTP Request: GET https://commons.wikimedia.org/w/api.php?action=query&generator=geosearch&ggscoord=47.57526167%7C-116.55446333&ggsradius=3500&ggsnamespace=6&prop=imageinfo&iiprop=url%7Csize%7Cmime%7Cextmetadata&format=json "HTTP/1.1 200 OK"
2026-09-04 14:15:28,645 [INFO] httpx: HTTP Request: GET https://commons.wikimedia.org/w/api.php?action=query&generator=geosearch&ggscoord=36.65638889%7C-81.53666667&ggsradius=3500&ggsnamespace=6&prop=imageinfo&iiprop=url%7Csize%7Cmime%7Cextmetadata&format=json "HTTP/1.1 200 OK"
2026-09-04 14:15:28,949 [INFO] httpx: HTTP Request: GET https://commons.wikimedia.org/w/api.php?action=query&generator=geosearch&ggscoord=38.543197%7C-119.881381&ggsradius=3500&ggsnamespace=6&prop=imageinfo&iiprop=url%7Csize%7Cmime%7Cextmetadata&format=json "HTTP/1.1 200 OK"
2026-09-04 14:15:28,950 [INFO] httpx: HTTP Request: GET https://commons.wikimedia.org/w/api.php?action=query&generator=geosearch&ggscoord=47.16901333%7C-113.36395167&ggsradius=3500&ggsnamespace=6&prop=imageinfo&iiprop=url%7Csize%7Cmime%7Cextmetadata&format=json "HTTP/1.1 200 OK"
2026-09-04 14:15:29,145 [INFO] httpx: HTTP Request: GET https://commons.wikimedia.org/w/api.php?action=query&generator=geosearch&ggscoord=48.71372333%7C-116.65780667&ggsradius=3500&ggsnamespace=6&prop=imageinfo&iiprop=url%7Csize%7Cmime%7Cextmetadata&format=json "HTTP/1.1 200 OK"
2026-09-04 14:15:29,811 [INFO] httpx: HTTP Request: GET https://commons.wikimedia.org/w/api.php?action=query&generator=geosearch&ggscoord=38.94469%7C-107.02766&ggsradius=3500&ggsnamespace=6&prop=imageinfo&iiprop=url%7Csize%7Cmime%7Cextmetadata&format=json "HTTP/1.1 200 OK"
2026-09-04 14:15:29,822 [INFO] httpx: HTTP Request: GET https://commons.wikimedia.org/w/api.php?action=query&generator=geosearch&ggscoord=45.7119762%7C-112.4532155&ggsradius=3500&ggsnamespace=6&prop=imageinfo&iiprop=url%7Csize%7Cmime%7Cextmetadata&format=json "HTTP/1.1 200 OK"
2026-09-04 14:15:29,999 [INFO] httpx: HTTP Request: GET https://commons.wikimedia.org/w/api.php?action=query&generator=geosearch&ggscoord=46.85299%7C-112.72780167&ggsradius=3500&ggsnamespace=6&prop=imageinfo&iiprop=url%7Csize%7Cmime%7Cextmetadata&format=json "HTTP/1.1 200 OK"
2026-09-04 14:15:30,000 [INFO] httpx: HTTP Request: GET https://commons.wikimedia.org/w/api.php?action=query&generator=geosearch&ggscoord=47.76849779%7C-116.5350191&ggsradius=3500&ggsnamespace=6&prop=imageinfo&iiprop=url%7Csize%7Cmime%7Cextmetadata&format=json "HTTP/1.1 200 OK"
2026-09-04 14:15:30,001 [INFO] httpx: HTTP Request: GET https://commons.wikimedia.org/w/api.php?action=query&generator=geosearch&ggscoord=47.88962%7C-116.091935&ggsradius=3500&ggsnamespace=6&prop=imageinfo&iiprop=url%7Csize%7Cmime%7Cextmetadata&format=json "HTTP/1.1 200 OK"
2026-09-04 14:15:30,522 [INFO] httpx: HTTP Request: GET https://commons.wikimedia.org/w/api.php?action=query&generator=geosearch&ggscoord=45.41680667%7C-111.130415&ggsradius=3500&ggsnamespace=6&prop=imageinfo&iiprop=url%7Csize%7Cmime%7Cextmetadata&format=json "HTTP/1.1 200 OK"
2026-09-04 14:15:30,841 [INFO] httpx: HTTP Request: GET https://commons.wikimedia.org/w/api.php?action=query&generator=geosearch&ggscoord=45.16632115%7C-119.3338404&ggsradius=3500&ggsnamespace=6&prop=imageinfo&iiprop=url%7Csize%7Cmime%7Cextmetadata&format=json "HTTP/1.1 200 OK"
2026-09-04 14:15:30,877 [INFO] httpx: HTTP Request: GET https://commons.wikimedia.org/w/api.php?action=query&generator=geosearch&ggscoord=48.83032333%7C-115.28350667&ggsradius=3500&ggsnamespace=6&prop=imageinfo&iiprop=url%7Csize%7Cmime%7Cextmetadata&format=json "HTTP/1.1 200 OK"
2026-09-04 14:15:31,593 [INFO] httpx: HTTP Request: GET https://commons.wikimedia.org/w/api.php?action=query&generator=geosearch&ggscoord=45.45633333%7C-111.95926333&ggsradius=3500&ggsnamespace=6&prop=imageinfo&iiprop=url%7Csize%7Cmime%7Cextmetadata&format=json "HTTP/1.1 200 OK"
2026-09-04 14:15:31,768 [INFO] httpx: HTTP Request: GET https://commons.wikimedia.org/w/api.php?action=query&generator=geosearch&ggscoord=45.78773667%7C-114.37222667&ggsradius=3500&ggsnamespace=6&prop=imageinfo&iiprop=url%7Csize%7Cmime%7Cextmetadata&format=json "HTTP/1.1 200 OK"
2026-09-04 14:15:31,874 [INFO] httpx: HTTP Request: GET https://commons.wikimedia.org/w/api.php?action=query&generator=geosearch&ggscoord=47.033225%7C-112.72307&ggsradius=3500&ggsnamespace=6&prop=imageinfo&iiprop=url%7Csize%7Cmime%7Cextmetadata&format=json "HTTP/1.1 200 OK"
2026-09-04 14:15:31,972 [INFO] httpx: HTTP Request: GET https://commons.wikimedia.org/w/api.php?action=query&generator=geosearch&ggscoord=47.89799667%7C-115.969755&ggsradius=3500&ggsnamespace=6&prop=imageinfo&iiprop=url%7Csize%7Cmime%7Cextmetadata&format=json "HTTP/1.1 200 OK"
2026-09-04 14:15:32,095 [INFO] httpx: HTTP Request: GET https://commons.wikimedia.org/w/api.php?action=query&generator=geosearch&ggscoord=45.20179667%7C-111.23927167&ggsradius=3500&ggsnamespace=6&prop=imageinfo&iiprop=url%7Csize%7Cmime%7Cextmetadata&format=json "HTTP/1.1 200 OK"
2026-09-04 14:15:32,097 [INFO] httpx: HTTP Request: GET https://commons.wikimedia.org/w/api.php?action=query&generator=geosearch&ggscoord=37.381121%7C-108.076992&ggsradius=3500&ggsnamespace=6&prop=imageinfo&iiprop=url%7Csize%7Cmime%7Cextmetadata&format=json "HTTP/1.1 200 OK"
2026-09-04 14:15:32,126 [INFO] httpx: HTTP Request: GET https://commons.wikimedia.org/w/api.php?action=query&generator=geosearch&ggscoord=45.80159%7C-110.79722&ggsradius=3500&ggsnamespace=6&prop=imageinfo&iiprop=url%7Csize%7Cmime%7Cextmetadata&format=json "HTTP/1.1 200 OK"
2026-09-04 14:15:32,817 [INFO] httpx: HTTP Request: GET https://commons.wikimedia.org/w/api.php?action=query&generator=geosearch&ggscoord=48.5726654%7C-116.89379842&ggsradius=3500&ggsnamespace=6&prop=imageinfo&iiprop=url%7Csize%7Cmime%7Cextmetadata&format=json "HTTP/1.1 200 OK"
2026-09-04 14:15:33,206 [INFO] httpx: HTTP Request: GET https://commons.wikimedia.org/w/api.php?action=query&generator=geosearch&ggscoord=45.44277667%7C-111.21447333&ggsradius=3500&ggsnamespace=6&prop=imageinfo&iiprop=url%7Csize%7Cmime%7Cextmetadata&format=json "HTTP/1.1 200 OK"
2026-09-04 14:15:33,339 [INFO] httpx: HTTP Request: GET https://commons.wikimedia.org/w/api.php?action=query&generator=geosearch&ggscoord=40.82861301%7C-122.4245156&ggsradius=3500&ggsnamespace=6&prop=imageinfo&iiprop=url%7Csize%7Cmime%7Cextmetadata&format=json "HTTP/1.1 200 OK"
2026-09-04 14:15:33,353 [INFO] httpx: HTTP Request: GET https://commons.wikimedia.org/w/api.php?action=query&generator=geosearch&ggscoord=45.49177%7C-112.01842&ggsradius=3500&ggsnamespace=6&prop=imageinfo&iiprop=url%7Csize%7Cmime%7Cextmetadata&format=json "HTTP/1.1 200 OK"
2026-09-04 14:15:33,395 [INFO] httpx: HTTP Request: GET https://commons.wikimedia.org/w/api.php?action=query&generator=geosearch&ggscoord=47.07311667%7C-112.37061833&ggsradius=3500&ggsnamespace=6&prop=imageinfo&iiprop=url%7Csize%7Cmime%7Cextmetadata&format=json "HTTP/1.1 200 OK"
2026-09-04 14:15:33,694 [INFO] httpx: HTTP Request: GET https://commons.wikimedia.org/w/api.php?action=query&generator=geosearch&ggscoord=48.63222%7C-116.561555&ggsradius=3500&ggsnamespace=6&prop=imageinfo&iiprop=url%7Csize%7Cmime%7Cextmetadata&format=json "HTTP/1.1 200 OK"
2026-09-04 14:15:33,770 [INFO] httpx: HTTP Request: GET https://commons.wikimedia.org/w/api.php?action=query&generator=geosearch&ggscoord=45.84220179%7C-115.020596&ggsradius=3500&ggsnamespace=6&prop=imageinfo&iiprop=url%7Csize%7Cmime%7Cextmetadata&format=json "HTTP/1.1 200 OK"
2026-09-04 14:15:33,914 [INFO] httpx: HTTP Request: GET https://commons.wikimedia.org/w/api.php?action=query&generator=geosearch&ggscoord=48.929295%7C-114.75146833&ggsradius=3500&ggsnamespace=6&prop=imageinfo&iiprop=url%7Csize%7Cmime%7Cextmetadata&format=json "HTTP/1.1 200 OK"
2026-09-04 14:15:34,596 [INFO] httpx: HTTP Request: GET https://commons.wikimedia.org/w/api.php?action=query&generator=geosearch&ggscoord=45.43180167%7C-111.15790333&ggsradius=3500&ggsnamespace=6&prop=imageinfo&iiprop=url%7Csize%7Cmime%7Cextmetadata&format=json "HTTP/1.1 200 OK"
2026-09-04 14:15:34,718 [INFO] httpx: HTTP Request: GET https://commons.wikimedia.org/w/api.php?action=query&generator=geosearch&ggscoord=45.24931833%7C-110.25767333&ggsradius=3500&ggsnamespace=6&prop=imageinfo&iiprop=url%7Csize%7Cmime%7Cextmetadata&format=json "HTTP/1.1 200 OK"
2026-09-04 14:15:34,721 [INFO] httpx: HTTP Request: GET https://commons.wikimedia.org/w/api.php?action=query&generator=geosearch&ggscoord=48.47814872%7C-115.254351&ggsradius=3500&ggsnamespace=6&prop=imageinfo&iiprop=url%7Csize%7Cmime%7Cextmetadata&format=json "HTTP/1.1 200 OK"
2026-09-04 14:15:34,814 [INFO] httpx: HTTP Request: GET https://commons.wikimedia.org/w/api.php?action=query&generator=geosearch&ggscoord=46.09132833%7C-113.36686833&ggsradius=3500&ggsnamespace=6&prop=imageinfo&iiprop=url%7Csize%7Cmime%7Cextmetadata&format=json "HTTP/1.1 200 OK"
2026-09-04 14:15:34,919 [INFO] httpx: HTTP Request: GET https://commons.wikimedia.org/w/api.php?action=query&generator=geosearch&ggscoord=46.79296833%7C-110.91110667&ggsradius=3500&ggsnamespace=6&prop=imageinfo&iiprop=url%7Csize%7Cmime%7Cextmetadata&format=json "HTTP/1.1 200 OK"
2026-09-04 14:15:35,238 [INFO] httpx: HTTP Request: GET https://commons.wikimedia.org/w/api.php?action=query&generator=geosearch&ggscoord=48.06892127%7C-114.3496602&ggsradius=3500&ggsnamespace=6&prop=imageinfo&iiprop=url%7Csize%7Cmime%7Cextmetadata&format=json "HTTP/1.1 200 OK"
2026-09-04 14:15:35,289 [INFO] httpx: HTTP Request: GET https://commons.wikimedia.org/w/api.php?action=query&generator=geosearch&ggscoord=48.56541559%7C-116.90399096&ggsradius=3500&ggsnamespace=6&prop=imageinfo&iiprop=url%7Csize%7Cmime%7Cextmetadata&format=json "HTTP/1.1 200 OK"
2026-09-04 14:15:35,439 [INFO] httpx: HTTP Request: GET https://commons.wikimedia.org/w/api.php?action=query&generator=geosearch&ggscoord=30.3247%7C-82.5582&ggsradius=3500&ggsnamespace=6&prop=imageinfo&iiprop=url%7Csize%7Cmime%7Cextmetadata&format=json "HTTP/1.1 200 OK"
2026-09-04 14:15:36,030 [INFO] httpx: HTTP Request: GET https://commons.wikimedia.org/w/api.php?action=query&generator=geosearch&ggscoord=43.76533845%7C-110.53493639&ggsradius=3500&ggsnamespace=6&prop=imageinfo&iiprop=url%7Csize%7Cmime%7Cextmetadata&format=json "HTTP/1.1 200 OK"
2026-09-04 14:15:36,153 [INFO] httpx: HTTP Request: GET https://commons.wikimedia.org/w/api.php?action=query&generator=geosearch&ggscoord=47.078985%7C-111.03335833&ggsradius=3500&ggsnamespace=6&prop=imageinfo&iiprop=url%7Csize%7Cmime%7Cextmetadata&format=json "HTTP/1.1 200 OK"
2026-09-04 14:15:36,161 [INFO] httpx: HTTP Request: GET https://commons.wikimedia.org/w/api.php?action=query&generator=geosearch&ggscoord=47.07912167%7C-111.03319333&ggsradius=3500&ggsnamespace=6&prop=imageinfo&iiprop=url%7Csize%7Cmime%7Cextmetadata&format=json "HTTP/1.1 200 OK"
2026-09-04 14:15:36,164 [INFO] pipeline.processors.image_handler: Wikimedia Commons enrichment completed: 185 spots found photos
2026-09-04 14:15:36,171 [INFO] pipeline.processors.image_handler: Downloading 467 photos concurrently to /Users/aziz/Documents/antigravity/happy-meitner/pipeline/data/images...
2026-09-04 14:15:37,336 [INFO] httpx: HTTP Request: GET https://upload.wikimedia.org/wikipedia/commons/1/13/Pack_River.jpg?utm_source=commons.wikimedia.org&utm_campaign=imageinfo&utm_content=original "HTTP/1.1 200 OK"
2026-09-04 14:15:37,337 [INFO] httpx: HTTP Request: GET https://upload.wikimedia.org/wikipedia/commons/a/a4/Dog_Valley.jpg?utm_source=commons.wikimedia.org&utm_campaign=imageinfo&utm_content=original "HTTP/1.1 200 OK"
2026-09-04 14:15:37,382 [INFO] httpx: HTTP Request: GET https://upload.wikimedia.org/wikipedia/commons/8/84/ISS022-E-41925_-_View_of_Earth.jpg?utm_source=commons.wikimedia.org&utm_campaign=imageinfo&utm_content=original "HTTP/1.1 200 OK"
2026-09-04 14:15:37,611 [INFO] httpx: HTTP Request: GET https://upload.wikimedia.org/wikipedia/commons/5/58/Hotrock_penstemon%2C_Penstemon_deustus_var._pedicellatus_%2822609471299%29.jpg?utm_source=commons.wikimedia.org&utm_campaign=imageinfo&utm_content=original "HTTP/1.1 200 OK"
2026-09-04 14:15:37,616 [INFO] httpx: HTTP Request: GET https://upload.wikimedia.org/wikipedia/commons/7/72/Hotrock_penstemon%2C_Penstemon_deustus_var._pedicellatus_%2822583345458%29.jpg?utm_source=commons.wikimedia.org&utm_campaign=imageinfo&utm_content=original "HTTP/1.1 200 OK"
2026-09-04 14:15:37,720 [INFO] httpx: HTTP Request: GET https://upload.wikimedia.org/wikipedia/commons/4/4d/ISS048-E-68417_-_View_of_Earth.jpg?utm_source=commons.wikimedia.org&utm_campaign=imageinfo&utm_content=original "HTTP/1.1 200 OK"
2026-09-04 14:15:40,486 [INFO] httpx: HTTP Request: GET https://upload.wikimedia.org/wikipedia/commons/a/af/ISS053-E-422490_-_View_of_Earth.jpg?utm_source=commons.wikimedia.org&utm_campaign=imageinfo&utm_content=original "HTTP/1.1 200 OK"
2026-09-04 14:15:40,490 [INFO] httpx: HTTP Request: GET https://upload.wikimedia.org/wikipedia/commons/0/0c/Iron_Range_Railroad_Bridge%2C_Minnesota_%2839931128285%29.jpg?utm_source=commons.wikimedia.org&utm_campaign=imageinfo&utm_content=original "HTTP/1.1 200 OK"
2026-09-04 14:15:40,708 [INFO] httpx: HTTP Request: GET https://upload.wikimedia.org/wikipedia/commons/9/9f/ISS053-E-219726_-_View_of_Earth.jpg?utm_source=commons.wikimedia.org&utm_campaign=imageinfo&utm_content=original "HTTP/1.1 200 OK"
2026-09-04 14:15:40,758 [INFO] httpx: HTTP Request: GET https://upload.wikimedia.org/wikipedia/commons/8/8c/Manica_hunteri_casent0005698_profile_1.jpg?utm_source=commons.wikimedia.org&utm_campaign=imageinfo&utm_content=original "HTTP/1.1 200 OK"
2026-09-04 14:15:42,139 [INFO] httpx: HTTP Request: GET https://upload.wikimedia.org/wikipedia/commons/4/48/Manica_hunteri_casent0005698_head_1.jpg?utm_source=commons.wikimedia.org&utm_campaign=imageinfo&utm_content=original "HTTP/1.1 200 OK"
2026-09-04 14:15:42,684 [INFO] httpx: HTTP Request: GET https://upload.wikimedia.org/wikipedia/commons/3/39/Manica_hunteri_casent0005698_dorsal_1.jpg?utm_source=commons.wikimedia.org&utm_campaign=imageinfo&utm_content=original "HTTP/1.1 200 OK"
2026-09-04 14:15:43,195 [INFO] httpx: HTTP Request: GET https://upload.wikimedia.org/wikipedia/commons/1/14/Nicole_w_Red-tailed_Hawk.jpg?utm_source=commons.wikimedia.org&utm_campaign=imageinfo&utm_content=original "HTTP/1.1 200 OK"
2026-09-04 14:15:43,833 [INFO] httpx: HTTP Request: GET https://upload.wikimedia.org/wikipedia/commons/e/e5/Nicole_w_Sharp-shinned_Hawk_-_Bonney_Butte_OR.jpg?utm_source=commons.wikimedia.org&utm_campaign=imageinfo&utm_content=original "HTTP/1.1 200 OK"
2026-09-04 14:15:43,917 [INFO] httpx: HTTP Request: GET https://upload.wikimedia.org/wikipedia/commons/e/e9/Bromus_riparius_-_meadow_brome_-_53007133825.jpg?utm_source=commons.wikimedia.org&utm_campaign=imageinfo&utm_content=original "HTTP/1.1 429 Your bot is making too many requests. Please reduce your request rate or contact bot-traffic@wikimedia.org (f263c81)"
2026-09-04 14:15:44,463 [INFO] httpx: HTTP Request: GET https://upload.wikimedia.org/wikipedia/commons/a/a2/Bromus_riparius_-_meadow_brome_-_53007239398.jpg?utm_source=commons.wikimedia.org&utm_campaign=imageinfo&utm_content=original "HTTP/1.1 429 Your bot is making too many requests. Please reduce your request rate or contact bot-traffic@wikimedia.org (f263c81)"
2026-09-04 14:15:44,466 [INFO] httpx: HTTP Request: GET https://upload.wikimedia.org/wikipedia/commons/1/13/Bromus_riparius_-_meadow_brome_-_53006161377.jpg?utm_source=commons.wikimedia.org&utm_campaign=imageinfo&utm_content=original "HTTP/1.1 429 Your bot is making too many requests. Please reduce your request rate or contact bot-traffic@wikimedia.org (f263c81)"
2026-09-04 14:15:44,892 [INFO] httpx: HTTP Request: GET https://upload.wikimedia.org/wikipedia/commons/0/0b/Ohio_Pass%2C_West_Elk_Mountains%2C_Gunnison_County%2C_Colorado%2C_USA_02.jpg?utm_source=commons.wikimedia.org&utm_campaign=imageinfo&utm_content=original "HTTP/1.1 429 Your bot is making too many requests. Please reduce your request rate or contact bot-traffic@wikimedia.org (f263c81)"
2026-09-04 14:15:44,893 [INFO] httpx: HTTP Request: GET https://upload.wikimedia.org/wikipedia/commons/4/4b/Kebler_Pass.JPG?utm_source=commons.wikimedia.org&utm_campaign=imageinfo&utm_content=original "HTTP/1.1 429 Your bot is making too many requests. Please reduce your request rate or contact bot-traffic@wikimedia.org (f263c81)"
2026-09-04 14:15:44,984 [INFO] httpx: HTTP Request: GET https://upload.wikimedia.org/wikipedia/commons/b/b5/ISS013-E-34060_-_View_of_Wyoming.jpg?utm_source=commons.wikimedia.org&utm_campaign=imageinfo&utm_content=original "HTTP/1.1 429 Your bot is making too many requests. Please reduce your request rate or contact bot-traffic@wikimedia.org (f263c81)"
2026-09-04 14:15:44,984 [INFO] httpx: HTTP Request: GET https://upload.wikimedia.org/wikipedia/commons/0/09/Corydalis_caseana_ssp._brandegeei_-_Zac_Peterson_03.jpg?utm_source=commons.wikimedia.org&utm_campaign=imageinfo&utm_content=original "HTTP/1.1 429 Your bot is making too many requests. Please reduce your request rate or contact bot-traffic@wikimedia.org (f263c81)"
2026-09-04 14:15:45,491 [INFO] httpx: HTTP Request: GET https://upload.wikimedia.org/wikipedia/commons/9/9f/ISS057-E-87233_-_View_of_Earth.jpg?utm_source=commons.wikimedia.org&utm_campaign=imageinfo&utm_content=original "HTTP/1.1 429 Your bot is making too many requests. Please reduce your request rate or contact bot-traffic@wikimedia.org (f263c81)"
2026-09-04 14:15:45,493 [INFO] httpx: HTTP Request: GET https://upload.wikimedia.org/wikipedia/commons/6/60/Custer_Gallatin_2023_Photo_contest_%2853281624742%29.jpg?utm_source=commons.wikimedia.org&utm_campaign=imageinfo&utm_content=original "HTTP/1.1 429 Your bot is making too many requests. Please reduce your request rate or contact bot-traffic@wikimedia.org (f263c81)"
2026-09-04 14:15:45,507 [INFO] httpx: HTTP Request: GET https://upload.wikimedia.org/wikipedia/commons/b/b3/USGS_Idaho_Montana_1900_Bitterroot_Summit_Pack_Animals_with_Granite_Monument_92.jpg?utm_source=commons.wikimedia.org&utm_campaign=imageinfo&utm_content=original "HTTP/1.1 429 Your bot is making too many requests. Please reduce your request rate or contact bot-traffic@wikimedia.org (f263c81)"
2026-09-04 14:15:45,512 [INFO] httpx: HTTP Request: GET https://upload.wikimedia.org/wikipedia/commons/c/c1/ISS022-E-42376_-_View_of_Earth.jpg?utm_source=commons.wikimedia.org&utm_campaign=imageinfo&utm_content=original "HTTP/1.1 429 Your bot is making too many requests. Please reduce your request rate or contact bot-traffic@wikimedia.org (f263c81)"
2026-09-04 14:15:46,018 [INFO] httpx: HTTP Request: GET https://upload.wikimedia.org/wikipedia/commons/a/af/USGS_Idaho_Montana_1900_Granite_Monument_92_Bitterroot.jpg?utm_source=commons.wikimedia.org&utm_campaign=imageinfo&utm_content=original "HTTP/1.1 429 Your bot is making too many requests. Please reduce your request rate or contact bot-traffic@wikimedia.org (f263c81)"
2026-09-04 14:15:46,019 [INFO] httpx: HTTP Request: GET https://upload.wikimedia.org/wikipedia/commons/3/3b/USGS_Idaho_Montana_1900_Survey_Crest_Of_Bitterroot_Mountains.jpg?utm_source=commons.wikimedia.org&utm_campaign=imageinfo&utm_content=original "HTTP/1.1 429 Your bot is making too many requests. Please reduce your request rate or contact bot-traffic@wikimedia.org (f263c81)"
2026-09-04 14:15:46,021 [INFO] httpx: HTTP Request: GET https://upload.wikimedia.org/wikipedia/commons/f/f2/ISS047-E-90306_-_View_of_Earth.jpg?utm_source=commons.wikimedia.org&utm_campaign=imageinfo&utm_content=original "HTTP/1.1 429 Your bot is making too many requests. Please reduce your request rate or contact bot-traffic@wikimedia.org (f263c81)"
2026-09-04 14:15:46,023 [INFO] httpx: HTTP Request: GET https://upload.wikimedia.org/wikipedia/commons/1/14/ISS047-E-90305_-_View_of_Earth.jpg?utm_source=commons.wikimedia.org&utm_campaign=imageinfo&utm_content=original "HTTP/1.1 429 Your bot is making too many requests. Please reduce your request rate or contact bot-traffic@wikimedia.org (f263c81)"
2026-09-04 14:15:46,538 [INFO] httpx: HTTP Request: GET https://upload.wikimedia.org/wikipedia/commons/b/bf/ISS053-E-56794_-_View_of_Earth.jpg?utm_source=commons.wikimedia.org&utm_campaign=imageinfo&utm_content=original "HTTP/1.1 429 Your bot is making too many requests. Please reduce your request rate or contact bot-traffic@wikimedia.org (f263c81)"
2026-09-04 14:15:46,538 [INFO] httpx: HTTP Request: GET https://upload.wikimedia.org/wikipedia/commons/c/c7/ISS047-E-116183_-_View_of_Earth.jpg?utm_source=commons.wikimedia.org&utm_campaign=imageinfo&utm_content=original "HTTP/1.1 429 Your bot is making too many requests. Please reduce your request rate or contact bot-traffic@wikimedia.org (f263c81)"
2026-09-04 14:15:46,539 [INFO] httpx: HTTP Request: GET https://upload.wikimedia.org/wikipedia/commons/8/80/ISS047-E-116184_-_View_of_Earth.jpg?utm_source=commons.wikimedia.org&utm_campaign=imageinfo&utm_content=original "HTTP/1.1 429 Your bot is making too many requests. Please reduce your request rate or contact bot-traffic@wikimedia.org (f263c81)"
2026-09-04 14:15:46,540 [INFO] httpx: HTTP Request: GET https://upload.wikimedia.org/wikipedia/commons/9/95/ISS047-E-96785_-_View_of_Earth.jpg?utm_source=commons.wikimedia.org&utm_campaign=imageinfo&utm_content=original "HTTP/1.1 429 Your bot is making too many requests. Please reduce your request rate or contact bot-traffic@wikimedia.org (f263c81)"
2026-09-04 14:15:46,543 [INFO] httpx: HTTP Request: GET https://upload.wikimedia.org/wikipedia/commons/4/46/Blesner_Creek_Autumn_Sunset_-_Fall_Colors_at_Superior_National_Forest%2C_Minnesota_%2836763922793%29.jpg?utm_source=commons.wikimedia.org&utm_campaign=imageinfo&utm_content=original "HTTP/1.1 429 Your bot is making too many requests. Please reduce your request rate or contact bot-traffic@wikimedia.org (f263c81)"
2026-09-04 14:15:47,065 [INFO] httpx: HTTP Request: GET https://upload.wikimedia.org/wikipedia/commons/0/01/George_H._Crosby-Manitou_State_Park_Sign%2C_Minnesota_%2837812092186%29.jpg?utm_source=commons.wikimedia.org&utm_campaign=imageinfo&utm_content=original "HTTP/1.1 429 Your bot is making too many requests. Please reduce your request rate or contact bot-traffic@wikimedia.org (f263c81)"
2026-09-04 14:15:47,066 [INFO] httpx: HTTP Request: GET https://upload.wikimedia.org/wikipedia/commons/d/d0/Lake_Vermilion%2C_Northern_Minnesota_-_Rocky_Lakeshore_%2842526418491%29.jpg?utm_source=commons.wikimedia.org&utm_campaign=imageinfo&utm_content=original "HTTP/1.1 429 Your bot is making too many requests. Please reduce your request rate or contact bot-traffic@wikimedia.org (f263c81)"
2026-09-04 14:15:47,067 [INFO] httpx: HTTP Request: GET https://upload.wikimedia.org/wikipedia/commons/f/fb/Bensen_Lake_at_George_Crosby_Manitou_State_Park_%2837432941841%29.jpg?utm_source=commons.wikimedia.org&utm_campaign=imageinfo&utm_content=original "HTTP/1.1 429 Your bot is making too many requests. Please reduce your request rate or contact bot-traffic@wikimedia.org (f263c81)"
2026-09-04 14:15:47,067 [INFO] httpx: HTTP Request: GET https://upload.wikimedia.org/wikipedia/commons/6/6d/Lodge_%28121526501%29.jpeg?utm_source=commons.wikimedia.org&utm_campaign=imageinfo&utm_content=original "HTTP/1.1 429 Your bot is making too many requests. Please reduce your request rate or contact bot-traffic@wikimedia.org (f263c81)"
2026-09-04 14:15:47,070 [INFO] httpx: HTTP Request: GET https://upload.wikimedia.org/wikipedia/commons/9/96/ISS039-E-13605_-_View_of_Earth.jpg?utm_source=commons.wikimedia.org&utm_campaign=imageinfo&utm_content=original "HTTP/1.1 429 Your bot is making too many requests. Please reduce your request rate or contact bot-traffic@wikimedia.org (f263c81)"
2026-09-04 14:15:47,587 [INFO] httpx: HTTP Request: GET https://upload.wikimedia.org/wikipedia/commons/d/d6/Eileen_Dam.jpg?utm_source=commons.wikimedia.org&utm_campaign=imageinfo&utm_content=original "HTTP/1.1 429 Your bot is making too many requests. Please reduce your request rate or contact bot-traffic@wikimedia.org (f263c81)"
2026-09-04 14:15:47,590 [INFO] httpx: HTTP Request: GET https://upload.wikimedia.org/wikipedia/commons/0/0d/2014-10-08_14_12_51_View_down_Kingston_Canyon_from_about_7420_feet_along_Kingston_Canyon_Road_adjacent_to_Groves_Lake_near_Kingston%2C_Nevada.JPG?utm_source=commons.wikimedia.org&utm_campaign=imageinfo&utm_content=original "HTTP/1.1 429 Your bot is making too many requests. Please reduce your request rate or contact bot-traffic@wikimedia.org (f263c81)"
2026-09-04 14:15:47,591 [INFO] httpx: HTTP Request: GET https://upload.wikimedia.org/wikipedia/commons/d/d9/ISS030-E-179066_-_View_of_Earth.jpg?utm_source=commons.wikimedia.org&utm_campaign=imageinfo&utm_content=original "HTTP/1.1 429 Your bot is making too many requests. Please reduce your request rate or contact bot-traffic@wikimedia.org (f263c81)"
2026-09-04 14:15:47,591 [INFO] httpx: HTTP Request: GET https://upload.wikimedia.org/wikipedia/commons/a/a8/2014-10-08_13_21_29_View_of_Aspens_during_autumn_leaf_coloration_at_about_7360_feet_along_Kingston_Canyon_Road_near_Kingston%2C_Nevada.JPG?utm_source=commons.wikimedia.org&utm_campaign=imageinfo&utm_content=original "HTTP/1.1 429 Your bot is making too many requests. Please reduce your request rate or contact bot-traffic@wikimedia.org (f263c81)"
2026-09-04 14:15:47,597 [INFO] httpx: HTTP Request: GET https://upload.wikimedia.org/wikipedia/commons/9/9c/ISS027-E-29892_-_View_of_Earth.jpg?utm_source=commons.wikimedia.org&utm_campaign=imageinfo&utm_content=original "HTTP/1.1 429 Your bot is making too many requests. Please reduce your request rate or contact bot-traffic@wikimedia.org (f263c81)"
2026-09-04 14:15:48,139 [INFO] httpx: HTTP Request: GET https://upload.wikimedia.org/wikipedia/commons/2/28/2014-10-08_14_17_12_View_down_Kingston_Canyon_from_about_7300_feet_along_Kingston_Canyon_Road_near_Kingston%2C_Nevada.JPG?utm_source=commons.wikimedia.org&utm_campaign=imageinfo&utm_content=original "HTTP/1.1 429 Your bot is making too many requests. Please reduce your request rate or contact bot-traffic@wikimedia.org (f263c81)"
2026-09-04 14:15:48,144 [INFO] httpx: HTTP Request: GET https://upload.wikimedia.org/wikipedia/commons/9/9f/Lycaena_mariposa_P1250938a.jpg?utm_source=commons.wikimedia.org&utm_campaign=imageinfo&utm_content=original "HTTP/1.1 429 Your bot is making too many requests. Please reduce your request rate or contact bot-traffic@wikimedia.org (f263c81)"
2026-09-04 14:15:48,146 [INFO] httpx: HTTP Request: GET https://upload.wikimedia.org/wikipedia/commons/3/33/ISS027-E-26402_-_View_of_Arizona.jpg?utm_source=commons.wikimedia.org&utm_campaign=imageinfo&utm_content=original "HTTP/1.1 429 Your bot is making too many requests. Please reduce your request rate or contact bot-traffic@wikimedia.org (f263c81)"
2026-09-04 14:15:48,147 [INFO] httpx: HTTP Request: GET https://upload.wikimedia.org/wikipedia/commons/0/0e/Silver_Fire_Spike_Camp_%289111961104%29.jpg?utm_source=commons.wikimedia.org&utm_campaign=imageinfo&utm_content=original "HTTP/1.1 429 Your bot is making too many requests. Please reduce your request rate or contact bot-traffic@wikimedia.org (f263c81)"
2026-09-04 14:15:48,155 [INFO] httpx: HTTP Request: GET https://upload.wikimedia.org/wikipedia/commons/1/17/Sawpit_Canyon_-_Flickr_-_aspidoscelis.jpg?utm_source=commons.wikimedia.org&utm_campaign=imageinfo&utm_content=original "HTTP/1.1 429 Your bot is making too many requests. Please reduce your request rate or contact bot-traffic@wikimedia.org (f263c81)"
2026-09-04 14:15:48,639 [INFO] httpx: HTTP Request: GET https://upload.wikimedia.org/wikipedia/commons/a/aa/Mount_Owen%2C_Gunnison_County%2C_Colorado_USA_02.jpg?utm_source=commons.wikimedia.org&utm_campaign=imageinfo&utm_content=original "HTTP/1.1 429 Your bot is making too many requests. Please reduce your request rate or contact bot-traffic@wikimedia.org (f263c81)"
2026-09-04 14:15:48,641 [INFO] httpx: HTTP Request: GET https://upload.wikimedia.org/wikipedia/commons/1/13/ISS053-E-298871_-_View_of_Earth.jpg?utm_source=commons.wikimedia.org&utm_campaign=imageinfo&utm_content=original "HTTP/1.1 429 Your bot is making too many requests. Please reduce your request rate or contact bot-traffic@wikimedia.org (f263c81)"
2026-09-04 14:15:48,642 [INFO] httpx: HTTP Request: GET https://upload.wikimedia.org/wikipedia/commons/5/5b/ISS053-E-298872_-_View_of_Earth.jpg?utm_source=commons.wikimedia.org&utm_campaign=imageinfo&utm_content=original "HTTP/1.1 429 Your bot is making too many requests. Please reduce your request rate or contact bot-traffic@wikimedia.org (f263c81)"
2026-09-04 14:15:48,647 [INFO] httpx: HTTP Request: GET https://upload.wikimedia.org/wikipedia/commons/4/4a/Mount_Owen%2C_Gunnison_County%2C_Colorado_USA_03.jpg?utm_source=commons.wikimedia.org&utm_campaign=imageinfo&utm_content=original "HTTP/1.1 429 Your bot is making too many requests. Please reduce your request rate or contact bot-traffic@wikimedia.org (f263c81)"
2026-09-04 14:15:48,968 [INFO] httpx: HTTP Request: GET https://upload.wikimedia.org/wikipedia/commons/f/fb/Mount_Owen%2C_Gunnison_County%2C_Colorado_USA_01.jpg?utm_source=commons.wikimedia.org&utm_campaign=imageinfo&utm_content=original "HTTP/1.1 429 Your bot is making too many requests. Please reduce your request rate or contact bot-traffic@wikimedia.org (f263c81)"
2026-09-04 14:15:49,159 [INFO] httpx: HTTP Request: GET https://upload.wikimedia.org/wikipedia/commons/3/36/ISS040-E-70480_-_View_of_Earth.jpg?utm_source=commons.wikimedia.org&utm_campaign=imageinfo&utm_content=original "HTTP/1.1 429 Your bot is making too many requests. Please reduce your request rate or contact bot-traffic@wikimedia.org (f263c81)"
2026-09-04 14:15:49,160 [INFO] httpx: HTTP Request: GET https://upload.wikimedia.org/wikipedia/commons/e/ee/Penstemon%2C_glacier_lilies%2C_and_shooting_stars_on_Pioneer_Ridge_%2851770753595%29.jpg?utm_source=commons.wikimedia.org&utm_campaign=imageinfo&utm_content=original "HTTP/1.1 429 Your bot is making too many requests. Please reduce your request rate or contact bot-traffic@wikimedia.org (f263c81)"
2026-09-04 14:15:49,161 [INFO] httpx: HTTP Request: GET https://upload.wikimedia.org/wikipedia/commons/1/13/People_at_Play_Runner-Up-_Sunset_on_Graves_Bay_%2849995920938%29.jpg?utm_source=commons.wikimedia.org&utm_campaign=imageinfo&utm_content=original "HTTP/1.1 429 Your bot is making too many requests. Please reduce your request rate or contact bot-traffic@wikimedia.org (f263c81)"
2026-09-04 14:15:49,162 [INFO] httpx: HTTP Request: GET https://upload.wikimedia.org/wikipedia/commons/f/fb/ISS037-E-8655_-_View_of_Earth.jpg?utm_source=commons.wikimedia.org&utm_campaign=imageinfo&utm_content=original "HTTP/1.1 429 Your bot is making too many requests. Please reduce your request rate or contact bot-traffic@wikimedia.org (f263c81)"
2026-09-04 14:15:49,247 [INFO] httpx: HTTP Request: GET https://upload.wikimedia.org/wikipedia/commons/b/b0/Best_lunch_spot%2C_Pioneer_Ridge_%2852517299511%29.jpg?utm_source=commons.wikimedia.org&utm_campaign=imageinfo&utm_content=original "HTTP/1.1 429 Your bot is making too many requests. Please reduce your request rate or contact bot-traffic@wikimedia.org (f263c81)"
2026-09-04 14:15:49,681 [INFO] httpx: HTTP Request: GET https://upload.wikimedia.org/wikipedia/commons/a/ad/ISS049-E-47726_-_View_of_Earth.jpg?utm_source=commons.wikimedia.org&utm_campaign=imageinfo&utm_content=original "HTTP/1.1 429 Your bot is making too many requests. Please reduce your request rate or contact bot-traffic@wikimedia.org (f263c81)"
2026-09-04 14:15:49,683 [INFO] httpx: HTTP Request: GET https://upload.wikimedia.org/wikipedia/commons/8/82/ISS040-E-70481_-_View_of_Earth.jpg?utm_source=commons.wikimedia.org&utm_campaign=imageinfo&utm_content=original "HTTP/1.1 429 Your bot is making too many requests. Please reduce your request rate or contact bot-traffic@wikimedia.org (f263c81)"
2026-09-04 14:15:49,684 [INFO] httpx: HTTP Request: GET https://upload.wikimedia.org/wikipedia/commons/d/db/ISS049-E-47728_-_View_of_Earth.jpg?utm_source=commons.wikimedia.org&utm_campaign=imageinfo&utm_content=original "HTTP/1.1 429 Your bot is making too many requests. Please reduce your request rate or contact bot-traffic@wikimedia.org (f263c81)"
2026-09-04 14:15:49,686 [INFO] httpx: HTTP Request: GET https://upload.wikimedia.org/wikipedia/commons/5/50/ISS049-E-47727_-_View_of_Earth.jpg?utm_source=commons.wikimedia.org&utm_campaign=imageinfo&utm_content=original "HTTP/1.1 429 Your bot is making too many requests. Please reduce your request rate or contact bot-traffic@wikimedia.org (f263c81)"
2026-09-04 14:15:49,688 [INFO] httpx: HTTP Request: GET https://upload.wikimedia.org/wikipedia/commons/7/72/ISS065-E-4538_-_View_of_Earth.jpg?utm_source=commons.wikimedia.org&utm_campaign=imageinfo&utm_content=original "HTTP/1.1 429 Your bot is making too many requests. Please reduce your request rate or contact bot-traffic@wikimedia.org (f263c81)"
2026-09-04 14:15:49,922 [INFO] httpx: HTTP Request: GET https://upload.wikimedia.org/wikipedia/commons/7/7a/STS126-E-22828_-_View_of_Earth.jpg?utm_source=commons.wikimedia.org&utm_campaign=imageinfo&utm_content=original "HTTP/1.1 429 Your bot is making too many requests. Please reduce your request rate or contact bot-traffic@wikimedia.org (f263c81)"
2026-09-04 14:15:50,212 [INFO] httpx: HTTP Request: GET https://upload.wikimedia.org/wikipedia/commons/e/ea/ISS053-E-228088_-_View_of_Earth.jpg?utm_source=commons.wikimedia.org&utm_campaign=imageinfo&utm_content=original "HTTP/1.1 429 Your bot is making too many requests. Please reduce your request rate or contact bot-traffic@wikimedia.org (f263c81)"
2026-09-04 14:15:50,213 [INFO] httpx: HTTP Request: GET https://upload.wikimedia.org/wikipedia/commons/6/6c/ISS053-E-228089_-_View_of_Earth.jpg?utm_source=commons.wikimedia.org&utm_campaign=imageinfo&utm_content=original "HTTP/1.1 429 Your bot is making too many requests. Please reduce your request rate or contact bot-traffic@wikimedia.org (f263c81)"
2026-09-04 14:15:50,214 [INFO] httpx: HTTP Request: GET https://upload.wikimedia.org/wikipedia/commons/d/df/ISS022-E-9235_-_View_of_Earth.jpg?utm_source=commons.wikimedia.org&utm_campaign=imageinfo&utm_content=original "HTTP/1.1 429 Your bot is making too many requests. Please reduce your request rate or contact bot-traffic@wikimedia.org (f263c81)"
2026-09-04 14:15:50,215 [INFO] httpx: HTTP Request: GET https://upload.wikimedia.org/wikipedia/commons/d/db/ISS065-E-157817_-_View_of_Earth.jpg?utm_source=commons.wikimedia.org&utm_campaign=imageinfo&utm_content=original "HTTP/1.1 429 Your bot is making too many requests. Please reduce your request rate or contact bot-traffic@wikimedia.org (f263c81)"
2026-09-04 14:15:50,218 [INFO] httpx: HTTP Request: GET https://upload.wikimedia.org/wikipedia/commons/5/56/ISS065-E-156430_-_View_of_Earth.jpg?utm_source=commons.wikimedia.org&utm_campaign=imageinfo&utm_content=original "HTTP/1.1 429 Your bot is making too many requests. Please reduce your request rate or contact bot-traffic@wikimedia.org (f263c81)"
2026-09-04 14:15:50,732 [INFO] httpx: HTTP Request: GET https://upload.wikimedia.org/wikipedia/commons/d/db/ISS065-E-157817_-_View_of_Earth.jpg?utm_source=commons.wikimedia.org&utm_campaign=imageinfo&utm_content=original "HTTP/1.1 429 Your bot is making too many requests. Please reduce your request rate or contact bot-traffic@wikimedia.org (f263c81)"
2026-09-04 14:15:50,737 [INFO] httpx: HTTP Request: GET https://upload.wikimedia.org/wikipedia/commons/5/56/ISS065-E-156430_-_View_of_Earth.jpg?utm_source=commons.wikimedia.org&utm_campaign=imageinfo&utm_content=original "HTTP/1.1 429 Your bot is making too many requests. Please reduce your request rate or contact bot-traffic@wikimedia.org (f263c81)"
2026-09-04 14:15:50,738 [INFO] httpx: HTTP Request: GET https://upload.wikimedia.org/wikipedia/commons/f/fc/ISS059-E-49757_-_View_of_Earth.jpg?utm_source=commons.wikimedia.org&utm_campaign=imageinfo&utm_content=original "HTTP/1.1 429 Your bot is making too many requests. Please reduce your request rate or contact bot-traffic@wikimedia.org (f263c81)"
2026-09-04 14:15:50,738 [INFO] httpx: HTTP Request: GET https://upload.wikimedia.org/wikipedia/commons/d/df/ISS022-E-9235_-_View_of_Earth.jpg?utm_source=commons.wikimedia.org&utm_campaign=imageinfo&utm_content=original "HTTP/1.1 429 Your bot is making too many requests. Please reduce your request rate or contact bot-traffic@wikimedia.org (f263c81)"
2026-09-04 14:15:50,739 [INFO] httpx: HTTP Request: GET https://upload.wikimedia.org/wikipedia/commons/c/ca/ISS053-E-262832_-_View_of_Earth.jpg?utm_source=commons.wikimedia.org&utm_campaign=imageinfo&utm_content=original "HTTP/1.1 429 Your bot is making too many requests. Please reduce your request rate or contact bot-traffic@wikimedia.org (f263c81)"
2026-09-04 14:15:50,744 [INFO] httpx: HTTP Request: GET https://upload.wikimedia.org/wikipedia/commons/a/a5/ISS047-E-97677_-_View_of_Earth.jpg?utm_source=commons.wikimedia.org&utm_campaign=imageinfo&utm_content=original "HTTP/1.1 429 Your bot is making too many requests. Please reduce your request rate or contact bot-traffic@wikimedia.org (f263c81)"
2026-09-04 14:15:51,256 [INFO] httpx: HTTP Request: GET https://upload.wikimedia.org/wikipedia/commons/0/08/ISS066-E-58285_-_View_of_Earth.jpg?utm_source=commons.wikimedia.org&utm_campaign=imageinfo&utm_content=original "HTTP/1.1 429 Your bot is making too many requests. Please reduce your request rate or contact bot-traffic@wikimedia.org (f263c81)"
2026-09-04 14:15:51,257 [INFO] httpx: HTTP Request: GET https://upload.wikimedia.org/wikipedia/commons/8/8f/Arsenopyrite_%2840945030153%29.jpg?utm_source=commons.wikimedia.org&utm_campaign=imageinfo&utm_content=original "HTTP/1.1 429 Your bot is making too many requests. Please reduce your request rate or contact bot-traffic@wikimedia.org (f263c81)"
2026-09-04 14:15:51,259 [INFO] httpx: HTTP Request: GET https://upload.wikimedia.org/wikipedia/commons/7/7e/Left_Behind_%289639612159%29.jpg?utm_source=commons.wikimedia.org&utm_campaign=imageinfo&utm_content=original "HTTP/1.1 429 Your bot is making too many requests. Please reduce your request rate or contact bot-traffic@wikimedia.org (f263c81)"
2026-09-04 14:15:51,257 [INFO] httpx: HTTP Request: GET https://upload.wikimedia.org/wikipedia/commons/e/e8/Colorado_Rockies_%2834246027256%29.jpg?utm_source=commons.wikimedia.org&utm_campaign=imageinfo&utm_content=original "HTTP/1.1 429 Your bot is making too many requests. Please reduce your request rate or contact bot-traffic@wikimedia.org (f263c81)"
2026-09-04 14:15:51,258 [INFO] httpx: HTTP Request: GET https://upload.wikimedia.org/wikipedia/commons/1/1d/ISS066-E-32002_-_View_of_Earth.jpg?utm_source=commons.wikimedia.org&utm_campaign=imageinfo&utm_content=original "HTTP/1.1 429 Your bot is making too many requests. Please reduce your request rate or contact bot-traffic@wikimedia.org (f263c81)"
2026-09-04 14:15:51,261 [INFO] httpx: HTTP Request: GET https://upload.wikimedia.org/wikipedia/commons/6/6b/ISS066-E-36092_-_View_of_Earth.jpg?utm_source=commons.wikimedia.org&utm_campaign=imageinfo&utm_content=original "HTTP/1.1 429 Your bot is making too many requests. Please reduce your request rate or contact bot-traffic@wikimedia.org (f263c81)"
2026-09-04 14:15:51,779 [INFO] httpx: HTTP Request: GET https://upload.wikimedia.org/wikipedia/commons/8/8d/Stick_%289108938706%29.jpg?utm_source=commons.wikimedia.org&utm_campaign=imageinfo&utm_content=original "HTTP/1.1 429 Your bot is making too many requests. Please reduce your request rate or contact bot-traffic@wikimedia.org (f263c81)"
2026-09-04 14:15:51,781 [INFO] httpx: HTTP Request: GET https://upload.wikimedia.org/wikipedia/commons/d/da/ISS048-E-17065_-_View_of_Earth.jpg?utm_source=commons.wikimedia.org&utm_campaign=imageinfo&utm_content=original "HTTP/1.1 429 Your bot is making too many requests. Please reduce your request rate or contact bot-traffic@wikimedia.org (f263c81)"
2026-09-04 14:15:51,786 [INFO] httpx: HTTP Request: GET https://upload.wikimedia.org/wikipedia/commons/f/f1/Gentianopsis_holopetala_Sierra_gentian_clump.jpg?utm_source=commons.wikimedia.org&utm_campaign=imageinfo&utm_content=original "HTTP/1.1 429 Your bot is making too many requests. Please reduce your request rate or contact bot-traffic@wikimedia.org (f263c81)"
2026-09-04 14:15:51,786 [INFO] httpx: HTTP Request: GET https://upload.wikimedia.org/wikipedia/commons/6/6b/ISS048-E-17064_-_View_of_Earth.jpg?utm_source=commons.wikimedia.org&utm_campaign=imageinfo&utm_content=original "HTTP/1.1 429 Your bot is making too many requests. Please reduce your request rate or contact bot-traffic@wikimedia.org (f263c81)"
2026-09-04 14:15:51,788 [INFO] httpx: HTTP Request: GET https://upload.wikimedia.org/wikipedia/commons/c/ca/Aconitum_columbianum_monkshood_close.jpg?utm_source=commons.wikimedia.org&utm_campaign=imageinfo&utm_content=original "HTTP/1.1 429 Your bot is making too many requests. Please reduce your request rate or contact bot-traffic@wikimedia.org (f263c81)"
2026-09-04 14:15:51,787 [INFO] httpx: HTTP Request: GET https://upload.wikimedia.org/wikipedia/commons/4/41/Grass-of-Parnassus_Parnassia_californica_flower_detail.jpg?utm_source=commons.wikimedia.org&utm_campaign=imageinfo&utm_content=original "HTTP/1.1 429 Your bot is making too many requests. Please reduce your request rate or contact bot-traffic@wikimedia.org (f263c81)"
2026-09-04 14:15:52,303 [INFO] httpx: HTTP Request: GET https://upload.wikimedia.org/wikipedia/commons/d/d9/ISS066-E-31995_-_View_of_Earth.jpg?utm_source=commons.wikimedia.org&utm_campaign=imageinfo&utm_content=original "HTTP/1.1 429 Your bot is making too many requests. Please reduce your request rate or contact bot-traffic@wikimedia.org (f263c81)"
2026-09-04 14:15:52,304 [INFO] httpx: HTTP Request: GET https://upload.wikimedia.org/wikipedia/commons/b/bf/Nasa_JPL.jpg?utm_source=commons.wikimedia.org&utm_campaign=imageinfo&utm_content=original "HTTP/1.1 429 Your bot is making too many requests. Please reduce your request rate or contact bot-traffic@wikimedia.org (f263c81)"
2026-09-04 14:15:52,305 [INFO] httpx: HTTP Request: GET https://upload.wikimedia.org/wikipedia/commons/c/c0/ISS052-E-13604_-_View_of_Earth.jpg?utm_source=commons.wikimedia.org&utm_campaign=imageinfo&utm_content=original "HTTP/1.1 429 Your bot is making too many requests. Please reduce your request rate or contact bot-traffic@wikimedia.org (f263c81)"
2026-09-04 14:15:52,305 [INFO] httpx: HTTP Request: GET https://upload.wikimedia.org/wikipedia/commons/7/74/Inspirationpointoutdoors.jpg?utm_source=commons.wikimedia.org&utm_campaign=imageinfo&utm_content=original "HTTP/1.1 429 Your bot is making too many requests. Please reduce your request rate or contact bot-traffic@wikimedia.org (f263c81)"
2026-09-04 14:15:52,307 [INFO] httpx: HTTP Request: GET https://upload.wikimedia.org/wikipedia/commons/f/fe/Lichanura_orcutti_130883582.jpg?utm_source=commons.wikimedia.org&utm_campaign=imageinfo&utm_content=original "HTTP/1.1 429 Your bot is making too many requests. Please reduce your request rate or contact bot-traffic@wikimedia.org (f263c81)"
2026-09-04 14:15:52,308 [INFO] httpx: HTTP Request: GET https://upload.wikimedia.org/wikipedia/commons/3/37/ISS007-E-9972_-_View_of_Washington.jpg?utm_source=commons.wikimedia.org&utm_campaign=imageinfo&utm_content=original "HTTP/1.1 429 Your bot is making too many requests. Please reduce your request rate or contact bot-traffic@wikimedia.org (f263c81)"
2026-09-04 14:15:52,832 [INFO] httpx: HTTP Request: GET https://upload.wikimedia.org/wikipedia/commons/1/10/ISS045-E-48743_-_View_of_Earth.jpg?utm_source=commons.wikimedia.org&utm_campaign=imageinfo&utm_content=original "HTTP/1.1 429 Your bot is making too many requests. Please reduce your request rate or contact bot-traffic@wikimedia.org (f263c81)"
2026-09-04 14:15:52,834 [INFO] httpx: HTTP Request: GET https://upload.wikimedia.org/wikipedia/commons/e/ef/ISS057-E-87230_-_View_of_Earth.jpg?utm_source=commons.wikimedia.org&utm_campaign=imageinfo&utm_content=original "HTTP/1.1 429 Your bot is making too many requests. Please reduce your request rate or contact bot-traffic@wikimedia.org (f263c81)"
2026-09-04 14:15:52,838 [INFO] httpx: HTTP Request: GET https://upload.wikimedia.org/wikipedia/commons/6/63/ISS013-E-20531_-_View_of_Montana.jpg?utm_source=commons.wikimedia.org&utm_campaign=imageinfo&utm_content=original "HTTP/1.1 429 Your bot is making too many requests. Please reduce your request rate or contact bot-traffic@wikimedia.org (f263c81)"
2026-09-04 14:15:52,839 [INFO] httpx: HTTP Request: GET https://upload.wikimedia.org/wikipedia/commons/c/c7/ISS045-E-48744_-_View_of_Earth.jpg?utm_source=commons.wikimedia.org&utm_campaign=imageinfo&utm_content=original "HTTP/1.1 429 Your bot is making too many requests. Please reduce your request rate or contact bot-traffic@wikimedia.org (f263c81)"
2026-09-04 14:15:52,841 [INFO] httpx: HTTP Request: GET https://upload.wikimedia.org/wikipedia/commons/5/58/ISS030-E-98862_-_View_of_Earth.jpg?utm_source=commons.wikimedia.org&utm_campaign=imageinfo&utm_content=original "HTTP/1.1 429 Your bot is making too many requests. Please reduce your request rate or contact bot-traffic@wikimedia.org (f263c81)"
2026-09-04 14:15:52,842 [INFO] httpx: HTTP Request: GET https://upload.wikimedia.org/wikipedia/commons/d/da/ISS062-E-42484_-_View_of_Earth.jpg?utm_source=commons.wikimedia.org&utm_campaign=imageinfo&utm_content=original "HTTP/1.1 429 Your bot is making too many requests. Please reduce your request rate or contact bot-traffic@wikimedia.org (f263c81)"
2026-09-04 14:15:53,353 [INFO] httpx: HTTP Request: GET https://upload.wikimedia.org/wikipedia/commons/2/2e/ISS040-E-81157_-_View_of_Earth.jpg?utm_source=commons.wikimedia.org&utm_campaign=imageinfo&utm_content=original "HTTP/1.1 429 Your bot is making too many requests. Please reduce your request rate or contact bot-traffic@wikimedia.org (f263c81)"
2026-09-04 14:15:53,354 [INFO] httpx: HTTP Request: GET https://upload.wikimedia.org/wikipedia/commons/9/90/Artemisia_tridentata_vaseyana_in_the_Big_Hole_Valley%2C_Montana_%2810256523955%29.jpg?utm_source=commons.wikimedia.org&utm_campaign=imageinfo&utm_content=original "HTTP/1.1 429 Your bot is making too many requests. Please reduce your request rate or contact bot-traffic@wikimedia.org (f263c81)"
2026-09-04 14:15:53,359 [INFO] httpx: HTTP Request: GET https://upload.wikimedia.org/wikipedia/commons/6/6b/ISS062-E-15527_-_View_of_Earth.jpg?utm_source=commons.wikimedia.org&utm_campaign=imageinfo&utm_content=original "HTTP/1.1 429 Your bot is making too many requests. Please reduce your request rate or contact bot-traffic@wikimedia.org (f263c81)"
2026-09-04 14:15:53,360 [INFO] httpx: HTTP Request: GET https://upload.wikimedia.org/wikipedia/commons/7/78/ISS040-E-81158_-_View_of_Earth.jpg?utm_source=commons.wikimedia.org&utm_campaign=imageinfo&utm_content=original "HTTP/1.1 429 Your bot is making too many requests. Please reduce your request rate or contact bot-traffic@wikimedia.org (f263c81)"
2026-09-04 14:15:53,363 [INFO] httpx: HTTP Request: GET https://upload.wikimedia.org/wikipedia/commons/8/81/ISS062-E-15526_-_View_of_Earth.jpg?utm_source=commons.wikimedia.org&utm_campaign=imageinfo&utm_content=original "HTTP/1.1 429 Your bot is making too many requests. Please reduce your request rate or contact bot-traffic@wikimedia.org (f263c81)"
2026-09-04 14:15:53,365 [INFO] httpx: HTTP Request: GET https://upload.wikimedia.org/wikipedia/commons/7/70/ISS062-E-15525_-_View_of_Earth.jpg?utm_source=commons.wikimedia.org&utm_campaign=imageinfo&utm_content=original "HTTP/1.1 429 Your bot is making too many requests. Please reduce your request rate or contact bot-traffic@wikimedia.org (f263c81)"
2026-09-04 14:15:53,881 [INFO] httpx: HTTP Request: GET https://upload.wikimedia.org/wikipedia/commons/e/e5/ISS053-E-23780_-_View_of_Earth.jpg?utm_source=commons.wikimedia.org&utm_campaign=imageinfo&utm_content=original "HTTP/1.1 429 Your bot is making too many requests. Please reduce your request rate or contact bot-traffic@wikimedia.org (f263c81)"
2026-09-04 14:15:53,883 [INFO] httpx: HTTP Request: GET https://upload.wikimedia.org/wikipedia/commons/d/db/2022-03-24_18_32_25_UTC_minus_6_View_north_and_down_from_an_airplane_across_Routt_County%2C_Colorado.jpg?utm_source=commons.wikimedia.org&utm_campaign=imageinfo&utm_content=original "HTTP/1.1 429 Your bot is making too many requests. Please reduce your request rate or contact bot-traffic@wikimedia.org (f263c81)"
2026-09-04 14:15:53,882 [INFO] httpx: HTTP Request: GET https://upload.wikimedia.org/wikipedia/commons/0/09/Corydalis_caseana_ssp._brandegeei_-_Zac_Peterson_03.jpg?utm_source=commons.wikimedia.org&utm_campaign=imageinfo&utm_content=original "HTTP/1.1 429 Your bot is making too many requests. Please reduce your request rate or contact bot-traffic@wikimedia.org (f263c81)"
2026-09-04 14:15:53,884 [INFO] httpx: HTTP Request: GET https://upload.wikimedia.org/wikipedia/commons/e/e4/ISS044-E-36736_-_View_of_Earth.jpg?utm_source=commons.wikimedia.org&utm_campaign=imageinfo&utm_content=original "HTTP/1.1 429 Your bot is making too many requests. Please reduce your request rate or contact bot-traffic@wikimedia.org (f263c81)"
2026-09-04 14:15:53,886 [INFO] httpx: HTTP Request: GET https://upload.wikimedia.org/wikipedia/commons/6/65/ISS044-E-36737_-_View_of_Earth.jpg?utm_source=commons.wikimedia.org&utm_campaign=imageinfo&utm_content=original "HTTP/1.1 429 Your bot is making too many requests. Please reduce your request rate or contact bot-traffic@wikimedia.org (f263c81)"
2026-09-04 14:15:53,888 [INFO] httpx: HTTP Request: GET https://upload.wikimedia.org/wikipedia/commons/4/4b/Kebler_Pass.JPG?utm_source=commons.wikimedia.org&utm_campaign=imageinfo&utm_content=original "HTTP/1.1 429 Your bot is making too many requests. Please reduce your request rate or contact bot-traffic@wikimedia.org (f263c81)"
2026-09-04 14:15:54,406 [INFO] httpx: HTTP Request: GET https://upload.wikimedia.org/wikipedia/commons/3/3a/ISS041-E-67471_-_View_of_Earth.jpg?utm_source=commons.wikimedia.org&utm_campaign=imageinfo&utm_content=original "HTTP/1.1 429 Your bot is making too many requests. Please reduce your request rate or contact bot-traffic@wikimedia.org (f263c81)"
2026-09-04 14:15:54,407 [INFO] httpx: HTTP Request: GET https://upload.wikimedia.org/wikipedia/commons/c/ca/ISS032-E-24685_-_View_of_Earth.jpg?utm_source=commons.wikimedia.org&utm_campaign=imageinfo&utm_content=original "HTTP/1.1 429 Your bot is making too many requests. Please reduce your request rate or contact bot-traffic@wikimedia.org (f263c81)"
2026-09-04 14:15:54,407 [INFO] httpx: HTTP Request: GET https://upload.wikimedia.org/wikipedia/commons/1/14/Corydalis_caseana_ssp._brandegeei_-_Zac_Peterson_02.jpg?utm_source=commons.wikimedia.org&utm_campaign=imageinfo&utm_content=original "HTTP/1.1 429 Your bot is making too many requests. Please reduce your request rate or contact bot-traffic@wikimedia.org (f263c81)"
2026-09-04 14:15:54,408 [INFO] httpx: HTTP Request: GET https://upload.wikimedia.org/wikipedia/commons/0/01/Bear_Canyon_Lake%2C_Payson%2C_AZ_85541%2C_USA_-_panoramio_%286%29.jpg?utm_source=commons.wikimedia.org&utm_campaign=imageinfo&utm_content=original "HTTP/1.1 429 Your bot is making too many requests. Please reduce your request rate or contact bot-traffic@wikimedia.org (f263c81)"
2026-09-04 14:15:54,412 [INFO] httpx: HTTP Request: GET https://upload.wikimedia.org/wikipedia/commons/8/8b/LandscapesStormsAshlandRD_CGNF_IMG_1717_Leuschen_%2852944560153%29.jpg?utm_source=commons.wikimedia.org&utm_campaign=imageinfo&utm_content=original "HTTP/1.1 429 Your bot is making too many requests. Please reduce your request rate or contact bot-traffic@wikimedia.org (f263c81)"
2026-09-04 14:15:54,413 [INFO] httpx: HTTP Request: GET https://upload.wikimedia.org/wikipedia/commons/0/08/ISS048-E-73236_-_View_of_Earth.jpg?utm_source=commons.wikimedia.org&utm_campaign=imageinfo&utm_content=original "HTTP/1.1 429 Your bot is making too many requests. Please reduce your request rate or contact bot-traffic@wikimedia.org (f263c81)"
2026-09-04 14:15:54,928 [INFO] httpx: HTTP Request: GET https://upload.wikimedia.org/wikipedia/commons/8/84/Kings_Canyon_National_Park_2019-09-17-5.jpg?utm_source=commons.wikimedia.org&utm_campaign=imageinfo&utm_content=original "HTTP/1.1 429 Your bot is making too many requests. Please reduce your request rate or contact bot-traffic@wikimedia.org (f263c81)"
2026-09-04 14:15:54,931 [INFO] httpx: HTTP Request: GET https://upload.wikimedia.org/wikipedia/commons/f/f3/Bear_Canyon_Lake%2C_Payson%2C_AZ_85541%2C_USA_-_panoramio_%288%29.jpg?utm_source=commons.wikimedia.org&utm_campaign=imageinfo&utm_content=original "HTTP/1.1 429 Your bot is making too many requests. Please reduce your request rate or contact bot-traffic@wikimedia.org (f263c81)"
2026-09-04 14:15:54,932 [INFO] httpx: HTTP Request: GET https://upload.wikimedia.org/wikipedia/commons/2/2f/Converse-Basin-Panorama.jpg?utm_source=commons.wikimedia.org&utm_campaign=imageinfo&utm_content=original "HTTP/1.1 429 Your bot is making too many requests. Please reduce your request rate or contact bot-traffic@wikimedia.org (f263c81)"
2026-09-04 14:15:54,933 [INFO] httpx: HTTP Request: GET https://upload.wikimedia.org/wikipedia/commons/8/8e/Bear_Canyon_Lake%2C_Payson%2C_AZ_85541%2C_USA_-_panoramio_%2810%29.jpg?utm_source=commons.wikimedia.org&utm_campaign=imageinfo&utm_content=original "HTTP/1.1 429 Your bot is making too many requests. Please reduce your request rate or contact bot-traffic@wikimedia.org (f263c81)"
2026-09-04 14:15:54,935 [INFO] httpx: HTTP Request: GET https://upload.wikimedia.org/wikipedia/commons/c/c4/Opiliones%2C_Cyphophthalmi%2C_Sironidae%2C_Siro_exilis.jpg?utm_source=commons.wikimedia.org&utm_campaign=imageinfo&utm_content=original "HTTP/1.1 429 Your bot is making too many requests. Please reduce your request rate or contact bot-traffic@wikimedia.org (f263c81)"
2026-09-04 14:15:54,938 [INFO] httpx: HTTP Request: GET https://upload.wikimedia.org/wikipedia/commons/a/a9/General_Noble_Inside_the_Trunk.jpg?utm_source=commons.wikimedia.org&utm_campaign=imageinfo&utm_content=original "HTTP/1.1 429 Your bot is making too many requests. Please reduce your request rate or contact bot-traffic@wikimedia.org (f263c81)"
2026-09-04 14:15:55,449 [INFO] httpx: HTTP Request: GET https://upload.wikimedia.org/wikipedia/commons/9/94/ISS062-E-1209_-_View_of_Earth.jpg?utm_source=commons.wikimedia.org&utm_campaign=imageinfo&utm_content=original "HTTP/1.1 429 Your bot is making too many requests. Please reduce your request rate or contact bot-traffic@wikimedia.org (f263c81)"
2026-09-04 14:15:55,452 [INFO] httpx: HTTP Request: GET https://upload.wikimedia.org/wikipedia/commons/6/63/20180711-FS-Monongahela-KMB-533_%2848259761227%29.jpg?utm_source=commons.wikimedia.org&utm_campaign=imageinfo&utm_content=original "HTTP/1.1 429 Your bot is making too many requests. Please reduce your request rate or contact bot-traffic@wikimedia.org (f263c81)"
2026-09-04 14:15:55,452 [INFO] httpx: HTTP Request: GET https://upload.wikimedia.org/wikipedia/commons/b/bd/Big_Draft_Wilderness_Sign.jpg?utm_source=commons.wikimedia.org&utm_campaign=imageinfo&utm_content=original "HTTP/1.1 429 Your bot is making too many requests. Please reduce your request rate or contact bot-traffic@wikimedia.org (f263c81)"
2026-09-04 14:15:55,453 [INFO] httpx: HTTP Request: GET https://upload.wikimedia.org/wikipedia/commons/7/73/20180711-FS-Monongahela-KMB-493_%2848259695251%29.jpg?utm_source=commons.wikimedia.org&utm_campaign=imageinfo&utm_content=original "HTTP/1.1 429 Your bot is making too many requests. Please reduce your request rate or contact bot-traffic@wikimedia.org (f263c81)"
2026-09-04 14:15:55,454 [INFO] httpx: HTTP Request: GET https://upload.wikimedia.org/wikipedia/commons/a/ae/Kern_River%2C_Johnny_McNally%27s%2C_CA_1998_%286437559423%29.jpg?utm_source=commons.wikimedia.org&utm_campaign=imageinfo&utm_content=original "HTTP/1.1 429 Your bot is making too many requests. Please reduce your request rate or contact bot-traffic@wikimedia.org (f263c81)"
2026-09-04 14:15:55,455 [INFO] httpx: HTTP Request: GET https://upload.wikimedia.org/wikipedia/commons/6/63/20180711-FS-Monongahela-KMB-496_%2848259762992%29.jpg?utm_source=commons.wikimedia.org&utm_campaign=imageinfo&utm_content=original "HTTP/1.1 429 Your bot is making too many requests. Please reduce your request rate or contact bot-traffic@wikimedia.org (f263c81)"
2026-09-04 14:15:55,977 [INFO] httpx: HTTP Request: GET https://upload.wikimedia.org/wikipedia/commons/0/09/Kern_River%2C_Johnny_McNally%27s_CA_1998_%286390631623%29.jpg?utm_source=commons.wikimedia.org&utm_campaign=imageinfo&utm_content=original "HTTP/1.1 429 Your bot is making too many requests. Please reduce your request rate or contact bot-traffic@wikimedia.org (f263c81)"
2026-09-04 14:15:55,978 [INFO] httpx: HTTP Request: GET https://upload.wikimedia.org/wikipedia/commons/2/2c/Dudleya_abramsii_calcicola_190519794.jpg?utm_source=commons.wikimedia.org&utm_campaign=imageinfo&utm_content=original "HTTP/1.1 429 Your bot is making too many requests. Please reduce your request rate or contact bot-traffic@wikimedia.org (f263c81)"
2026-09-04 14:15:55,979 [INFO] httpx: HTTP Request: GET https://upload.wikimedia.org/wikipedia/commons/7/79/Kern_River%2C_Johnny_McNally%27s%2C_CA_1998_%286437560585%29.jpg?utm_source=commons.wikimedia.org&utm_campaign=imageinfo&utm_content=original "HTTP/1.1 429 Your bot is making too many requests. Please reduce your request rate or contact bot-traffic@wikimedia.org (f263c81)"
2026-09-04 14:15:55,982 [INFO] httpx: HTTP Request: GET https://upload.wikimedia.org/wikipedia/commons/6/6e/Formica_adamsi_whymperi_casent0005384_dorsal_1.jpg?utm_source=commons.wikimedia.org&utm_campaign=imageinfo&utm_content=original "HTTP/1.1 429 Your bot is making too many requests. Please reduce your request rate or contact bot-traffic@wikimedia.org (f263c81)"
2026-09-04 14:15:55,985 [INFO] httpx: HTTP Request: GET https://upload.wikimedia.org/wikipedia/commons/e/ef/Rock_Bush_Monkeyflower_imported_from_iNaturalist_photo_76471545_on_25_February_2024.jpg?utm_source=commons.wikimedia.org&utm_campaign=imageinfo&utm_content=original "HTTP/1.1 429 Your bot is making too many requests. Please reduce your request rate or contact bot-traffic@wikimedia.org (f263c81)"
2026-09-04 14:15:55,984 [INFO] httpx: HTTP Request: GET https://upload.wikimedia.org/wikipedia/commons/2/2c/Dudleya_abramsii_calcicola_190519794.jpg?utm_source=commons.wikimedia.org&utm_campaign=imageinfo&utm_content=original "HTTP/1.1 429 Your bot is making too many requests. Please reduce your request rate or contact bot-traffic@wikimedia.org (f263c81)"
2026-09-04 14:15:56,500 [INFO] httpx: HTTP Request: GET https://upload.wikimedia.org/wikipedia/commons/8/87/ISS030-E-179047_-_View_of_Earth.jpg?utm_source=commons.wikimedia.org&utm_campaign=imageinfo&utm_content=original "HTTP/1.1 429 Your bot is making too many requests. Please reduce your request rate or contact bot-traffic@wikimedia.org (f263c81)"
2026-09-04 14:15:56,501 [INFO] httpx: HTTP Request: GET https://upload.wikimedia.org/wikipedia/commons/3/34/Vermilion_Gorge_Trail%2C_Forest_in_Minnesota_%2837435148241%29.jpg?utm_source=commons.wikimedia.org&utm_campaign=imageinfo&utm_content=original "HTTP/1.1 429 Your bot is making too many requests. Please reduce your request rate or contact bot-traffic@wikimedia.org (f263c81)"
2026-09-04 14:15:56,504 [INFO] httpx: HTTP Request: GET https://upload.wikimedia.org/wikipedia/commons/e/e5/Voyagaire_Houseboats%2C_Crane_Lake%2C_Minnesota_%2837219529400%29.jpg?utm_source=commons.wikimedia.org&utm_campaign=imageinfo&utm_content=original "HTTP/1.1 429 Your bot is making too many requests. Please reduce your request rate or contact bot-traffic@wikimedia.org (f263c81)"
2026-09-04 14:15:56,503 [INFO] httpx: HTTP Request: GET https://upload.wikimedia.org/wikipedia/commons/0/0b/Formica_adamsi_whymperi_casent0005384_label_1.jpg?utm_source=commons.wikimedia.org&utm_campaign=imageinfo&utm_content=original "HTTP/1.1 429 Your bot is making too many requests. Please reduce your request rate or contact bot-traffic@wikimedia.org (f263c81)"
2026-09-04 14:15:56,502 [INFO] httpx: HTTP Request: GET https://upload.wikimedia.org/wikipedia/commons/e/ed/Formica_aserva_casent0005395_dorsal_1.jpg?utm_source=commons.wikimedia.org&utm_campaign=imageinfo&utm_content=original "HTTP/1.1 429 Your bot is making too many requests. Please reduce your request rate or contact bot-traffic@wikimedia.org (f263c81)"
2026-09-04 14:15:56,502 [INFO] httpx: HTTP Request: GET https://upload.wikimedia.org/wikipedia/commons/e/ea/Vermilion_River%2C_Minnesota_%2837476509161%29.jpg?utm_source=commons.wikimedia.org&utm_campaign=imageinfo&utm_content=original "HTTP/1.1 429 Your bot is making too many requests. Please reduce your request rate or contact bot-traffic@wikimedia.org (f263c81)"
2026-09-04 14:15:57,023 [INFO] httpx: HTTP Request: GET https://upload.wikimedia.org/wikipedia/commons/a/aa/ISS030-E-188673_-_View_of_Earth.jpg?utm_source=commons.wikimedia.org&utm_campaign=imageinfo&utm_content=original "HTTP/1.1 429 Your bot is making too many requests. Please reduce your request rate or contact bot-traffic@wikimedia.org (f263c81)"
2026-09-04 14:15:57,027 [INFO] httpx: HTTP Request: GET https://upload.wikimedia.org/wikipedia/commons/8/8d/ISS007-E-7273_-_View_of_North_Dakota.jpg?utm_source=commons.wikimedia.org&utm_campaign=imageinfo&utm_content=original "HTTP/1.1 429 Your bot is making too many requests. Please reduce your request rate or contact bot-traffic@wikimedia.org (f263c81)"
2026-09-04 14:15:57,028 [INFO] httpx: HTTP Request: GET https://upload.wikimedia.org/wikipedia/commons/c/ca/ISS053-E-262832_-_View_of_Earth.jpg?utm_source=commons.wikimedia.org&utm_campaign=imageinfo&utm_content=original "HTTP/1.1 429 Your bot is making too many requests. Please reduce your request rate or contact bot-traffic@wikimedia.org (f263c81)"
2026-09-04 14:15:57,030 [INFO] httpx: HTTP Request: GET https://upload.wikimedia.org/wikipedia/commons/f/fc/ISS059-E-49757_-_View_of_Earth.jpg?utm_source=commons.wikimedia.org&utm_campaign=imageinfo&utm_content=original "HTTP/1.1 429 Your bot is making too many requests. Please reduce your request rate or contact bot-traffic@wikimedia.org (f263c81)"
2026-09-04 14:15:57,032 [INFO] httpx: HTTP Request: GET https://upload.wikimedia.org/wikipedia/commons/a/a5/ISS047-E-97677_-_View_of_Earth.jpg?utm_source=commons.wikimedia.org&utm_campaign=imageinfo&utm_content=original "HTTP/1.1 429 Your bot is making too many requests. Please reduce your request rate or contact bot-traffic@wikimedia.org (f263c81)"
2026-09-04 14:15:57,031 [INFO] httpx: HTTP Request: GET https://upload.wikimedia.org/wikipedia/commons/f/fe/Water-_South_End_Hungry_Horse_Reservoir_%2849892445082%29.jpg?utm_source=commons.wikimedia.org&utm_campaign=imageinfo&utm_content=original "HTTP/1.1 429 Your bot is making too many requests. Please reduce your request rate or contact bot-traffic@wikimedia.org (f263c81)"
2026-09-04 14:15:57,544 [INFO] httpx: HTTP Request: GET https://upload.wikimedia.org/wikipedia/commons/5/50/ISS030-E-275566_-_View_of_Earth.jpg?utm_source=commons.wikimedia.org&utm_campaign=imageinfo&utm_content=original "HTTP/1.1 429 Your bot is making too many requests. Please reduce your request rate or contact bot-traffic@wikimedia.org (f263c81)"
2026-09-04 14:15:57,545 [INFO] httpx: HTTP Request: GET https://upload.wikimedia.org/wikipedia/commons/2/24/ISS042-E-195211_-_View_of_Earth.jpg?utm_source=commons.wikimedia.org&utm_campaign=imageinfo&utm_content=original "HTTP/1.1 429 Your bot is making too many requests. Please reduce your request rate or contact bot-traffic@wikimedia.org (f263c81)"
2026-09-04 14:15:57,546 [INFO] httpx: HTTP Request: GET https://upload.wikimedia.org/wikipedia/commons/4/4e/ISS041-E-99464_-_View_of_the_Province_of_Ontario.jpg?utm_source=commons.wikimedia.org&utm_campaign=imageinfo&utm_content=original "HTTP/1.1 429 Your bot is making too many requests. Please reduce your request rate or contact bot-traffic@wikimedia.org (f263c81)"
2026-09-04 14:15:57,548 [INFO] httpx: HTTP Request: GET https://upload.wikimedia.org/wikipedia/commons/1/15/ISS059-E-113927_-_View_of_Prince_Edward_Island.jpg?utm_source=commons.wikimedia.org&utm_campaign=imageinfo&utm_content=original "HTTP/1.1 429 Your bot is making too many requests. Please reduce your request rate or contact bot-traffic@wikimedia.org (f263c81)"
2026-09-04 14:15:57,550 [INFO] httpx: HTTP Request: GET https://upload.wikimedia.org/wikipedia/commons/a/a5/ISS042-E-210323_-_View_of_Earth.jpg?utm_source=commons.wikimedia.org&utm_campaign=imageinfo&utm_content=original "HTTP/1.1 429 Your bot is making too many requests. Please reduce your request rate or contact bot-traffic@wikimedia.org (f263c81)"
2026-09-04 14:15:57,553 [INFO] httpx: HTTP Request: GET https://upload.wikimedia.org/wikipedia/commons/c/c2/ISS042-E-195212_-_View_of_Earth.jpg?utm_source=commons.wikimedia.org&utm_campaign=imageinfo&utm_content=original "HTTP/1.1 429 Your bot is making too many requests. Please reduce your request rate or contact bot-traffic@wikimedia.org (f263c81)"
2026-09-04 14:15:58,072 [INFO] httpx: HTTP Request: GET https://upload.wikimedia.org/wikipedia/commons/0/0b/Ohio_Pass%2C_West_Elk_Mountains%2C_Gunnison_County%2C_Colorado%2C_USA_02.jpg?utm_source=commons.wikimedia.org&utm_campaign=imageinfo&utm_content=original "HTTP/1.1 429 Your bot is making too many requests. Please reduce your request rate or contact bot-traffic@wikimedia.org (f263c81)"
2026-09-04 14:15:58,075 [INFO] httpx: HTTP Request: GET https://upload.wikimedia.org/wikipedia/commons/7/74/ISS053-E-298832_-_View_of_Earth.jpg?utm_source=commons.wikimedia.org&utm_campaign=imageinfo&utm_content=original "HTTP/1.1 429 Your bot is making too many requests. Please reduce your request rate or contact bot-traffic@wikimedia.org (f263c81)"
2026-09-04 14:15:58,078 [INFO] httpx: HTTP Request: GET https://upload.wikimedia.org/wikipedia/commons/4/40/Ohio_Pass%2C_West_Elk_Mountains%2C_Gunnison_County%2C_Colorado%2C_USA_01.jpg?utm_source=commons.wikimedia.org&utm_campaign=imageinfo&utm_content=original "HTTP/1.1 429 Your bot is making too many requests. Please reduce your request rate or contact bot-traffic@wikimedia.org (f263c81)"
2026-09-04 14:15:58,079 [INFO] httpx: HTTP Request: GET https://upload.wikimedia.org/wikipedia/commons/f/f5/ISS041-E-107928_-_View_of_Earth.jpg?utm_source=commons.wikimedia.org&utm_campaign=imageinfo&utm_content=original "HTTP/1.1 429 Your bot is making too many requests. Please reduce your request rate or contact bot-traffic@wikimedia.org (f263c81)"
2026-09-04 14:15:58,081 [INFO] httpx: HTTP Request: GET https://upload.wikimedia.org/wikipedia/commons/0/0b/Ohio_Pass%2C_West_Elk_Mountains%2C_Gunnison_County%2C_Colorado%2C_USA_02.jpg?utm_source=commons.wikimedia.org&utm_campaign=imageinfo&utm_content=original "HTTP/1.1 429 Your bot is making too many requests. Please reduce your request rate or contact bot-traffic@wikimedia.org (f263c81)"
2026-09-04 14:15:58,083 [INFO] httpx: HTTP Request: GET https://upload.wikimedia.org/wikipedia/commons/e/e5/ISS041-E-107929_-_View_of_Earth.jpg?utm_source=commons.wikimedia.org&utm_campaign=imageinfo&utm_content=original "HTTP/1.1 429 Your bot is making too many requests. Please reduce your request rate or contact bot-traffic@wikimedia.org (f263c81)"
2026-09-04 14:15:58,594 [INFO] httpx: HTTP Request: GET https://upload.wikimedia.org/wikipedia/commons/4/40/Ohio_Pass%2C_West_Elk_Mountains%2C_Gunnison_County%2C_Colorado%2C_USA_01.jpg?utm_source=commons.wikimedia.org&utm_campaign=imageinfo&utm_content=original "HTTP/1.1 429 Your bot is making too many requests. Please reduce your request rate or contact bot-traffic@wikimedia.org (f263c81)"
2026-09-04 14:15:58,598 [INFO] httpx: HTTP Request: GET https://upload.wikimedia.org/wikipedia/commons/1/17/Bucket_Work_on_the_Idaho_Panhandle_%2840197766303%29.jpg?utm_source=commons.wikimedia.org&utm_campaign=imageinfo&utm_content=original "HTTP/1.1 429 Your bot is making too many requests. Please reduce your request rate or contact bot-traffic@wikimedia.org (f263c81)"
2026-09-04 14:15:58,599 [INFO] httpx: HTTP Request: GET https://upload.wikimedia.org/wikipedia/commons/9/97/Eckbeck_Campground%2C_Minnesota_%28Finland_State_Forest%29_%2842890351840%29.jpg?utm_source=commons.wikimedia.org&utm_campaign=imageinfo&utm_content=original "HTTP/1.1 429 Your bot is making too many requests. Please reduce your request rate or contact bot-traffic@wikimedia.org (f263c81)"
2026-09-04 14:15:58,600 [INFO] httpx: HTTP Request: GET https://upload.wikimedia.org/wikipedia/commons/c/c6/ISS053-E-189420_-_View_of_Earth.jpg?utm_source=commons.wikimedia.org&utm_campaign=imageinfo&utm_content=original "HTTP/1.1 429 Your bot is making too many requests. Please reduce your request rate or contact bot-traffic@wikimedia.org (f263c81)"
2026-09-04 14:15:58,602 [INFO] httpx: HTTP Request: GET https://upload.wikimedia.org/wikipedia/commons/9/9a/Camping_Firewood_-_Minnesota_Campground_%2845792576062%29.jpg?utm_source=commons.wikimedia.org&utm_campaign=imageinfo&utm_content=original "HTTP/1.1 429 Your bot is making too many requests. Please reduce your request rate or contact bot-traffic@wikimedia.org (f263c81)"
2026-09-04 14:15:58,601 [INFO] httpx: HTTP Request: GET https://upload.wikimedia.org/wikipedia/commons/a/ab/Nematocampa_resistaria.jpg?utm_source=commons.wikimedia.org&utm_campaign=imageinfo&utm_content=original "HTTP/1.1 429 Your bot is making too many requests. Please reduce your request rate or contact bot-traffic@wikimedia.org (f263c81)"
2026-09-04 14:15:59,126 [INFO] httpx: HTTP Request: GET https://upload.wikimedia.org/wikipedia/commons/e/e0/ISS052-E-73697_-_View_of_Earth.jpg?utm_source=commons.wikimedia.org&utm_campaign=imageinfo&utm_content=original "HTTP/1.1 429 Your bot is making too many requests. Please reduce your request rate or contact bot-traffic@wikimedia.org (f263c81)"
2026-09-04 14:15:59,127 [INFO] httpx: HTTP Request: GET https://upload.wikimedia.org/wikipedia/commons/3/3c/ISS063-E-74781_-_View_of_Earth.jpg?utm_source=commons.wikimedia.org&utm_campaign=imageinfo&utm_content=original "HTTP/1.1 429 Your bot is making too many requests. Please reduce your request rate or contact bot-traffic@wikimedia.org (f263c81)"
2026-09-04 14:15:59,132 [INFO] httpx: HTTP Request: GET https://upload.wikimedia.org/wikipedia/commons/7/74/ISS053-E-189421_-_View_of_Earth.jpg?utm_source=commons.wikimedia.org&utm_campaign=imageinfo&utm_content=original "HTTP/1.1 429 Your bot is making too many requests. Please reduce your request rate or contact bot-traffic@wikimedia.org (f263c81)"
2026-09-04 14:15:59,134 [INFO] httpx: HTTP Request: GET https://upload.wikimedia.org/wikipedia/commons/c/c6/ISS053-E-189420_-_View_of_Earth.jpg?utm_source=commons.wikimedia.org&utm_campaign=imageinfo&utm_content=original "HTTP/1.1 429 Your bot is making too many requests. Please reduce your request rate or contact bot-traffic@wikimedia.org (f263c81)"
2026-09-04 14:15:59,133 [INFO] httpx: HTTP Request: GET https://upload.wikimedia.org/wikipedia/commons/3/3c/ISS063-E-74781_-_View_of_Earth.jpg?utm_source=commons.wikimedia.org&utm_campaign=imageinfo&utm_content=original "HTTP/1.1 429 Your bot is making too many requests. Please reduce your request rate or contact bot-traffic@wikimedia.org (f263c81)"
2026-09-04 14:15:59,133 [INFO] httpx: HTTP Request: GET https://upload.wikimedia.org/wikipedia/commons/7/74/ISS053-E-189421_-_View_of_Earth.jpg?utm_source=commons.wikimedia.org&utm_campaign=imageinfo&utm_content=original "HTTP/1.1 429 Your bot is making too many requests. Please reduce your request rate or contact bot-traffic@wikimedia.org (f263c81)"
2026-09-04 14:15:59,648 [INFO] httpx: HTTP Request: GET https://upload.wikimedia.org/wikipedia/commons/9/9c/STS122-E-8557_-_View_of_Earth.jpg?utm_source=commons.wikimedia.org&utm_campaign=imageinfo&utm_content=original "HTTP/1.1 429 Your bot is making too many requests. Please reduce your request rate or contact bot-traffic@wikimedia.org (f263c81)"
2026-09-04 14:15:59,650 [INFO] httpx: HTTP Request: GET https://upload.wikimedia.org/wikipedia/commons/a/ab/ISS030-E-60363_-_View_of_Earth.jpg?utm_source=commons.wikimedia.org&utm_campaign=imageinfo&utm_content=original "HTTP/1.1 429 Your bot is making too many requests. Please reduce your request rate or contact bot-traffic@wikimedia.org (f263c81)"
2026-09-04 14:15:59,651 [INFO] httpx: HTTP Request: GET https://upload.wikimedia.org/wikipedia/commons/6/62/Pollinators_%2820220712-FS-JS-002%29.jpg?utm_source=commons.wikimedia.org&utm_campaign=imageinfo&utm_content=original "HTTP/1.1 429 Your bot is making too many requests. Please reduce your request rate or contact bot-traffic@wikimedia.org (f263c81)"
2026-09-04 14:15:59,650 [INFO] httpx: HTTP Request: GET https://upload.wikimedia.org/wikipedia/commons/6/62/Pollinators_%2820220712-FS-JS-002%29.jpg?utm_source=commons.wikimedia.org&utm_campaign=imageinfo&utm_content=original "HTTP/1.1 429 Your bot is making too many requests. Please reduce your request rate or contact bot-traffic@wikimedia.org (f263c81)"
2026-09-04 14:15:59,656 [INFO] httpx: HTTP Request: GET https://upload.wikimedia.org/wikipedia/commons/3/34/ISS022-E-39609_-_View_of_Earth.jpg?utm_source=commons.wikimedia.org&utm_campaign=imageinfo&utm_content=original "HTTP/1.1 429 Your bot is making too many requests. Please reduce your request rate or contact bot-traffic@wikimedia.org (f263c81)"
2026-09-04 14:15:59,657 [INFO] httpx: HTTP Request: GET https://upload.wikimedia.org/wikipedia/commons/3/30/ISS052-E-5578_-_View_of_Earth.jpg?utm_source=commons.wikimedia.org&utm_campaign=imageinfo&utm_content=original "HTTP/1.1 429 Your bot is making too many requests. Please reduce your request rate or contact bot-traffic@wikimedia.org (f263c81)"
2026-09-04 14:16:00,171 [INFO] httpx: HTTP Request: GET https://upload.wikimedia.org/wikipedia/commons/6/67/ISS043-E-187379_-_View_of_Earth.jpg?utm_source=commons.wikimedia.org&utm_campaign=imageinfo&utm_content=original "HTTP/1.1 429 Your bot is making too many requests. Please reduce your request rate or contact bot-traffic@wikimedia.org (f263c81)"
2026-09-04 14:16:00,174 [INFO] httpx: HTTP Request: GET https://upload.wikimedia.org/wikipedia/commons/e/e3/Montour_Campground_Sign_%2848205665621%29.jpg?utm_source=commons.wikimedia.org&utm_campaign=imageinfo&utm_content=original "HTTP/1.1 429 Your bot is making too many requests. Please reduce your request rate or contact bot-traffic@wikimedia.org (f263c81)"
2026-09-04 14:16:00,176 [INFO] httpx: HTTP Request: GET https://upload.wikimedia.org/wikipedia/commons/e/ed/ISS043-E-187378_-_View_of_Earth.jpg?utm_source=commons.wikimedia.org&utm_campaign=imageinfo&utm_content=original "HTTP/1.1 429 Your bot is making too many requests. Please reduce your request rate or contact bot-traffic@wikimedia.org (f263c81)"
2026-09-04 14:16:00,178 [INFO] httpx: HTTP Request: GET https://upload.wikimedia.org/wikipedia/commons/a/af/ISS006-E-29342_-_View_of_California.jpg?utm_source=commons.wikimedia.org&utm_campaign=imageinfo&utm_content=original "HTTP/1.1 429 Your bot is making too many requests. Please reduce your request rate or contact bot-traffic@wikimedia.org (f263c81)"
2026-09-04 14:16:00,179 [INFO] httpx: HTTP Request: GET https://upload.wikimedia.org/wikipedia/commons/6/6b/ISS043-E-187380_-_View_of_Earth.jpg?utm_source=commons.wikimedia.org&utm_campaign=imageinfo&utm_content=original "HTTP/1.1 429 Your bot is making too many requests. Please reduce your request rate or contact bot-traffic@wikimedia.org (f263c81)"
2026-09-04 14:16:00,180 [INFO] httpx: HTTP Request: GET https://upload.wikimedia.org/wikipedia/commons/4/49/ISS052-E-5587_-_View_of_Earth.jpg?utm_source=commons.wikimedia.org&utm_campaign=imageinfo&utm_content=original "HTTP/1.1 429 Your bot is making too many requests. Please reduce your request rate or contact bot-traffic@wikimedia.org (f263c81)"
2026-09-04 14:16:00,701 [INFO] httpx: HTTP Request: GET https://upload.wikimedia.org/wikipedia/commons/c/c9/USDA_Forest_Service_Signs_%2820190702-FS-XX-001%29.jpg?utm_source=commons.wikimedia.org&utm_campaign=imageinfo&utm_content=original "HTTP/1.1 429 Your bot is making too many requests. Please reduce your request rate or contact bot-traffic@wikimedia.org (f263c81)"
2026-09-04 14:16:00,702 [INFO] httpx: HTTP Request: GET https://upload.wikimedia.org/wikipedia/commons/4/49/ISS052-E-5587_-_View_of_Earth.jpg?utm_source=commons.wikimedia.org&utm_campaign=imageinfo&utm_content=original "HTTP/1.1 429 Your bot is making too many requests. Please reduce your request rate or contact bot-traffic@wikimedia.org (f263c81)"
2026-09-04 14:16:00,703 [INFO] httpx: HTTP Request: GET https://upload.wikimedia.org/wikipedia/commons/8/8c/ISS043-E-128739_-_View_of_Earth.jpg?utm_source=commons.wikimedia.org&utm_campaign=imageinfo&utm_content=original "HTTP/1.1 429 Your bot is making too many requests. Please reduce your request rate or contact bot-traffic@wikimedia.org (f263c81)"
2026-09-04 14:16:00,703 [INFO] httpx: HTTP Request: GET https://upload.wikimedia.org/wikipedia/commons/c/c9/USDA_Forest_Service_Signs_%2820190702-FS-XX-001%29.jpg?utm_source=commons.wikimedia.org&utm_campaign=imageinfo&utm_content=original "HTTP/1.1 429 Your bot is making too many requests. Please reduce your request rate or contact bot-traffic@wikimedia.org (f263c81)"
2026-09-04 14:16:00,704 [INFO] httpx: HTTP Request: GET https://upload.wikimedia.org/wikipedia/commons/e/e3/Montour_Campground_Sign_%2848205665621%29.jpg?utm_source=commons.wikimedia.org&utm_campaign=imageinfo&utm_content=original "HTTP/1.1 429 Your bot is making too many requests. Please reduce your request rate or contact bot-traffic@wikimedia.org (f263c81)"
2026-09-04 14:16:00,704 [INFO] httpx: HTTP Request: GET https://upload.wikimedia.org/wikipedia/commons/2/24/ISS047-E-95747_-_View_of_Earth.jpg?utm_source=commons.wikimedia.org&utm_campaign=imageinfo&utm_content=original "HTTP/1.1 429 Your bot is making too many requests. Please reduce your request rate or contact bot-traffic@wikimedia.org (f263c81)"
2026-09-04 14:16:01,217 [INFO] httpx: HTTP Request: GET https://upload.wikimedia.org/wikipedia/commons/3/37/ISS013-E-34054_-_View_of_Wyoming.jpg?utm_source=commons.wikimedia.org&utm_campaign=imageinfo&utm_content=original "HTTP/1.1 429 Your bot is making too many requests. Please reduce your request rate or contact bot-traffic@wikimedia.org (f263c81)"
2026-09-04 14:16:01,219 [INFO] httpx: HTTP Request: GET https://upload.wikimedia.org/wikipedia/commons/9/9c/ISS051-E-36461_-_View_of_Earth.jpg?utm_source=commons.wikimedia.org&utm_campaign=imageinfo&utm_content=original "HTTP/1.1 429 Your bot is making too many requests. Please reduce your request rate or contact bot-traffic@wikimedia.org (f263c81)"
2026-09-04 14:16:01,220 [INFO] httpx: HTTP Request: GET https://upload.wikimedia.org/wikipedia/commons/2/25/ISS053-E-228102_-_View_of_Earth.jpg?utm_source=commons.wikimedia.org&utm_campaign=imageinfo&utm_content=original "HTTP/1.1 429 Your bot is making too many requests. Please reduce your request rate or contact bot-traffic@wikimedia.org (f263c81)"
2026-09-04 14:16:01,220 [INFO] httpx: HTTP Request: GET https://upload.wikimedia.org/wikipedia/commons/9/96/Alberta_beardtongue_%2814604410041%29.jpg?utm_source=commons.wikimedia.org&utm_campaign=imageinfo&utm_content=original "HTTP/1.1 429 Your bot is making too many requests. Please reduce your request rate or contact bot-traffic@wikimedia.org (f263c81)"
2026-09-04 14:16:01,221 [INFO] httpx: HTTP Request: GET https://upload.wikimedia.org/wikipedia/commons/4/40/ISS060-E-939_-_View_of_Earth.jpg?utm_source=commons.wikimedia.org&utm_campaign=imageinfo&utm_content=original "HTTP/1.1 429 Your bot is making too many requests. Please reduce your request rate or contact bot-traffic@wikimedia.org (f263c81)"
2026-09-04 14:16:01,222 [INFO] httpx: HTTP Request: GET https://upload.wikimedia.org/wikipedia/commons/6/64/ISS016-E-21393_-_View_of_Earth.jpg?utm_source=commons.wikimedia.org&utm_campaign=imageinfo&utm_content=original "HTTP/1.1 429 Your bot is making too many requests. Please reduce your request rate or contact bot-traffic@wikimedia.org (f263c81)"
2026-09-04 14:16:01,743 [INFO] httpx: HTTP Request: GET https://upload.wikimedia.org/wikipedia/commons/e/e9/Bison_scat.JPG?utm_source=commons.wikimedia.org&utm_campaign=imageinfo&utm_content=original "HTTP/1.1 429 Your bot is making too many requests. Please reduce your request rate or contact bot-traffic@wikimedia.org (f263c81)"
2026-09-04 14:16:01,744 [INFO] httpx: HTTP Request: GET https://upload.wikimedia.org/wikipedia/commons/d/d0/ISS018-E-26773_-_View_of_Earth.jpg?utm_source=commons.wikimedia.org&utm_campaign=imageinfo&utm_content=original "HTTP/1.1 429 Your bot is making too many requests. Please reduce your request rate or contact bot-traffic@wikimedia.org (f263c81)"
2026-09-04 14:16:01,746 [INFO] httpx: HTTP Request: GET https://upload.wikimedia.org/wikipedia/commons/4/4a/ISS047-E-95785_-_View_of_Earth.jpg?utm_source=commons.wikimedia.org&utm_campaign=imageinfo&utm_content=original "HTTP/1.1 429 Your bot is making too many requests. Please reduce your request rate or contact bot-traffic@wikimedia.org (f263c81)"
2026-09-04 14:16:01,745 [INFO] httpx: HTTP Request: GET https://upload.wikimedia.org/wikipedia/commons/a/ad/ISS030-E-71363_-_View_of_Earth.jpg?utm_source=commons.wikimedia.org&utm_campaign=imageinfo&utm_content=original "HTTP/1.1 429 Your bot is making too many requests. Please reduce your request rate or contact bot-traffic@wikimedia.org (f263c81)"
2026-09-04 14:16:01,745 [INFO] httpx: HTTP Request: GET https://upload.wikimedia.org/wikipedia/commons/9/90/Bison_track_in_dried_mud.JPG?utm_source=commons.wikimedia.org&utm_campaign=imageinfo&utm_content=original "HTTP/1.1 429 Your bot is making too many requests. Please reduce your request rate or contact bot-traffic@wikimedia.org (f263c81)"
2026-09-04 14:16:01,748 [INFO] httpx: HTTP Request: GET https://upload.wikimedia.org/wikipedia/commons/e/e4/ISS053-E-232262_-_View_of_Earth.jpg?utm_source=commons.wikimedia.org&utm_campaign=imageinfo&utm_content=original "HTTP/1.1 429 Your bot is making too many requests. Please reduce your request rate or contact bot-traffic@wikimedia.org (f263c81)"
2026-09-04 14:16:02,282 [INFO] httpx: HTTP Request: GET https://upload.wikimedia.org/wikipedia/commons/f/f7/Gallatin_River_at_Elkhorn_%2852395427075%29.jpg?utm_source=commons.wikimedia.org&utm_campaign=imageinfo&utm_content=original "HTTP/1.1 429 Your bot is making too many requests. Please reduce your request rate or contact bot-traffic@wikimedia.org (f263c81)"
2026-09-04 14:16:02,289 [INFO] httpx: HTTP Request: GET https://upload.wikimedia.org/wikipedia/commons/7/7f/Bison_rub_on_Pinus_contorta_trunk%2C_Grand_Teton_NP.jpg?utm_source=commons.wikimedia.org&utm_campaign=imageinfo&utm_content=original "HTTP/1.1 429 Your bot is making too many requests. Please reduce your request rate or contact bot-traffic@wikimedia.org (f263c81)"
2026-09-04 14:16:02,290 [INFO] httpx: HTTP Request: GET https://upload.wikimedia.org/wikipedia/commons/2/25/ISS048-E-20783_-_View_of_Earth.jpg?utm_source=commons.wikimedia.org&utm_campaign=imageinfo&utm_content=original "HTTP/1.1 429 Your bot is making too many requests. Please reduce your request rate or contact bot-traffic@wikimedia.org (f263c81)"
2026-09-04 14:16:02,299 [INFO] httpx: HTTP Request: GET https://upload.wikimedia.org/wikipedia/commons/d/df/Pyrargyrite_%2847753094041%29.jpg?utm_source=commons.wikimedia.org&utm_campaign=imageinfo&utm_content=original "HTTP/1.1 429 Your bot is making too many requests. Please reduce your request rate or contact bot-traffic@wikimedia.org (f263c81)"
2026-09-04 14:16:02,298 [INFO] httpx: HTTP Request: GET https://upload.wikimedia.org/wikipedia/commons/e/e9/Gallatin_River_at_Elkhorn_%2852395286894%29.jpg?utm_source=commons.wikimedia.org&utm_campaign=imageinfo&utm_content=original "HTTP/1.1 429 Your bot is making too many requests. Please reduce your request rate or contact bot-traffic@wikimedia.org (f263c81)"
2026-09-04 14:16:02,297 [INFO] httpx: HTTP Request: GET https://upload.wikimedia.org/wikipedia/commons/e/e6/Gallatin_River_at_Elkhorn_%2852394987661%29.jpg?utm_source=commons.wikimedia.org&utm_campaign=imageinfo&utm_content=original "HTTP/1.1 429 Your bot is making too many requests. Please reduce your request rate or contact bot-traffic@wikimedia.org (f263c81)"
2026-09-04 14:16:02,810 [INFO] httpx: HTTP Request: GET https://upload.wikimedia.org/wikipedia/commons/5/57/ISS048-E-20781_-_View_of_Earth.jpg?utm_source=commons.wikimedia.org&utm_campaign=imageinfo&utm_content=original "HTTP/1.1 429 Your bot is making too many requests. Please reduce your request rate or contact bot-traffic@wikimedia.org (f263c81)"
2026-09-04 14:16:02,811 [INFO] httpx: HTTP Request: GET https://upload.wikimedia.org/wikipedia/commons/1/14/ISS062-E-15496_-_View_of_Earth.jpg?utm_source=commons.wikimedia.org&utm_campaign=imageinfo&utm_content=original "HTTP/1.1 429 Your bot is making too many requests. Please reduce your request rate or contact bot-traffic@wikimedia.org (f263c81)"
2026-09-04 14:16:02,812 [INFO] httpx: HTTP Request: GET https://upload.wikimedia.org/wikipedia/commons/3/37/ISS062-E-15497_-_View_of_Earth.jpg?utm_source=commons.wikimedia.org&utm_campaign=imageinfo&utm_content=original "HTTP/1.1 429 Your bot is making too many requests. Please reduce your request rate or contact bot-traffic@wikimedia.org (f263c81)"
2026-09-04 14:16:02,814 [INFO] httpx: HTTP Request: GET https://upload.wikimedia.org/wikipedia/commons/b/b4/ISS065-E-442325_-_View_of_Earth.jpg?utm_source=commons.wikimedia.org&utm_campaign=imageinfo&utm_content=original "HTTP/1.1 429 Your bot is making too many requests. Please reduce your request rate or contact bot-traffic@wikimedia.org (f263c81)"
2026-09-04 14:16:02,814 [INFO] httpx: HTTP Request: GET https://upload.wikimedia.org/wikipedia/commons/5/57/Stephanite_%2847753093791%29.jpg?utm_source=commons.wikimedia.org&utm_campaign=imageinfo&utm_content=original "HTTP/1.1 429 Your bot is making too many requests. Please reduce your request rate or contact bot-traffic@wikimedia.org (f263c81)"
2026-09-04 14:16:02,814 [INFO] httpx: HTTP Request: GET https://upload.wikimedia.org/wikipedia/commons/9/92/ISS048-E-20782_-_View_of_Earth.jpg?utm_source=commons.wikimedia.org&utm_campaign=imageinfo&utm_content=original "HTTP/1.1 429 Your bot is making too many requests. Please reduce your request rate or contact bot-traffic@wikimedia.org (f263c81)"
2026-09-04 14:16:03,317 [INFO] httpx: HTTP Request: GET https://upload.wikimedia.org/wikipedia/commons/e/ed/2003-08-17_Cooke_City_Firehall.jpg?utm_source=commons.wikimedia.org&utm_campaign=imageinfo&utm_content=original "HTTP/1.1 429 Your bot is making too many requests. Please reduce your request rate or contact bot-traffic@wikimedia.org (f263c81)"
2026-09-04 14:16:03,320 [INFO] httpx: HTTP Request: GET https://upload.wikimedia.org/wikipedia/commons/3/38/2003-08-17_Miners_Saloon_in_Cooke_City%2C_Montana.jpg?utm_source=commons.wikimedia.org&utm_campaign=imageinfo&utm_content=original "HTTP/1.1 429 Your bot is making too many requests. Please reduce your request rate or contact bot-traffic@wikimedia.org (f263c81)"
2026-09-04 14:16:03,321 [INFO] httpx: HTTP Request: GET https://upload.wikimedia.org/wikipedia/commons/4/4a/ISS045-E-74140_-_View_of_Earth.jpg?utm_source=commons.wikimedia.org&utm_campaign=imageinfo&utm_content=original "HTTP/1.1 429 Your bot is making too many requests. Please reduce your request rate or contact bot-traffic@wikimedia.org (f263c81)"
2026-09-04 14:16:03,323 [INFO] httpx: HTTP Request: GET https://upload.wikimedia.org/wikipedia/commons/3/39/2003-08-17_Entering_Cooke_City_from_the_East.jpg?utm_source=commons.wikimedia.org&utm_campaign=imageinfo&utm_content=original "HTTP/1.1 429 Your bot is making too many requests. Please reduce your request rate or contact bot-traffic@wikimedia.org (f263c81)"
2026-09-04 14:16:03,324 [INFO] httpx: HTTP Request: GET https://upload.wikimedia.org/wikipedia/commons/b/b7/ISS045-E-74139_-_View_of_Earth.jpg?utm_source=commons.wikimedia.org&utm_campaign=imageinfo&utm_content=original "HTTP/1.1 429 Your bot is making too many requests. Please reduce your request rate or contact bot-traffic@wikimedia.org (f263c81)"
2026-09-04 14:16:03,322 [INFO] httpx: HTTP Request: GET https://upload.wikimedia.org/wikipedia/commons/1/12/ISS042-E-302551_-_View_of_Earth.jpg?utm_source=commons.wikimedia.org&utm_campaign=imageinfo&utm_content=original "HTTP/1.1 429 Your bot is making too many requests. Please reduce your request rate or contact bot-traffic@wikimedia.org (f263c81)"
2026-09-04 14:16:04,075 [INFO] httpx: HTTP Request: GET https://upload.wikimedia.org/wikipedia/commons/c/c6/ISS037-E-27610_-_View_of_Earth.jpg?utm_source=commons.wikimedia.org&utm_campaign=imageinfo&utm_content=original "HTTP/1.1 429 Your bot is making too many requests. Please reduce your request rate or contact bot-traffic@wikimedia.org (f263c81)"
2026-09-04 14:16:04,076 [INFO] httpx: HTTP Request: GET https://upload.wikimedia.org/wikipedia/commons/c/c7/ISS022-E-7753_-_View_of_Earth.jpg?utm_source=commons.wikimedia.org&utm_campaign=imageinfo&utm_content=original "HTTP/1.1 429 Your bot is making too many requests. Please reduce your request rate or contact bot-traffic@wikimedia.org (f263c81)"
2026-09-04 14:16:04,077 [INFO] httpx: HTTP Request: GET https://upload.wikimedia.org/wikipedia/commons/f/fb/ISS018-E-29826_-_View_of_Earth.jpg?utm_source=commons.wikimedia.org&utm_campaign=imageinfo&utm_content=original "HTTP/1.1 429 Your bot is making too many requests. Please reduce your request rate or contact bot-traffic@wikimedia.org (f263c81)"
2026-09-04 14:16:04,078 [INFO] httpx: HTTP Request: GET https://upload.wikimedia.org/wikipedia/commons/8/89/ISS047-E-39280_-_View_of_Earth.jpg?utm_source=commons.wikimedia.org&utm_campaign=imageinfo&utm_content=original "HTTP/1.1 429 Your bot is making too many requests. Please reduce your request rate or contact bot-traffic@wikimedia.org (f263c81)"
2026-09-04 14:16:04,078 [INFO] httpx: HTTP Request: GET https://upload.wikimedia.org/wikipedia/commons/e/ee/Culinary_Arts_at_Anaconda_Job_Corps_Civilian_Conservation_Center_%2853554348841%29.jpg?utm_source=commons.wikimedia.org&utm_campaign=imageinfo&utm_content=original "HTTP/1.1 429 Your bot is making too many requests. Please reduce your request rate or contact bot-traffic@wikimedia.org (f263c81)"
2026-09-04 14:16:04,079 [INFO] httpx: HTTP Request: GET https://upload.wikimedia.org/wikipedia/commons/e/ee/ISS031-E-35757_-_View_of_Earth.jpg?utm_source=commons.wikimedia.org&utm_campaign=imageinfo&utm_content=original "HTTP/1.1 429 Your bot is making too many requests. Please reduce your request rate or contact bot-traffic@wikimedia.org (f263c81)"
2026-09-04 14:16:04,879 [INFO] httpx: HTTP Request: GET https://upload.wikimedia.org/wikipedia/commons/c/c2/Tunnel_Creek_Trail%2C_Olympic_National_Forest_%2822969320773%29.jpg?utm_source=commons.wikimedia.org&utm_campaign=imageinfo&utm_content=original "HTTP/1.1 429 Your bot is making too many requests. Please reduce your request rate or contact bot-traffic@wikimedia.org (f263c81)"
2026-09-04 14:16:04,883 [INFO] httpx: HTTP Request: GET https://upload.wikimedia.org/wikipedia/commons/3/38/2003-08-17_Miners_Saloon_in_Cooke_City%2C_Montana.jpg?utm_source=commons.wikimedia.org&utm_campaign=imageinfo&utm_content=original "HTTP/1.1 429 Your bot is making too many requests. Please reduce your request rate or contact bot-traffic@wikimedia.org (f263c81)"
2026-09-04 14:16:04,884 [INFO] httpx: HTTP Request: GET https://upload.wikimedia.org/wikipedia/commons/2/22/ISS050-E-28516_-_View_of_Earth.jpg?utm_source=commons.wikimedia.org&utm_campaign=imageinfo&utm_content=original "HTTP/1.1 429 Your bot is making too many requests. Please reduce your request rate or contact bot-traffic@wikimedia.org (f263c81)"
2026-09-04 14:16:04,888 [INFO] httpx: HTTP Request: GET https://upload.wikimedia.org/wikipedia/commons/e/ed/2003-08-17_Cooke_City_Firehall.jpg?utm_source=commons.wikimedia.org&utm_campaign=imageinfo&utm_content=original "HTTP/1.1 429 Your bot is making too many requests. Please reduce your request rate or contact bot-traffic@wikimedia.org (f263c81)"
2026-09-04 14:16:04,889 [INFO] httpx: HTTP Request: GET https://upload.wikimedia.org/wikipedia/commons/e/e0/Mt_Jupiter_from_highway_101_on_the_Duckabush_River%2C_Olympic_National_Forest_%2832481756446%29.jpg?utm_source=commons.wikimedia.org&utm_campaign=imageinfo&utm_content=original "HTTP/1.1 429 Your bot is making too many requests. Please reduce your request rate or contact bot-traffic@wikimedia.org (f263c81)"
2026-09-04 14:16:04,891 [INFO] httpx: HTTP Request: GET https://upload.wikimedia.org/wikipedia/commons/b/b9/Viguiera_multiflora_%284942353014%29.jpg?utm_source=commons.wikimedia.org&utm_campaign=imageinfo&utm_content=original "HTTP/1.1 429 Your bot is making too many requests. Please reduce your request rate or contact bot-traffic@wikimedia.org (f263c81)"
2026-09-04 14:16:05,413 [INFO] httpx: HTTP Request: GET https://upload.wikimedia.org/wikipedia/commons/c/cf/ISS059-E-35721_-_View_of_Earth.jpg?utm_source=commons.wikimedia.org&utm_campaign=imageinfo&utm_content=original "HTTP/1.1 429 Your bot is making too many requests. Please reduce your request rate or contact bot-traffic@wikimedia.org (f263c81)"
2026-09-04 14:16:05,415 [INFO] httpx: HTTP Request: GET https://upload.wikimedia.org/wikipedia/commons/2/28/ISS059-E-25708_-_View_of_Earth.jpg?utm_source=commons.wikimedia.org&utm_campaign=imageinfo&utm_content=original "HTTP/1.1 429 Your bot is making too many requests. Please reduce your request rate or contact bot-traffic@wikimedia.org (f263c81)"
2026-09-04 14:16:05,415 [INFO] httpx: HTTP Request: GET https://upload.wikimedia.org/wikipedia/commons/0/02/ISS037-E-8640_-_View_of_Earth.jpg?utm_source=commons.wikimedia.org&utm_campaign=imageinfo&utm_content=original "HTTP/1.1 429 Your bot is making too many requests. Please reduce your request rate or contact bot-traffic@wikimedia.org (f263c81)"
2026-09-04 14:16:05,418 [INFO] httpx: HTTP Request: GET https://upload.wikimedia.org/wikipedia/commons/2/26/Head_of_the_Chattahoochee_-_panoramio.jpg?utm_source=commons.wikimedia.org&utm_campaign=imageinfo&utm_content=original "HTTP/1.1 429 Your bot is making too many requests. Please reduce your request rate or contact bot-traffic@wikimedia.org (f263c81)"
2026-09-04 14:16:05,420 [INFO] httpx: HTTP Request: GET https://upload.wikimedia.org/wikipedia/commons/c/c7/Head_Hiawassee_River_-_panoramio.jpg?utm_source=commons.wikimedia.org&utm_campaign=imageinfo&utm_content=original "HTTP/1.1 429 Your bot is making too many requests. Please reduce your request rate or contact bot-traffic@wikimedia.org (f263c81)"
2026-09-04 14:16:05,420 [INFO] httpx: HTTP Request: GET https://upload.wikimedia.org/wikipedia/commons/3/37/Trail_Horsetrough_Falls_-_panoramio.jpg?utm_source=commons.wikimedia.org&utm_campaign=imageinfo&utm_content=original "HTTP/1.1 429 Your bot is making too many requests. Please reduce your request rate or contact bot-traffic@wikimedia.org (f263c81)"
2026-09-04 14:16:05,938 [INFO] httpx: HTTP Request: GET https://upload.wikimedia.org/wikipedia/commons/9/9f/Lycaena_mariposa_P1250938a.jpg?utm_source=commons.wikimedia.org&utm_campaign=imageinfo&utm_content=original "HTTP/1.1 429 Your bot is making too many requests. Please reduce your request rate or contact bot-traffic@wikimedia.org (f263c81)"
2026-09-04 14:16:05,939 [INFO] httpx: HTTP Request: GET https://upload.wikimedia.org/wikipedia/commons/8/8a/Pile_Burning_Missoula_Ranger_District_%2854121122466%29.jpg?utm_source=commons.wikimedia.org&utm_campaign=imageinfo&utm_content=original "HTTP/1.1 429 Your bot is making too many requests. Please reduce your request rate or contact bot-traffic@wikimedia.org (f263c81)"
2026-09-04 14:16:05,940 [INFO] httpx: HTTP Request: GET https://upload.wikimedia.org/wikipedia/commons/b/bb/ISS061-E-152535_-_View_of_Earth.jpg?utm_source=commons.wikimedia.org&utm_campaign=imageinfo&utm_content=original "HTTP/1.1 429 Your bot is making too many requests. Please reduce your request rate or contact bot-traffic@wikimedia.org (f263c81)"
2026-09-04 14:16:05,947 [INFO] httpx: HTTP Request: GET https://upload.wikimedia.org/wikipedia/commons/0/0c/Pile_Burning_Missoula_Ranger_District_%2854121122536%29.jpg?utm_source=commons.wikimedia.org&utm_campaign=imageinfo&utm_content=original "HTTP/1.1 429 Your bot is making too many requests. Please reduce your request rate or contact bot-traffic@wikimedia.org (f263c81)"
2026-09-04 14:16:05,945 [INFO] httpx: HTTP Request: GET https://upload.wikimedia.org/wikipedia/commons/3/3d/Boloria_chariclea_P1250683a.jpg?utm_source=commons.wikimedia.org&utm_campaign=imageinfo&utm_content=original "HTTP/1.1 429 Your bot is making too many requests. Please reduce your request rate or contact bot-traffic@wikimedia.org (f263c81)"
2026-09-04 14:16:05,954 [INFO] httpx: HTTP Request: GET https://upload.wikimedia.org/wikipedia/commons/3/31/Boloria_chariclea_P1250684a.jpg?utm_source=commons.wikimedia.org&utm_campaign=imageinfo&utm_content=original "HTTP/1.1 429 Your bot is making too many requests. Please reduce your request rate or contact bot-traffic@wikimedia.org (f263c81)"
2026-09-04 14:16:06,460 [INFO] httpx: HTTP Request: GET https://upload.wikimedia.org/wikipedia/commons/e/ef/Wide_Open_Spaces_-_panoramio.jpg?utm_source=commons.wikimedia.org&utm_campaign=imageinfo&utm_content=original "HTTP/1.1 429 Your bot is making too many requests. Please reduce your request rate or contact bot-traffic@wikimedia.org (f263c81)"
2026-09-04 14:16:06,461 [INFO] httpx: HTTP Request: GET https://upload.wikimedia.org/wikipedia/commons/d/d4/Papoose_Island_at_Priest_Lake.jpg?utm_source=commons.wikimedia.org&utm_campaign=imageinfo&utm_content=original "HTTP/1.1 429 Your bot is making too many requests. Please reduce your request rate or contact bot-traffic@wikimedia.org (f263c81)"
2026-09-04 14:16:06,464 [INFO] httpx: HTTP Request: GET https://upload.wikimedia.org/wikipedia/commons/3/37/ISS007-E-9972_-_View_of_Washington.jpg?utm_source=commons.wikimedia.org&utm_campaign=imageinfo&utm_content=original "HTTP/1.1 429 Your bot is making too many requests. Please reduce your request rate or contact bot-traffic@wikimedia.org (f263c81)"
2026-09-04 14:16:06,465 [INFO] httpx: HTTP Request: GET https://upload.wikimedia.org/wikipedia/commons/d/d8/Frog_Front_Water.JPG?utm_source=commons.wikimedia.org&utm_campaign=imageinfo&utm_content=original "HTTP/1.1 429 Your bot is making too many requests. Please reduce your request rate or contact bot-traffic@wikimedia.org (f263c81)"
2026-09-04 14:16:06,469 [INFO] httpx: HTTP Request: GET https://upload.wikimedia.org/wikipedia/commons/b/bc/Spring_break_powder_at_Discovery_-_panoramio.jpg?utm_source=commons.wikimedia.org&utm_campaign=imageinfo&utm_content=original "HTTP/1.1 429 Your bot is making too many requests. Please reduce your request rate or contact bot-traffic@wikimedia.org (f263c81)"
2026-09-04 14:16:06,470 [INFO] httpx: HTTP Request: GET https://upload.wikimedia.org/wikipedia/commons/d/d9/ISS066-E-31995_-_View_of_Earth.jpg?utm_source=commons.wikimedia.org&utm_campaign=imageinfo&utm_content=original "HTTP/1.1 429 Your bot is making too many requests. Please reduce your request rate or contact bot-traffic@wikimedia.org (f263c81)"
2026-09-04 14:16:06,987 [INFO] httpx: HTTP Request: GET https://upload.wikimedia.org/wikipedia/commons/e/ed/Souix_%283%29_%2851882293026%29.jpg?utm_source=commons.wikimedia.org&utm_campaign=imageinfo&utm_content=original "HTTP/1.1 429 Your bot is making too many requests. Please reduce your request rate or contact bot-traffic@wikimedia.org (f263c81)"
2026-09-04 14:16:06,989 [INFO] httpx: HTTP Request: GET https://upload.wikimedia.org/wikipedia/commons/1/13/Pack_River.jpg?utm_source=commons.wikimedia.org&utm_campaign=imageinfo&utm_content=original "HTTP/1.1 429 Your bot is making too many requests. Please reduce your request rate or contact bot-traffic@wikimedia.org (f263c81)"
2026-09-04 14:16:06,989 [INFO] httpx: HTTP Request: GET https://upload.wikimedia.org/wikipedia/commons/f/f6/ISS057-E-85055_-_View_of_Earth.jpg?utm_source=commons.wikimedia.org&utm_campaign=imageinfo&utm_content=original "HTTP/1.1 429 Your bot is making too many requests. Please reduce your request rate or contact bot-traffic@wikimedia.org (f263c81)"
2026-09-04 14:16:06,988 [INFO] httpx: HTTP Request: GET https://upload.wikimedia.org/wikipedia/commons/c/c1/ISS057-E-85056_-_View_of_Earth.jpg?utm_source=commons.wikimedia.org&utm_campaign=imageinfo&utm_content=original "HTTP/1.1 429 Your bot is making too many requests. Please reduce your request rate or contact bot-traffic@wikimedia.org (f263c81)"
2026-09-04 14:16:06,994 [INFO] httpx: HTTP Request: GET https://upload.wikimedia.org/wikipedia/commons/0/03/Souix_%2851882286371%29.jpg?utm_source=commons.wikimedia.org&utm_campaign=imageinfo&utm_content=original "HTTP/1.1 429 Your bot is making too many requests. Please reduce your request rate or contact bot-traffic@wikimedia.org (f263c81)"
2026-09-04 14:16:06,995 [INFO] httpx: HTTP Request: GET https://upload.wikimedia.org/wikipedia/commons/8/8c/ISS048-E-73235_-_View_of_Earth.jpg?utm_source=commons.wikimedia.org&utm_campaign=imageinfo&utm_content=original "HTTP/1.1 429 Your bot is making too many requests. Please reduce your request rate or contact bot-traffic@wikimedia.org (f263c81)"
2026-09-04 14:16:07,509 [INFO] httpx: HTTP Request: GET https://upload.wikimedia.org/wikipedia/commons/8/89/ISS059-E-106273_-_View_of_Earth.jpg?utm_source=commons.wikimedia.org&utm_campaign=imageinfo&utm_content=original "HTTP/1.1 429 Your bot is making too many requests. Please reduce your request rate or contact bot-traffic@wikimedia.org (f263c81)"
2026-09-04 14:16:07,511 [INFO] httpx: HTTP Request: GET https://upload.wikimedia.org/wikipedia/commons/c/c1/ISS042-E-24027_-_View_of_Earth.jpg?utm_source=commons.wikimedia.org&utm_campaign=imageinfo&utm_content=original "HTTP/1.1 429 Your bot is making too many requests. Please reduce your request rate or contact bot-traffic@wikimedia.org (f263c81)"
2026-09-04 14:16:07,513 [INFO] httpx: HTTP Request: GET https://upload.wikimedia.org/wikipedia/commons/f/f7/ISS048-E-73215_-_View_of_Earth.jpg?utm_source=commons.wikimedia.org&utm_campaign=imageinfo&utm_content=original "HTTP/1.1 429 Your bot is making too many requests. Please reduce your request rate or contact bot-traffic@wikimedia.org (f263c81)"
2026-09-04 14:16:07,514 [INFO] httpx: HTTP Request: GET https://upload.wikimedia.org/wikipedia/commons/e/e6/Gallatin_River_at_Elkhorn_%2852394987661%29.jpg?utm_source=commons.wikimedia.org&utm_campaign=imageinfo&utm_content=original "HTTP/1.1 429 Your bot is making too many requests. Please reduce your request rate or contact bot-traffic@wikimedia.org (f263c81)"
2026-09-04 14:16:07,514 [INFO] httpx: HTTP Request: GET https://upload.wikimedia.org/wikipedia/commons/a/a5/ISS048-E-73216_-_View_of_Earth.jpg?utm_source=commons.wikimedia.org&utm_campaign=imageinfo&utm_content=original "HTTP/1.1 429 Your bot is making too many requests. Please reduce your request rate or contact bot-traffic@wikimedia.org (f263c81)"
2026-09-04 14:16:07,521 [INFO] httpx: HTTP Request: GET https://upload.wikimedia.org/wikipedia/commons/3/3f/ISS017-E-19632_-_View_of_Oregon.jpg?utm_source=commons.wikimedia.org&utm_campaign=imageinfo&utm_content=original "HTTP/1.1 429 Your bot is making too many requests. Please reduce your request rate or contact bot-traffic@wikimedia.org (f263c81)"
2026-09-04 14:16:08,035 [INFO] httpx: HTTP Request: GET https://upload.wikimedia.org/wikipedia/commons/c/cb/MV_Grace%27s_Warbler.jpg?utm_source=commons.wikimedia.org&utm_campaign=imageinfo&utm_content=original "HTTP/1.1 429 Your bot is making too many requests. Please reduce your request rate or contact bot-traffic@wikimedia.org (f263c81)"
2026-09-04 14:16:08,037 [INFO] httpx: HTTP Request: GET https://upload.wikimedia.org/wikipedia/commons/0/0b/Ohio_Pass%2C_West_Elk_Mountains%2C_Gunnison_County%2C_Colorado%2C_USA_02.jpg?utm_source=commons.wikimedia.org&utm_campaign=imageinfo&utm_content=original "HTTP/1.1 429 Your bot is making too many requests. Please reduce your request rate or contact bot-traffic@wikimedia.org (f263c81)"
2026-09-04 14:16:08,038 [INFO] httpx: HTTP Request: GET https://upload.wikimedia.org/wikipedia/commons/4/4b/Kebler_Pass.JPG?utm_source=commons.wikimedia.org&utm_campaign=imageinfo&utm_content=original "HTTP/1.1 429 Your bot is making too many requests. Please reduce your request rate or contact bot-traffic@wikimedia.org (f263c81)"
2026-09-04 14:16:08,038 [INFO] httpx: HTTP Request: GET https://upload.wikimedia.org/wikipedia/commons/e/e9/Gallatin_River_at_Elkhorn_%2852395286894%29.jpg?utm_source=commons.wikimedia.org&utm_campaign=imageinfo&utm_content=original "HTTP/1.1 429 Your bot is making too many requests. Please reduce your request rate or contact bot-traffic@wikimedia.org (f263c81)"
2026-09-04 14:16:08,040 [INFO] httpx: HTTP Request: GET https://upload.wikimedia.org/wikipedia/commons/4/40/Ohio_Pass%2C_West_Elk_Mountains%2C_Gunnison_County%2C_Colorado%2C_USA_01.jpg?utm_source=commons.wikimedia.org&utm_campaign=imageinfo&utm_content=original "HTTP/1.1 429 Your bot is making too many requests. Please reduce your request rate or contact bot-traffic@wikimedia.org (f263c81)"
2026-09-04 14:16:08,041 [INFO] httpx: HTTP Request: GET https://upload.wikimedia.org/wikipedia/commons/c/c3/Pseudognaphalium_macounii_iNat-10603717.jpg?utm_source=commons.wikimedia.org&utm_campaign=imageinfo&utm_content=original "HTTP/1.1 429 Your bot is making too many requests. Please reduce your request rate or contact bot-traffic@wikimedia.org (f263c81)"
2026-09-04 14:16:08,589 [INFO] httpx: HTTP Request: GET https://upload.wikimedia.org/wikipedia/commons/6/63/ISS042-E-23998_-_View_of_Earth.jpg?utm_source=commons.wikimedia.org&utm_campaign=imageinfo&utm_content=original "HTTP/1.1 429 Your bot is making too many requests. Please reduce your request rate or contact bot-traffic@wikimedia.org (f263c81)"
2026-09-04 14:16:08,590 [INFO] httpx: HTTP Request: GET https://upload.wikimedia.org/wikipedia/commons/d/dd/Rusty_can_%288861405213%29.jpg?utm_source=commons.wikimedia.org&utm_campaign=imageinfo&utm_content=original "HTTP/1.1 429 Your bot is making too many requests. Please reduce your request rate or contact bot-traffic@wikimedia.org (f263c81)"
2026-09-04 14:16:08,590 [INFO] httpx: HTTP Request: GET https://upload.wikimedia.org/wikipedia/commons/1/1c/Pseudognaphalium_macounii_iNat-10603715.jpg?utm_source=commons.wikimedia.org&utm_campaign=imageinfo&utm_content=original "HTTP/1.1 429 Your bot is making too many requests. Please reduce your request rate or contact bot-traffic@wikimedia.org (f263c81)"
2026-09-04 14:16:08,591 [INFO] httpx: HTTP Request: GET https://upload.wikimedia.org/wikipedia/commons/d/d3/ISS053-E-228087_-_View_of_Earth.jpg?utm_source=commons.wikimedia.org&utm_campaign=imageinfo&utm_content=original "HTTP/1.1 429 Your bot is making too many requests. Please reduce your request rate or contact bot-traffic@wikimedia.org (f263c81)"
2026-09-04 14:16:08,593 [INFO] httpx: HTTP Request: GET https://upload.wikimedia.org/wikipedia/commons/b/b5/ISS053-E-232247_-_View_of_Earth.jpg?utm_source=commons.wikimedia.org&utm_campaign=imageinfo&utm_content=original "HTTP/1.1 429 Your bot is making too many requests. Please reduce your request rate or contact bot-traffic@wikimedia.org (f263c81)"
2026-09-04 14:16:08,593 [INFO] httpx: HTTP Request: GET https://upload.wikimedia.org/wikipedia/commons/1/16/Ironton_%288862012392%29.jpg?utm_source=commons.wikimedia.org&utm_campaign=imageinfo&utm_content=original "HTTP/1.1 429 Your bot is making too many requests. Please reduce your request rate or contact bot-traffic@wikimedia.org (f263c81)"
2026-09-04 14:16:09,086 [INFO] httpx: HTTP Request: GET https://upload.wikimedia.org/wikipedia/commons/8/89/Melica_spectabilis.jpg?utm_source=commons.wikimedia.org&utm_campaign=imageinfo&utm_content=original "HTTP/1.1 429 Your bot is making too many requests. Please reduce your request rate or contact bot-traffic@wikimedia.org (f263c81)"
2026-09-04 14:16:09,088 [INFO] httpx: HTTP Request: GET https://upload.wikimedia.org/wikipedia/commons/5/5b/ISS046-E-6028_-_View_of_Earth.jpg?utm_source=commons.wikimedia.org&utm_campaign=imageinfo&utm_content=original "HTTP/1.1 429 Your bot is making too many requests. Please reduce your request rate or contact bot-traffic@wikimedia.org (f263c81)"
2026-09-04 14:16:09,091 [INFO] httpx: HTTP Request: GET https://upload.wikimedia.org/wikipedia/commons/9/96/ISS046-E-6027_-_View_of_Earth.jpg?utm_source=commons.wikimedia.org&utm_campaign=imageinfo&utm_content=original "HTTP/1.1 429 Your bot is making too many requests. Please reduce your request rate or contact bot-traffic@wikimedia.org (f263c81)"
2026-09-04 14:16:09,092 [INFO] httpx: HTTP Request: GET https://upload.wikimedia.org/wikipedia/commons/f/fe/ISS046-E-6026_-_View_of_Earth.jpg?utm_source=commons.wikimedia.org&utm_campaign=imageinfo&utm_content=original "HTTP/1.1 429 Your bot is making too many requests. Please reduce your request rate or contact bot-traffic@wikimedia.org (f263c81)"
2026-09-04 14:16:09,093 [INFO] httpx: HTTP Request: GET https://upload.wikimedia.org/wikipedia/commons/f/fb/Crystal_lake_HDR_%285996672708%29.jpg?utm_source=commons.wikimedia.org&utm_campaign=imageinfo&utm_content=original "HTTP/1.1 429 Your bot is making too many requests. Please reduce your request rate or contact bot-traffic@wikimedia.org (f263c81)"
2026-09-04 14:16:09,094 [INFO] httpx: HTTP Request: GET https://upload.wikimedia.org/wikipedia/commons/1/13/Pack_River.jpg?utm_source=commons.wikimedia.org&utm_campaign=imageinfo&utm_content=original "HTTP/1.1 429 Your bot is making too many requests. Please reduce your request rate or contact bot-traffic@wikimedia.org (f263c81)"
2026-09-04 14:16:09,609 [INFO] httpx: HTTP Request: GET https://upload.wikimedia.org/wikipedia/commons/e/ed/2003-08-17_Cooke_City_Firehall.jpg?utm_source=commons.wikimedia.org&utm_campaign=imageinfo&utm_content=original "HTTP/1.1 429 Your bot is making too many requests. Please reduce your request rate or contact bot-traffic@wikimedia.org (f263c81)"
2026-09-04 14:16:09,610 [INFO] httpx: HTTP Request: GET https://upload.wikimedia.org/wikipedia/commons/e/e7/ISS052-E-5609_-_View_of_Earth.jpg?utm_source=commons.wikimedia.org&utm_campaign=imageinfo&utm_content=original "HTTP/1.1 429 Your bot is making too many requests. Please reduce your request rate or contact bot-traffic@wikimedia.org (f263c81)"
2026-09-04 14:16:09,613 [INFO] httpx: HTTP Request: GET https://upload.wikimedia.org/wikipedia/commons/9/9e/Melica_spectabilis_%283881300434%29.jpg?utm_source=commons.wikimedia.org&utm_campaign=imageinfo&utm_content=original "HTTP/1.1 429 Your bot is making too many requests. Please reduce your request rate or contact bot-traffic@wikimedia.org (f263c81)"
2026-09-04 14:16:09,620 [INFO] httpx: HTTP Request: GET https://upload.wikimedia.org/wikipedia/commons/3/39/2003-08-17_Entering_Cooke_City_from_the_East.jpg?utm_source=commons.wikimedia.org&utm_campaign=imageinfo&utm_content=original "HTTP/1.1 429 Your bot is making too many requests. Please reduce your request rate or contact bot-traffic@wikimedia.org (f263c81)"
2026-09-04 14:16:09,621 [INFO] httpx: HTTP Request: GET https://upload.wikimedia.org/wikipedia/commons/3/38/2003-08-17_Miners_Saloon_in_Cooke_City%2C_Montana.jpg?utm_source=commons.wikimedia.org&utm_campaign=imageinfo&utm_content=original "HTTP/1.1 429 Your bot is making too many requests. Please reduce your request rate or contact bot-traffic@wikimedia.org (f263c81)"
2026-09-04 14:16:09,623 [INFO] httpx: HTTP Request: GET https://upload.wikimedia.org/wikipedia/commons/7/75/Pack_River_-_panoramio.jpg?utm_source=commons.wikimedia.org&utm_campaign=imageinfo&utm_content=original "HTTP/1.1 429 Your bot is making too many requests. Please reduce your request rate or contact bot-traffic@wikimedia.org (f263c81)"
2026-09-04 14:16:10,138 [INFO] httpx: HTTP Request: GET https://upload.wikimedia.org/wikipedia/commons/c/c3/Pack_River_-_panoramio_%281%29.jpg?utm_source=commons.wikimedia.org&utm_campaign=imageinfo&utm_content=original "HTTP/1.1 429 Your bot is making too many requests. Please reduce your request rate or contact bot-traffic@wikimedia.org (f263c81)"
2026-09-04 14:16:10,139 [INFO] httpx: HTTP Request: GET https://upload.wikimedia.org/wikipedia/commons/d/d1/Sedum_lanceolatum_Upper_Ruby_River_Montana_01.JPG?utm_source=commons.wikimedia.org&utm_campaign=imageinfo&utm_content=original "HTTP/1.1 429 Your bot is making too many requests. Please reduce your request rate or contact bot-traffic@wikimedia.org (f263c81)"
2026-09-04 14:16:10,139 [INFO] httpx: HTTP Request: GET https://upload.wikimedia.org/wikipedia/commons/2/28/Pack_River_-_panoramio_%282%29.jpg?utm_source=commons.wikimedia.org&utm_campaign=imageinfo&utm_content=original "HTTP/1.1 429 Your bot is making too many requests. Please reduce your request rate or contact bot-traffic@wikimedia.org (f263c81)"
2026-09-04 14:16:10,462 [INFO] httpx: HTTP Request: GET https://upload.wikimedia.org/wikipedia/commons/b/b5/ISS013-E-34060_-_View_of_Wyoming.jpg?utm_source=commons.wikimedia.org&utm_campaign=imageinfo&utm_content=original "HTTP/1.1 429 Your bot is making too many requests. Please reduce your request rate or contact bot-traffic@wikimedia.org (f263c81)"
2026-09-04 14:16:10,464 [INFO] httpx: HTTP Request: GET https://upload.wikimedia.org/wikipedia/commons/0/08/Opuntia_polyacantha_Upper_Ruby_River_01.JPG?utm_source=commons.wikimedia.org&utm_campaign=imageinfo&utm_content=original "HTTP/1.1 429 Your bot is making too many requests. Please reduce your request rate or contact bot-traffic@wikimedia.org (f263c81)"
2026-09-04 14:16:10,464 [INFO] httpx: HTTP Request: GET https://upload.wikimedia.org/wikipedia/commons/4/41/Sedum_lanceolatum_Upper_Ruby_River_Montana_04.JPG?utm_source=commons.wikimedia.org&utm_campaign=imageinfo&utm_content=original "HTTP/1.1 429 Your bot is making too many requests. Please reduce your request rate or contact bot-traffic@wikimedia.org (f263c81)"
2026-09-04 14:16:10,658 [INFO] httpx: HTTP Request: GET https://upload.wikimedia.org/wikipedia/commons/6/60/Custer_Gallatin_2023_Photo_contest_%2853281624742%29.jpg?utm_source=commons.wikimedia.org&utm_campaign=imageinfo&utm_content=original "HTTP/1.1 429 Your bot is making too many requests. Please reduce your request rate or contact bot-traffic@wikimedia.org (f263c81)"
2026-09-04 14:16:10,661 [INFO] httpx: HTTP Request: GET https://upload.wikimedia.org/wikipedia/commons/7/76/Seated_%289106717549%29.jpg?utm_source=commons.wikimedia.org&utm_campaign=imageinfo&utm_content=original "HTTP/1.1 429 Your bot is making too many requests. Please reduce your request rate or contact bot-traffic@wikimedia.org (f263c81)"
2026-09-04 14:16:10,662 [INFO] httpx: HTTP Request: GET https://upload.wikimedia.org/wikipedia/commons/e/e8/Colorado_Rockies_%2834246027256%29.jpg?utm_source=commons.wikimedia.org&utm_campaign=imageinfo&utm_content=original "HTTP/1.1 429 Your bot is making too many requests. Please reduce your request rate or contact bot-traffic@wikimedia.org (f263c81)"
2026-09-04 14:16:11,180 [INFO] httpx: HTTP Request: GET https://upload.wikimedia.org/wikipedia/commons/b/b5/ISS013-E-34060_-_View_of_Wyoming.jpg?utm_source=commons.wikimedia.org&utm_campaign=imageinfo&utm_content=original "HTTP/1.1 429 Your bot is making too many requests. Please reduce your request rate or contact bot-traffic@wikimedia.org (f263c81)"
2026-09-04 14:16:11,181 [INFO] httpx: HTTP Request: GET https://upload.wikimedia.org/wikipedia/commons/d/d4/Papoose_Island_at_Priest_Lake.jpg?utm_source=commons.wikimedia.org&utm_campaign=imageinfo&utm_content=original "HTTP/1.1 429 Your bot is making too many requests. Please reduce your request rate or contact bot-traffic@wikimedia.org (f263c81)"
2026-09-04 14:16:11,182 [INFO] httpx: HTTP Request: GET https://upload.wikimedia.org/wikipedia/commons/8/8e/Abert_Squirrel_%28dorsal_view%29.jpg?utm_source=commons.wikimedia.org&utm_campaign=imageinfo&utm_content=original "HTTP/1.1 429 Your bot is making too many requests. Please reduce your request rate or contact bot-traffic@wikimedia.org (f263c81)"
2026-09-04 14:16:11,183 [INFO] httpx: HTTP Request: GET https://upload.wikimedia.org/wikipedia/commons/8/8d/Stick_%289108938706%29.jpg?utm_source=commons.wikimedia.org&utm_campaign=imageinfo&utm_content=original "HTTP/1.1 429 Your bot is making too many requests. Please reduce your request rate or contact bot-traffic@wikimedia.org (f263c81)"
2026-09-04 14:16:11,182 [INFO] httpx: HTTP Request: GET https://upload.wikimedia.org/wikipedia/commons/d/d8/Frog_Front_Water.JPG?utm_source=commons.wikimedia.org&utm_campaign=imageinfo&utm_content=original "HTTP/1.1 429 Your bot is making too many requests. Please reduce your request rate or contact bot-traffic@wikimedia.org (f263c81)"
2026-09-04 14:16:11,183 [INFO] httpx: HTTP Request: GET https://upload.wikimedia.org/wikipedia/commons/6/60/Custer_Gallatin_2023_Photo_contest_%2853281624742%29.jpg?utm_source=commons.wikimedia.org&utm_campaign=imageinfo&utm_content=original "HTTP/1.1 429 Your bot is making too many requests. Please reduce your request rate or contact bot-traffic@wikimedia.org (f263c81)"
2026-09-04 14:16:11,706 [INFO] httpx: HTTP Request: GET https://upload.wikimedia.org/wikipedia/commons/b/b9/Italian_Mountain%2C_Elk_Mountains%2C_Gunnison_County%2C_Colorado%2C_USA_02.jpg?utm_source=commons.wikimedia.org&utm_campaign=imageinfo&utm_content=original "HTTP/1.1 429 Your bot is making too many requests. Please reduce your request rate or contact bot-traffic@wikimedia.org (f263c81)"
2026-09-04 14:16:11,709 [INFO] httpx: HTTP Request: GET https://upload.wikimedia.org/wikipedia/commons/6/69/Italian_Mountain%2C_Elk_Mountains%2C_Gunnison_County%2C_Colorado%2C_USA_03.jpg?utm_source=commons.wikimedia.org&utm_campaign=imageinfo&utm_content=original "HTTP/1.1 429 Your bot is making too many requests. Please reduce your request rate or contact bot-traffic@wikimedia.org (f263c81)"
2026-09-04 14:16:11,710 [INFO] httpx: HTTP Request: GET https://upload.wikimedia.org/wikipedia/commons/8/8e/Abert_Squirrel_%28dorsal_view%29.jpg?utm_source=commons.wikimedia.org&utm_campaign=imageinfo&utm_content=original "HTTP/1.1 429 Your bot is making too many requests. Please reduce your request rate or contact bot-traffic@wikimedia.org (f263c81)"
2026-09-04 14:16:11,712 [INFO] httpx: HTTP Request: GET https://upload.wikimedia.org/wikipedia/commons/7/74/ISS053-E-298832_-_View_of_Earth.jpg?utm_source=commons.wikimedia.org&utm_campaign=imageinfo&utm_content=original "HTTP/1.1 429 Your bot is making too many requests. Please reduce your request rate or contact bot-traffic@wikimedia.org (f263c81)"
2026-09-04 14:16:11,716 [INFO] httpx: HTTP Request: GET https://upload.wikimedia.org/wikipedia/commons/2/2f/Taylor_Park_Reservoir_2024.JPG?utm_source=commons.wikimedia.org&utm_campaign=imageinfo&utm_content=original "HTTP/1.1 429 Your bot is making too many requests. Please reduce your request rate or contact bot-traffic@wikimedia.org (f263c81)"
2026-09-04 14:16:11,718 [INFO] httpx: HTTP Request: GET https://upload.wikimedia.org/wikipedia/commons/e/e5/ISS041-E-107929_-_View_of_Earth.jpg?utm_source=commons.wikimedia.org&utm_campaign=imageinfo&utm_content=original "HTTP/1.1 429 Your bot is making too many requests. Please reduce your request rate or contact bot-traffic@wikimedia.org (f263c81)"
2026-09-04 14:16:12,229 [INFO] httpx: HTTP Request: GET https://upload.wikimedia.org/wikipedia/commons/b/b2/ISS055-E-23532_-_View_of_Earth.jpg?utm_source=commons.wikimedia.org&utm_campaign=imageinfo&utm_content=original "HTTP/1.1 429 Your bot is making too many requests. Please reduce your request rate or contact bot-traffic@wikimedia.org (f263c81)"
2026-09-04 14:16:12,233 [INFO] httpx: HTTP Request: GET https://upload.wikimedia.org/wikipedia/commons/f/f5/ISS041-E-107928_-_View_of_Earth.jpg?utm_source=commons.wikimedia.org&utm_campaign=imageinfo&utm_content=original "HTTP/1.1 429 Your bot is making too many requests. Please reduce your request rate or contact bot-traffic@wikimedia.org (f263c81)"
2026-09-04 14:16:12,235 [INFO] httpx: HTTP Request: GET https://upload.wikimedia.org/wikipedia/commons/4/43/ISS057-E-87186_-_View_of_Earth.jpg?utm_source=commons.wikimedia.org&utm_campaign=imageinfo&utm_content=original "HTTP/1.1 429 Your bot is making too many requests. Please reduce your request rate or contact bot-traffic@wikimedia.org (f263c81)"
2026-09-04 14:16:12,238 [INFO] httpx: HTTP Request: GET https://upload.wikimedia.org/wikipedia/commons/7/77/ISS057-E-87187_-_View_of_Earth.jpg?utm_source=commons.wikimedia.org&utm_campaign=imageinfo&utm_content=original "HTTP/1.1 429 Your bot is making too many requests. Please reduce your request rate or contact bot-traffic@wikimedia.org (f263c81)"
2026-09-04 14:16:12,238 [INFO] httpx: HTTP Request: GET https://upload.wikimedia.org/wikipedia/commons/4/4a/USGS_Idaho_Montana_1900_Survey_Three_Granite_Boundary_Line_Monuments.jpg?utm_source=commons.wikimedia.org&utm_campaign=imageinfo&utm_content=original "HTTP/1.1 429 Your bot is making too many requests. Please reduce your request rate or contact bot-traffic@wikimedia.org (f263c81)"
2026-09-04 14:16:12,239 [INFO] httpx: HTTP Request: GET https://upload.wikimedia.org/wikipedia/commons/9/9c/ISS057-E-85002_-_View_of_Earth.jpg?utm_source=commons.wikimedia.org&utm_campaign=imageinfo&utm_content=original "HTTP/1.1 429 Your bot is making too many requests. Please reduce your request rate or contact bot-traffic@wikimedia.org (f263c81)"
2026-09-04 14:16:12,755 [INFO] httpx: HTTP Request: GET https://upload.wikimedia.org/wikipedia/commons/4/49/ISS031-E-67679_-_View_of_Earth.jpg?utm_source=commons.wikimedia.org&utm_campaign=imageinfo&utm_content=original "HTTP/1.1 429 Your bot is making too many requests. Please reduce your request rate or contact bot-traffic@wikimedia.org (f263c81)"
2026-09-04 14:16:12,755 [INFO] httpx: HTTP Request: GET https://upload.wikimedia.org/wikipedia/commons/6/6b/North_aspect_of_Shotgun_Mountain.JPG?utm_source=commons.wikimedia.org&utm_campaign=imageinfo&utm_content=original "HTTP/1.1 429 Your bot is making too many requests. Please reduce your request rate or contact bot-traffic@wikimedia.org (f263c81)"
2026-09-04 14:16:12,756 [INFO] httpx: HTTP Request: GET https://upload.wikimedia.org/wikipedia/commons/3/34/ISS022-E-13269_-_View_of_Earth.jpg?utm_source=commons.wikimedia.org&utm_campaign=imageinfo&utm_content=original "HTTP/1.1 429 Your bot is making too many requests. Please reduce your request rate or contact bot-traffic@wikimedia.org (f263c81)"
2026-09-04 14:16:12,756 [INFO] httpx: HTTP Request: GET https://upload.wikimedia.org/wikipedia/commons/1/12/ISS057-E-85001_-_View_of_Earth.jpg?utm_source=commons.wikimedia.org&utm_campaign=imageinfo&utm_content=original "HTTP/1.1 429 Your bot is making too many requests. Please reduce your request rate or contact bot-traffic@wikimedia.org (f263c81)"
2026-09-04 14:16:12,756 [INFO] httpx: HTTP Request: GET https://upload.wikimedia.org/wikipedia/commons/5/57/Road_Canyon_Reservoir_Number_1.JPG?utm_source=commons.wikimedia.org&utm_campaign=imageinfo&utm_content=original "HTTP/1.1 429 Your bot is making too many requests. Please reduce your request rate or contact bot-traffic@wikimedia.org (f263c81)"
2026-09-04 14:16:12,760 [INFO] httpx: HTTP Request: GET https://upload.wikimedia.org/wikipedia/commons/0/0e/Final_Destination_%285037469397%29.jpg?utm_source=commons.wikimedia.org&utm_campaign=imageinfo&utm_content=original "HTTP/1.1 429 Your bot is making too many requests. Please reduce your request rate or contact bot-traffic@wikimedia.org (f263c81)"
2026-09-04 14:16:13,277 [INFO] httpx: HTTP Request: GET https://upload.wikimedia.org/wikipedia/commons/a/a7/ISS047-E-108156_-_View_of_Earth.jpg?utm_source=commons.wikimedia.org&utm_campaign=imageinfo&utm_content=original "HTTP/1.1 429 Your bot is making too many requests. Please reduce your request rate or contact bot-traffic@wikimedia.org (f263c81)"
2026-09-04 14:16:13,279 [INFO] httpx: HTTP Request: GET https://upload.wikimedia.org/wikipedia/commons/3/33/ISS047-E-108157_-_View_of_Earth.jpg?utm_source=commons.wikimedia.org&utm_campaign=imageinfo&utm_content=original "HTTP/1.1 429 Your bot is making too many requests. Please reduce your request rate or contact bot-traffic@wikimedia.org (f263c81)"
2026-09-04 14:16:13,278 [INFO] httpx: HTTP Request: GET https://upload.wikimedia.org/wikipedia/commons/7/7a/Afternoon_Drive_%285063441313%29.jpg?utm_source=commons.wikimedia.org&utm_campaign=imageinfo&utm_content=original "HTTP/1.1 429 Your bot is making too many requests. Please reduce your request rate or contact bot-traffic@wikimedia.org (f263c81)"
2026-09-04 14:16:13,277 [INFO] httpx: HTTP Request: GET https://upload.wikimedia.org/wikipedia/commons/c/c3/Pseudognaphalium_macounii_iNat-10603717.jpg?utm_source=commons.wikimedia.org&utm_campaign=imageinfo&utm_content=original "HTTP/1.1 429 Your bot is making too many requests. Please reduce your request rate or contact bot-traffic@wikimedia.org (f263c81)"
2026-09-04 14:16:13,285 [INFO] httpx: HTTP Request: GET https://upload.wikimedia.org/wikipedia/commons/c/cf/ISS047-E-109949_-_View_of_Earth.jpg?utm_source=commons.wikimedia.org&utm_campaign=imageinfo&utm_content=original "HTTP/1.1 429 Your bot is making too many requests. Please reduce your request rate or contact bot-traffic@wikimedia.org (f263c81)"
2026-09-04 14:16:13,287 [INFO] httpx: HTTP Request: GET https://upload.wikimedia.org/wikipedia/commons/1/19/Take_me_there_%285064027124%29.jpg?utm_source=commons.wikimedia.org&utm_campaign=imageinfo&utm_content=original "HTTP/1.1 429 Your bot is making too many requests. Please reduce your request rate or contact bot-traffic@wikimedia.org (f263c81)"
2026-09-04 14:16:13,800 [INFO] httpx: HTTP Request: GET https://upload.wikimedia.org/wikipedia/commons/4/48/ISS015-E-13252_-_View_of_Montana.jpg?utm_source=commons.wikimedia.org&utm_campaign=imageinfo&utm_content=original "HTTP/1.1 429 Your bot is making too many requests. Please reduce your request rate or contact bot-traffic@wikimedia.org (f263c81)"
2026-09-04 14:16:13,801 [INFO] httpx: HTTP Request: GET https://upload.wikimedia.org/wikipedia/commons/1/1c/Pseudognaphalium_macounii_iNat-10603715.jpg?utm_source=commons.wikimedia.org&utm_campaign=imageinfo&utm_content=original "HTTP/1.1 429 Your bot is making too many requests. Please reduce your request rate or contact bot-traffic@wikimedia.org (f263c81)"
2026-09-04 14:16:13,803 [INFO] httpx: HTTP Request: GET https://upload.wikimedia.org/wikipedia/commons/6/66/ISS059-E-122345_-_View_of_Wyoming.jpg?utm_source=commons.wikimedia.org&utm_campaign=imageinfo&utm_content=original "HTTP/1.1 429 Your bot is making too many requests. Please reduce your request rate or contact bot-traffic@wikimedia.org (f263c81)"
2026-09-04 14:16:13,802 [INFO] httpx: HTTP Request: GET https://upload.wikimedia.org/wikipedia/commons/4/4b/Kebler_Pass.JPG?utm_source=commons.wikimedia.org&utm_campaign=imageinfo&utm_content=original "HTTP/1.1 429 Your bot is making too many requests. Please reduce your request rate or contact bot-traffic@wikimedia.org (f263c81)"
2026-09-04 14:16:13,807 [INFO] httpx: HTTP Request: GET https://upload.wikimedia.org/wikipedia/commons/7/7d/ISS047-E-120642_-_View_of_Earth.jpg?utm_source=commons.wikimedia.org&utm_campaign=imageinfo&utm_content=original "HTTP/1.1 429 Your bot is making too many requests. Please reduce your request rate or contact bot-traffic@wikimedia.org (f263c81)"
2026-09-04 14:16:13,809 [INFO] httpx: HTTP Request: GET https://upload.wikimedia.org/wikipedia/commons/0/08/STS131-E-13804_-_View_of_Earth.jpg?utm_source=commons.wikimedia.org&utm_campaign=imageinfo&utm_content=original "HTTP/1.1 429 Your bot is making too many requests. Please reduce your request rate or contact bot-traffic@wikimedia.org (f263c81)"
2026-09-04 14:16:14,323 [INFO] httpx: HTTP Request: GET https://upload.wikimedia.org/wikipedia/commons/6/67/Ohio_Peak%2C_Anthracite_Range%2C_West_Elk_Mountains%2C_Gunnison_County%2C_Colorado%2C_USA_02.jpg?utm_source=commons.wikimedia.org&utm_campaign=imageinfo&utm_content=original "HTTP/1.1 429 Your bot is making too many requests. Please reduce your request rate or contact bot-traffic@wikimedia.org (f263c81)"
2026-09-04 14:16:14,326 [INFO] httpx: HTTP Request: GET https://upload.wikimedia.org/wikipedia/commons/f/fd/ISS045-E-47576_-_View_of_Earth.jpg?utm_source=commons.wikimedia.org&utm_campaign=imageinfo&utm_content=original "HTTP/1.1 429 Your bot is making too many requests. Please reduce your request rate or contact bot-traffic@wikimedia.org (f263c81)"
2026-09-04 14:16:14,328 [INFO] httpx: HTTP Request: GET https://upload.wikimedia.org/wikipedia/commons/6/67/Ohio_Peak%2C_Anthracite_Range%2C_West_Elk_Mountains%2C_Gunnison_County%2C_Colorado%2C_USA_02.jpg?utm_source=commons.wikimedia.org&utm_campaign=imageinfo&utm_content=original "HTTP/1.1 429 Your bot is making too many requests. Please reduce your request rate or contact bot-traffic@wikimedia.org (f263c81)"
2026-09-04 14:16:14,328 [INFO] httpx: HTTP Request: GET https://upload.wikimedia.org/wikipedia/commons/3/3c/Ohio_Peak%2C_Anthracite_Range%2C_West_Elk_Mountains%2C_Gunnison_County%2C_Colorado%2C_USA_01.jpg?utm_source=commons.wikimedia.org&utm_campaign=imageinfo&utm_content=original "HTTP/1.1 429 Your bot is making too many requests. Please reduce your request rate or contact bot-traffic@wikimedia.org (f263c81)"
2026-09-04 14:16:14,329 [INFO] httpx: HTTP Request: GET https://upload.wikimedia.org/wikipedia/commons/3/3c/Ohio_Peak%2C_Anthracite_Range%2C_West_Elk_Mountains%2C_Gunnison_County%2C_Colorado%2C_USA_01.jpg?utm_source=commons.wikimedia.org&utm_campaign=imageinfo&utm_content=original "HTTP/1.1 429 Your bot is making too many requests. Please reduce your request rate or contact bot-traffic@wikimedia.org (f263c81)"
2026-09-04 14:16:14,329 [INFO] httpx: HTTP Request: GET https://upload.wikimedia.org/wikipedia/commons/4/4b/Kebler_Pass.JPG?utm_source=commons.wikimedia.org&utm_campaign=imageinfo&utm_content=original "HTTP/1.1 429 Your bot is making too many requests. Please reduce your request rate or contact bot-traffic@wikimedia.org (f263c81)"
2026-09-04 14:16:14,855 [INFO] httpx: HTTP Request: GET https://upload.wikimedia.org/wikipedia/commons/2/21/Adams_The_Tetons_and_the_Snake_River.jpg?utm_source=commons.wikimedia.org&utm_campaign=imageinfo&utm_content=original "HTTP/1.1 429 Your bot is making too many requests. Please reduce your request rate or contact bot-traffic@wikimedia.org (f263c81)"
2026-09-04 14:16:14,857 [INFO] httpx: HTTP Request: GET https://upload.wikimedia.org/wikipedia/commons/f/f6/ISS066-E-72957_-_View_of_Earth.jpg?utm_source=commons.wikimedia.org&utm_campaign=imageinfo&utm_content=original "HTTP/1.1 429 Your bot is making too many requests. Please reduce your request rate or contact bot-traffic@wikimedia.org (f263c81)"
2026-09-04 14:16:14,859 [INFO] httpx: HTTP Request: GET https://upload.wikimedia.org/wikipedia/commons/8/8f/ISS054-E-13855_-_View_of_Earth.jpg?utm_source=commons.wikimedia.org&utm_campaign=imageinfo&utm_content=original "HTTP/1.1 429 Your bot is making too many requests. Please reduce your request rate or contact bot-traffic@wikimedia.org (f263c81)"
2026-09-04 14:16:14,858 [INFO] httpx: HTTP Request: GET https://upload.wikimedia.org/wikipedia/commons/f/f3/Grand_Tetons_Ranch%2C_WY_2011_%2824941083585%29.jpg?utm_source=commons.wikimedia.org&utm_campaign=imageinfo&utm_content=original "HTTP/1.1 429 Your bot is making too many requests. Please reduce your request rate or contact bot-traffic@wikimedia.org (f263c81)"
2026-09-04 14:16:14,864 [INFO] httpx: HTTP Request: GET https://upload.wikimedia.org/wikipedia/commons/c/cf/ISS063-E-111381_-_View_of_Earth.jpg?utm_source=commons.wikimedia.org&utm_campaign=imageinfo&utm_content=original "HTTP/1.1 429 Your bot is making too many requests. Please reduce your request rate or contact bot-traffic@wikimedia.org (f263c81)"
2026-09-04 14:16:14,865 [INFO] httpx: HTTP Request: GET https://upload.wikimedia.org/wikipedia/commons/3/36/ISS054-E-11399_-_View_of_Earth.jpg?utm_source=commons.wikimedia.org&utm_campaign=imageinfo&utm_content=original "HTTP/1.1 429 Your bot is making too many requests. Please reduce your request rate or contact bot-traffic@wikimedia.org (f263c81)"
2026-09-04 14:16:15,372 [INFO] httpx: HTTP Request: GET https://upload.wikimedia.org/wikipedia/commons/6/6b/ISS058-E-23163_-_View_of_Earth.jpg?utm_source=commons.wikimedia.org&utm_campaign=imageinfo&utm_content=original "HTTP/1.1 429 Your bot is making too many requests. Please reduce your request rate or contact bot-traffic@wikimedia.org (f263c81)"
2026-09-04 14:16:15,375 [INFO] httpx: HTTP Request: GET https://upload.wikimedia.org/wikipedia/commons/5/5c/Descending_the_Pass_on_route_601_-_panoramio.jpg?utm_source=commons.wikimedia.org&utm_campaign=imageinfo&utm_content=original "HTTP/1.1 429 Your bot is making too many requests. Please reduce your request rate or contact bot-traffic@wikimedia.org (f263c81)"
2026-09-04 14:16:15,378 [INFO] httpx: HTTP Request: GET https://upload.wikimedia.org/wikipedia/commons/a/a8/County_Line_Sign%2C_Giles-bound_-_panoramio.jpg?utm_source=commons.wikimedia.org&utm_campaign=imageinfo&utm_content=original "HTTP/1.1 429 Your bot is making too many requests. Please reduce your request rate or contact bot-traffic@wikimedia.org (f263c81)"
2026-09-04 14:16:15,379 [INFO] httpx: HTTP Request: GET https://upload.wikimedia.org/wikipedia/commons/4/4a/County_Line_Sign%2C_Craig-bound_-_panoramio.jpg?utm_source=commons.wikimedia.org&utm_campaign=imageinfo&utm_content=original "HTTP/1.1 429 Your bot is making too many requests. Please reduce your request rate or contact bot-traffic@wikimedia.org (f263c81)"
2026-09-04 14:16:15,382 [INFO] httpx: HTTP Request: GET https://upload.wikimedia.org/wikipedia/commons/0/0e/GibsonR.jpg?utm_source=commons.wikimedia.org&utm_campaign=imageinfo&utm_content=original "HTTP/1.1 429 Your bot is making too many requests. Please reduce your request rate or contact bot-traffic@wikimedia.org (f263c81)"
2026-09-04 14:16:15,382 [INFO] httpx: HTTP Request: GET https://upload.wikimedia.org/wikipedia/commons/f/fa/Chalk_Dudleya%28%5E%29_-_Flickr_-_Kevin_M._Gill.jpg?utm_source=commons.wikimedia.org&utm_campaign=imageinfo&utm_content=original "HTTP/1.1 429 Your bot is making too many requests. Please reduce your request rate or contact bot-traffic@wikimedia.org (f263c81)"
2026-09-04 14:16:15,899 [INFO] httpx: HTTP Request: GET https://upload.wikimedia.org/wikipedia/commons/8/8d/Cunningham_Cabin.JPG?utm_source=commons.wikimedia.org&utm_campaign=imageinfo&utm_content=original "HTTP/1.1 429 Your bot is making too many requests. Please reduce your request rate or contact bot-traffic@wikimedia.org (f263c81)"
2026-09-04 14:16:15,900 [INFO] httpx: HTTP Request: GET https://upload.wikimedia.org/wikipedia/commons/f/f3/Grand_Tetons_Ranch%2C_WY_2011_%2824941083585%29.jpg?utm_source=commons.wikimedia.org&utm_campaign=imageinfo&utm_content=original "HTTP/1.1 429 Your bot is making too many requests. Please reduce your request rate or contact bot-traffic@wikimedia.org (f263c81)"
2026-09-04 14:16:15,902 [INFO] httpx: HTTP Request: GET https://upload.wikimedia.org/wikipedia/commons/3/34/People_at_Work-_Boat_Day_on_the_Reservoir_%2849892059431%29.jpg?utm_source=commons.wikimedia.org&utm_campaign=imageinfo&utm_content=original "HTTP/1.1 429 Your bot is making too many requests. Please reduce your request rate or contact bot-traffic@wikimedia.org (f263c81)"
2026-09-04 14:16:15,906 [INFO] httpx: HTTP Request: GET https://upload.wikimedia.org/wikipedia/commons/8/89/ISS007-E-7520_-_View_of_Montana.jpg?utm_source=commons.wikimedia.org&utm_campaign=imageinfo&utm_content=original "HTTP/1.1 429 Your bot is making too many requests. Please reduce your request rate or contact bot-traffic@wikimedia.org (f263c81)"
2026-09-04 14:16:15,907 [INFO] httpx: HTTP Request: GET https://upload.wikimedia.org/wikipedia/commons/6/6c/GrandTetonNP_TriangleXRanchBarn.jpg?utm_source=commons.wikimedia.org&utm_campaign=imageinfo&utm_content=original "HTTP/1.1 429 Your bot is making too many requests. Please reduce your request rate or contact bot-traffic@wikimedia.org (f263c81)"
2026-09-04 14:16:15,908 [INFO] httpx: HTTP Request: GET https://upload.wikimedia.org/wikipedia/commons/7/7e/2024_Rx_Royal_Tiger_%2853692259721%29.jpg?utm_source=commons.wikimedia.org&utm_campaign=imageinfo&utm_content=original "HTTP/1.1 429 Your bot is making too many requests. Please reduce your request rate or contact bot-traffic@wikimedia.org (f263c81)"
2026-09-04 14:16:16,425 [INFO] httpx: HTTP Request: GET https://upload.wikimedia.org/wikipedia/commons/4/4e/ISS042-E-210378_-_View_of_Earth.jpg?utm_source=commons.wikimedia.org&utm_campaign=imageinfo&utm_content=original "HTTP/1.1 429 Your bot is making too many requests. Please reduce your request rate or contact bot-traffic@wikimedia.org (f263c81)"
2026-09-04 14:16:16,427 [INFO] httpx: HTTP Request: GET https://upload.wikimedia.org/wikipedia/commons/8/8c/ISS059-E-49754_-_View_of_Earth.jpg?utm_source=commons.wikimedia.org&utm_campaign=imageinfo&utm_content=original "HTTP/1.1 429 Your bot is making too many requests. Please reduce your request rate or contact bot-traffic@wikimedia.org (f263c81)"
2026-09-04 14:16:16,427 [INFO] httpx: HTTP Request: GET https://upload.wikimedia.org/wikipedia/commons/8/81/ISS053-E-298825_-_View_of_Earth.jpg?utm_source=commons.wikimedia.org&utm_campaign=imageinfo&utm_content=original "HTTP/1.1 429 Your bot is making too many requests. Please reduce your request rate or contact bot-traffic@wikimedia.org (f263c81)"
2026-09-04 14:16:16,428 [INFO] httpx: HTTP Request: GET https://upload.wikimedia.org/wikipedia/commons/1/12/ISS053-E-298826_-_View_of_Earth.jpg?utm_source=commons.wikimedia.org&utm_campaign=imageinfo&utm_content=original "HTTP/1.1 429 Your bot is making too many requests. Please reduce your request rate or contact bot-traffic@wikimedia.org (f263c81)"
2026-09-04 14:16:16,432 [INFO] httpx: HTTP Request: GET https://upload.wikimedia.org/wikipedia/commons/6/6c/ISS059-E-49755_-_View_of_Earth.jpg?utm_source=commons.wikimedia.org&utm_campaign=imageinfo&utm_content=original "HTTP/1.1 429 Your bot is making too many requests. Please reduce your request rate or contact bot-traffic@wikimedia.org (f263c81)"
2026-09-04 14:16:16,433 [INFO] httpx: HTTP Request: GET https://upload.wikimedia.org/wikipedia/commons/e/e7/ISS053-E-262831_-_View_of_Earth.jpg?utm_source=commons.wikimedia.org&utm_campaign=imageinfo&utm_content=original "HTTP/1.1 429 Your bot is making too many requests. Please reduce your request rate or contact bot-traffic@wikimedia.org (f263c81)"
2026-09-04 14:16:16,948 [INFO] httpx: HTTP Request: GET https://upload.wikimedia.org/wikipedia/commons/8/85/ISS062-E-141748_-_View_of_Earth.jpg?utm_source=commons.wikimedia.org&utm_campaign=imageinfo&utm_content=original "HTTP/1.1 429 Your bot is making too many requests. Please reduce your request rate or contact bot-traffic@wikimedia.org (f263c81)"
2026-09-04 14:16:16,950 [INFO] httpx: HTTP Request: GET https://upload.wikimedia.org/wikipedia/commons/9/97/ISS062-E-40133_-_View_of_Earth.jpg?utm_source=commons.wikimedia.org&utm_campaign=imageinfo&utm_content=original "HTTP/1.1 429 Your bot is making too many requests. Please reduce your request rate or contact bot-traffic@wikimedia.org (f263c81)"
2026-09-04 14:16:16,951 [INFO] httpx: HTTP Request: GET https://upload.wikimedia.org/wikipedia/commons/6/65/ISS048-E-73221_-_View_of_Earth.jpg?utm_source=commons.wikimedia.org&utm_campaign=imageinfo&utm_content=original "HTTP/1.1 429 Your bot is making too many requests. Please reduce your request rate or contact bot-traffic@wikimedia.org (f263c81)"
2026-09-04 14:16:16,952 [INFO] httpx: HTTP Request: GET https://upload.wikimedia.org/wikipedia/commons/c/c0/ISS053-E-189408_-_View_of_Earth.jpg?utm_source=commons.wikimedia.org&utm_campaign=imageinfo&utm_content=original "HTTP/1.1 429 Your bot is making too many requests. Please reduce your request rate or contact bot-traffic@wikimedia.org (f263c81)"
2026-09-04 14:16:16,955 [INFO] httpx: HTTP Request: GET https://upload.wikimedia.org/wikipedia/commons/9/97/Way_to_Idaho_from_YNP._-_panoramio.jpg?utm_source=commons.wikimedia.org&utm_campaign=imageinfo&utm_content=original "HTTP/1.1 429 Your bot is making too many requests. Please reduce your request rate or contact bot-traffic@wikimedia.org (f263c81)"
2026-09-04 14:16:16,956 [INFO] httpx: HTTP Request: GET https://upload.wikimedia.org/wikipedia/commons/0/08/Spiraea_betulifolia_%285069625408%29.jpg?utm_source=commons.wikimedia.org&utm_campaign=imageinfo&utm_content=original "HTTP/1.1 429 Your bot is making too many requests. Please reduce your request rate or contact bot-traffic@wikimedia.org (f263c81)"
2026-09-04 14:16:17,467 [INFO] httpx: HTTP Request: GET https://upload.wikimedia.org/wikipedia/commons/8/8b/LandscapesStormsAshlandRD_CGNF_IMG_1717_Leuschen_%2852944560153%29.jpg?utm_source=commons.wikimedia.org&utm_campaign=imageinfo&utm_content=original "HTTP/1.1 429 Your bot is making too many requests. Please reduce your request rate or contact bot-traffic@wikimedia.org (f263c81)"
2026-09-04 14:16:17,469 [INFO] httpx: HTTP Request: GET https://upload.wikimedia.org/wikipedia/commons/0/08/SawbillLake.jpg?utm_source=commons.wikimedia.org&utm_campaign=imageinfo&utm_content=original "HTTP/1.1 429 Your bot is making too many requests. Please reduce your request rate or contact bot-traffic@wikimedia.org (f263c81)"
2026-09-04 14:16:17,470 [INFO] httpx: HTTP Request: GET https://upload.wikimedia.org/wikipedia/commons/6/6a/Sawbill_Lake_I.jpg?utm_source=commons.wikimedia.org&utm_campaign=imageinfo&utm_content=original "HTTP/1.1 429 Your bot is making too many requests. Please reduce your request rate or contact bot-traffic@wikimedia.org (f263c81)"
2026-09-04 14:16:17,471 [INFO] httpx: HTTP Request: GET https://upload.wikimedia.org/wikipedia/commons/f/f3/Grand_Tetons_Ranch%2C_WY_2011_%2824941083585%29.jpg?utm_source=commons.wikimedia.org&utm_campaign=imageinfo&utm_content=original "HTTP/1.1 429 Your bot is making too many requests. Please reduce your request rate or contact bot-traffic@wikimedia.org (f263c81)"
2026-09-04 14:16:17,472 [INFO] httpx: HTTP Request: GET https://upload.wikimedia.org/wikipedia/commons/c/cf/ISS063-E-111381_-_View_of_Earth.jpg?utm_source=commons.wikimedia.org&utm_campaign=imageinfo&utm_content=original "HTTP/1.1 429 Your bot is making too many requests. Please reduce your request rate or contact bot-traffic@wikimedia.org (f263c81)"
2026-09-04 14:16:17,474 [INFO] httpx: HTTP Request: GET https://upload.wikimedia.org/wikipedia/commons/d/d3/ISS063-E-111382_-_View_of_Earth.jpg?utm_source=commons.wikimedia.org&utm_campaign=imageinfo&utm_content=original "HTTP/1.1 429 Your bot is making too many requests. Please reduce your request rate or contact bot-traffic@wikimedia.org (f263c81)"
2026-09-04 14:16:17,995 [INFO] httpx: HTTP Request: GET https://upload.wikimedia.org/wikipedia/commons/f/fa/Sawbill_Lake_II.jpg?utm_source=commons.wikimedia.org&utm_campaign=imageinfo&utm_content=original "HTTP/1.1 429 Your bot is making too many requests. Please reduce your request rate or contact bot-traffic@wikimedia.org (f263c81)"
2026-09-04 14:16:17,995 [INFO] httpx: HTTP Request: GET https://upload.wikimedia.org/wikipedia/commons/e/e0/ISS059-E-25726_-_View_of_Earth.jpg?utm_source=commons.wikimedia.org&utm_campaign=imageinfo&utm_content=original "HTTP/1.1 429 Your bot is making too many requests. Please reduce your request rate or contact bot-traffic@wikimedia.org (f263c81)"
2026-09-04 14:16:17,996 [INFO] httpx: HTTP Request: GET https://upload.wikimedia.org/wikipedia/commons/2/25/ISS030-E-228591_-_View_of_Earth.jpg?utm_source=commons.wikimedia.org&utm_campaign=imageinfo&utm_content=original "HTTP/1.1 429 Your bot is making too many requests. Please reduce your request rate or contact bot-traffic@wikimedia.org (f263c81)"
2026-09-04 14:16:18,002 [INFO] httpx: HTTP Request: GET https://upload.wikimedia.org/wikipedia/commons/a/af/ISS029-E-28687_-_View_of_Earth.jpg?utm_source=commons.wikimedia.org&utm_campaign=imageinfo&utm_content=original "HTTP/1.1 429 Your bot is making too many requests. Please reduce your request rate or contact bot-traffic@wikimedia.org (f263c81)"
2026-09-04 14:16:18,003 [INFO] httpx: HTTP Request: GET https://upload.wikimedia.org/wikipedia/commons/3/31/ISS029-E-29134_-_View_of_Earth.jpg?utm_source=commons.wikimedia.org&utm_campaign=imageinfo&utm_content=original "HTTP/1.1 429 Your bot is making too many requests. Please reduce your request rate or contact bot-traffic@wikimedia.org (f263c81)"
2026-09-04 14:16:18,003 [INFO] httpx: HTTP Request: GET https://upload.wikimedia.org/wikipedia/commons/5/5c/ISS053-E-188276_-_View_of_Earth.jpg?utm_source=commons.wikimedia.org&utm_campaign=imageinfo&utm_content=original "HTTP/1.1 429 Your bot is making too many requests. Please reduce your request rate or contact bot-traffic@wikimedia.org (f263c81)"
2026-09-04 14:16:18,521 [INFO] httpx: HTTP Request: GET https://upload.wikimedia.org/wikipedia/commons/1/1f/ISS047-E-109944_-_View_of_Earth.jpg?utm_source=commons.wikimedia.org&utm_campaign=imageinfo&utm_content=original "HTTP/1.1 429 Your bot is making too many requests. Please reduce your request rate or contact bot-traffic@wikimedia.org (f263c81)"
2026-09-04 14:16:18,522 [INFO] httpx: HTTP Request: GET https://upload.wikimedia.org/wikipedia/commons/6/67/Elkhorn%2C_Montana_%2836314283236%29.jpg?utm_source=commons.wikimedia.org&utm_campaign=imageinfo&utm_content=original "HTTP/1.1 429 Your bot is making too many requests. Please reduce your request rate or contact bot-traffic@wikimedia.org (f263c81)"
2026-09-04 14:16:18,523 [INFO] httpx: HTTP Request: GET https://upload.wikimedia.org/wikipedia/commons/e/e6/ISS042-E-93605_-_View_of_Earth.jpg?utm_source=commons.wikimedia.org&utm_campaign=imageinfo&utm_content=original "HTTP/1.1 429 Your bot is making too many requests. Please reduce your request rate or contact bot-traffic@wikimedia.org (f263c81)"
2026-09-04 14:16:18,525 [INFO] httpx: HTTP Request: GET https://upload.wikimedia.org/wikipedia/commons/f/f7/Elkhorn%2C_Montana_%2836221957901%29.jpg?utm_source=commons.wikimedia.org&utm_campaign=imageinfo&utm_content=original "HTTP/1.1 429 Your bot is making too many requests. Please reduce your request rate or contact bot-traffic@wikimedia.org (f263c81)"
2026-09-04 14:16:18,526 [INFO] httpx: HTTP Request: GET https://upload.wikimedia.org/wikipedia/commons/2/21/ISS054-E-13832_-_View_of_Earth.jpg?utm_source=commons.wikimedia.org&utm_campaign=imageinfo&utm_content=original "HTTP/1.1 429 Your bot is making too many requests. Please reduce your request rate or contact bot-traffic@wikimedia.org (f263c81)"
2026-09-04 14:16:18,529 [INFO] httpx: HTTP Request: GET https://upload.wikimedia.org/wikipedia/commons/8/8b/ISS054-E-11376_-_View_of_Earth.jpg?utm_source=commons.wikimedia.org&utm_campaign=imageinfo&utm_content=original "HTTP/1.1 429 Your bot is making too many requests. Please reduce your request rate or contact bot-traffic@wikimedia.org (f263c81)"
2026-09-04 14:16:19,045 [INFO] httpx: HTTP Request: GET https://upload.wikimedia.org/wikipedia/commons/8/8d/Stick_%289108938706%29.jpg?utm_source=commons.wikimedia.org&utm_campaign=imageinfo&utm_content=original "HTTP/1.1 429 Your bot is making too many requests. Please reduce your request rate or contact bot-traffic@wikimedia.org (f263c81)"
2026-09-04 14:16:19,046 [INFO] httpx: HTTP Request: GET https://upload.wikimedia.org/wikipedia/commons/7/7e/Left_Behind_%289639612159%29.jpg?utm_source=commons.wikimedia.org&utm_campaign=imageinfo&utm_content=original "HTTP/1.1 429 Your bot is making too many requests. Please reduce your request rate or contact bot-traffic@wikimedia.org (f263c81)"
2026-09-04 14:16:19,048 [INFO] httpx: HTTP Request: GET https://upload.wikimedia.org/wikipedia/commons/d/de/Elkhorn%2C_Montana_%2836314280996%29.jpg?utm_source=commons.wikimedia.org&utm_campaign=imageinfo&utm_content=original "HTTP/1.1 429 Your bot is making too many requests. Please reduce your request rate or contact bot-traffic@wikimedia.org (f263c81)"
2026-09-04 14:16:19,050 [INFO] httpx: HTTP Request: GET https://upload.wikimedia.org/wikipedia/commons/e/e8/Colorado_Rockies_%2834246027256%29.jpg?utm_source=commons.wikimedia.org&utm_campaign=imageinfo&utm_content=original "HTTP/1.1 429 Your bot is making too many requests. Please reduce your request rate or contact bot-traffic@wikimedia.org (f263c81)"
2026-09-04 14:16:19,053 [INFO] httpx: HTTP Request: GET https://upload.wikimedia.org/wikipedia/commons/0/00/Penstemon_-_Flickr_-_brewbooks_%282%29.jpg?utm_source=commons.wikimedia.org&utm_campaign=imageinfo&utm_content=original "HTTP/1.1 429 Your bot is making too many requests. Please reduce your request rate or contact bot-traffic@wikimedia.org (f263c81)"
2026-09-04 14:16:19,054 [INFO] httpx: HTTP Request: GET https://upload.wikimedia.org/wikipedia/commons/e/ec/Wallflower_-_Flickr_-_brewbooks.jpg?utm_source=commons.wikimedia.org&utm_campaign=imageinfo&utm_content=original "HTTP/1.1 429 Your bot is making too many requests. Please reduce your request rate or contact bot-traffic@wikimedia.org (f263c81)"
2026-09-04 14:16:19,567 [INFO] httpx: HTTP Request: GET https://upload.wikimedia.org/wikipedia/commons/2/21/Fourmile_Dispersed_Rec%2C_Main_Boulder_%2852259915657%29.jpg?utm_source=commons.wikimedia.org&utm_campaign=imageinfo&utm_content=original "HTTP/1.1 429 Your bot is making too many requests. Please reduce your request rate or contact bot-traffic@wikimedia.org (f263c81)"
2026-09-04 14:16:19,569 [INFO] httpx: HTTP Request: GET https://upload.wikimedia.org/wikipedia/commons/d/d6/Eileen_Dam.jpg?utm_source=commons.wikimedia.org&utm_campaign=imageinfo&utm_content=original "HTTP/1.1 429 Your bot is making too many requests. Please reduce your request rate or contact bot-traffic@wikimedia.org (f263c81)"
2026-09-04 14:16:19,571 [INFO] httpx: HTTP Request: GET https://upload.wikimedia.org/wikipedia/commons/e/ec/ISS053-E-188261_-_View_of_Earth.jpg?utm_source=commons.wikimedia.org&utm_campaign=imageinfo&utm_content=original "HTTP/1.1 429 Your bot is making too many requests. Please reduce your request rate or contact bot-traffic@wikimedia.org (f263c81)"
2026-09-04 14:16:19,576 [INFO] httpx: HTTP Request: GET https://upload.wikimedia.org/wikipedia/commons/e/ee/ISS059-E-25711_-_View_of_Earth.jpg?utm_source=commons.wikimedia.org&utm_campaign=imageinfo&utm_content=original "HTTP/1.1 429 Your bot is making too many requests. Please reduce your request rate or contact bot-traffic@wikimedia.org (f263c81)"
2026-09-04 14:16:19,576 [INFO] httpx: HTTP Request: GET https://upload.wikimedia.org/wikipedia/commons/d/d9/ISS030-E-66388_-_View_of_Earth.jpg?utm_source=commons.wikimedia.org&utm_campaign=imageinfo&utm_content=original "HTTP/1.1 429 Your bot is making too many requests. Please reduce your request rate or contact bot-traffic@wikimedia.org (f263c81)"
2026-09-04 14:16:19,577 [INFO] httpx: HTTP Request: GET https://upload.wikimedia.org/wikipedia/commons/a/a1/Fourmile_Dispersed_%2852261369780%29.jpg?utm_source=commons.wikimedia.org&utm_campaign=imageinfo&utm_content=original "HTTP/1.1 429 Your bot is making too many requests. Please reduce your request rate or contact bot-traffic@wikimedia.org (f263c81)"
2026-09-04 14:16:20,125 [INFO] httpx: HTTP Request: GET https://upload.wikimedia.org/wikipedia/commons/6/63/ISS042-E-23998_-_View_of_Earth.jpg?utm_source=commons.wikimedia.org&utm_campaign=imageinfo&utm_content=original "HTTP/1.1 429 Your bot is making too many requests. Please reduce your request rate or contact bot-traffic@wikimedia.org (f263c81)"
2026-09-04 14:16:20,126 [INFO] httpx: HTTP Request: GET https://upload.wikimedia.org/wikipedia/commons/d/d3/ISS053-E-228087_-_View_of_Earth.jpg?utm_source=commons.wikimedia.org&utm_campaign=imageinfo&utm_content=original "HTTP/1.1 429 Your bot is making too many requests. Please reduce your request rate or contact bot-traffic@wikimedia.org (f263c81)"
2026-09-04 14:16:20,128 [INFO] httpx: HTTP Request: GET https://upload.wikimedia.org/wikipedia/commons/3/3c/Rogue_River_wild_and_scenic_%28LJ%29_-_panoramio_-_james_shaw_%281%29.jpg?utm_source=commons.wikimedia.org&utm_campaign=imageinfo&utm_content=original "HTTP/1.1 429 Your bot is making too many requests. Please reduce your request rate or contact bot-traffic@wikimedia.org (f263c81)"
2026-09-04 14:16:20,130 [INFO] httpx: HTTP Request: GET https://upload.wikimedia.org/wikipedia/commons/b/b3/Blossom_bar_%28LJ%29_-_panoramio.jpg?utm_source=commons.wikimedia.org&utm_campaign=imageinfo&utm_content=original "HTTP/1.1 429 Your bot is making too many requests. Please reduce your request rate or contact bot-traffic@wikimedia.org (f263c81)"
2026-09-04 14:16:20,131 [INFO] httpx: HTTP Request: GET https://upload.wikimedia.org/wikipedia/commons/b/b5/ISS053-E-232247_-_View_of_Earth.jpg?utm_source=commons.wikimedia.org&utm_campaign=imageinfo&utm_content=original "HTTP/1.1 429 Your bot is making too many requests. Please reduce your request rate or contact bot-traffic@wikimedia.org (f263c81)"
2026-09-04 14:16:20,131 [INFO] httpx: HTTP Request: GET https://upload.wikimedia.org/wikipedia/commons/a/ab/Blossom_bar_%28LJ%29_-_panoramio_-_james_shaw.jpg?utm_source=commons.wikimedia.org&utm_campaign=imageinfo&utm_content=original "HTTP/1.1 429 Your bot is making too many requests. Please reduce your request rate or contact bot-traffic@wikimedia.org (f263c81)"
2026-09-04 14:16:20,618 [INFO] httpx: HTTP Request: GET https://upload.wikimedia.org/wikipedia/commons/8/88/Tree_Rounds_%2848205630641%29.jpg?utm_source=commons.wikimedia.org&utm_campaign=imageinfo&utm_content=original "HTTP/1.1 429 Your bot is making too many requests. Please reduce your request rate or contact bot-traffic@wikimedia.org (f263c81)"
2026-09-04 14:16:20,620 [INFO] httpx: HTTP Request: GET https://upload.wikimedia.org/wikipedia/commons/7/7e/ISS047-E-39281_-_View_of_Earth.jpg?utm_source=commons.wikimedia.org&utm_campaign=imageinfo&utm_content=original "HTTP/1.1 429 Your bot is making too many requests. Please reduce your request rate or contact bot-traffic@wikimedia.org (f263c81)"
2026-09-04 14:16:20,619 [INFO] httpx: HTTP Request: GET https://upload.wikimedia.org/wikipedia/commons/0/0c/The_Seeley_Lake_Ranger_District_herd_%2848205633066%29.jpg?utm_source=commons.wikimedia.org&utm_campaign=imageinfo&utm_content=original "HTTP/1.1 429 Your bot is making too many requests. Please reduce your request rate or contact bot-traffic@wikimedia.org (f263c81)"
2026-09-04 14:16:20,621 [INFO] httpx: HTTP Request: GET https://upload.wikimedia.org/wikipedia/commons/a/af/STS126-E-20864_-_View_of_Earth.jpg?utm_source=commons.wikimedia.org&utm_campaign=imageinfo&utm_content=original "HTTP/1.1 429 Your bot is making too many requests. Please reduce your request rate or contact bot-traffic@wikimedia.org (f263c81)"
2026-09-04 14:16:20,622 [INFO] httpx: HTTP Request: GET https://upload.wikimedia.org/wikipedia/commons/7/75/Monture_Guard_Station_in_early_summer_%2851819235102%29.jpg?utm_source=commons.wikimedia.org&utm_campaign=imageinfo&utm_content=original "HTTP/1.1 429 Your bot is making too many requests. Please reduce your request rate or contact bot-traffic@wikimedia.org (f263c81)"
2026-09-04 14:16:20,623 [INFO] httpx: HTTP Request: GET https://upload.wikimedia.org/wikipedia/commons/d/da/ISS006-E-37239_-_View_of_Wyoming.jpg?utm_source=commons.wikimedia.org&utm_campaign=imageinfo&utm_content=original "HTTP/1.1 429 Your bot is making too many requests. Please reduce your request rate or contact bot-traffic@wikimedia.org (f263c81)"
2026-09-04 14:16:21,143 [INFO] httpx: HTTP Request: GET https://upload.wikimedia.org/wikipedia/commons/f/f2/ISS047-E-90306_-_View_of_Earth.jpg?utm_source=commons.wikimedia.org&utm_campaign=imageinfo&utm_content=original "HTTP/1.1 429 Your bot is making too many requests. Please reduce your request rate or contact bot-traffic@wikimedia.org (f263c81)"
2026-09-04 14:16:21,143 [INFO] httpx: HTTP Request: GET https://upload.wikimedia.org/wikipedia/commons/1/14/ISS047-E-90305_-_View_of_Earth.jpg?utm_source=commons.wikimedia.org&utm_campaign=imageinfo&utm_content=original "HTTP/1.1 429 Your bot is making too many requests. Please reduce your request rate or contact bot-traffic@wikimedia.org (f263c81)"
2026-09-04 14:16:21,156 [INFO] httpx: HTTP Request: GET https://upload.wikimedia.org/wikipedia/commons/8/8d/Cunningham_Cabin.JPG?utm_source=commons.wikimedia.org&utm_campaign=imageinfo&utm_content=original "HTTP/1.1 429 Your bot is making too many requests. Please reduce your request rate or contact bot-traffic@wikimedia.org (f263c81)"
2026-09-04 14:16:21,161 [INFO] httpx: HTTP Request: GET https://upload.wikimedia.org/wikipedia/commons/9/95/ISS047-E-96785_-_View_of_Earth.jpg?utm_source=commons.wikimedia.org&utm_campaign=imageinfo&utm_content=original "HTTP/1.1 429 Your bot is making too many requests. Please reduce your request rate or contact bot-traffic@wikimedia.org (f263c81)"
2026-09-04 14:16:21,162 [INFO] httpx: HTTP Request: GET https://upload.wikimedia.org/wikipedia/commons/b/ba/Grand_Teton_National_Park%2C_WY_-_Cunningham_Cabin_Historic_Site_-_Cunningham_Cabin_%281%29.jpg?utm_source=commons.wikimedia.org&utm_campaign=imageinfo&utm_content=original "HTTP/1.1 429 Your bot is making too many requests. Please reduce your request rate or contact bot-traffic@wikimedia.org (f263c81)"
2026-09-04 14:16:21,164 [INFO] httpx: HTTP Request: GET https://upload.wikimedia.org/wikipedia/commons/6/6c/GrandTetonNP_TriangleXRanchBarn.jpg?utm_source=commons.wikimedia.org&utm_campaign=imageinfo&utm_content=original "HTTP/1.1 429 Your bot is making too many requests. Please reduce your request rate or contact bot-traffic@wikimedia.org (f263c81)"
2026-09-04 14:16:21,752 [INFO] httpx: HTTP Request: GET https://upload.wikimedia.org/wikipedia/commons/2/20/ISS059-E-25710_-_View_of_Earth.jpg?utm_source=commons.wikimedia.org&utm_campaign=imageinfo&utm_content=original "HTTP/1.1 429 Your bot is making too many requests. Please reduce your request rate or contact bot-traffic@wikimedia.org (f263c81)"
2026-09-04 14:16:21,753 [INFO] httpx: HTTP Request: GET https://upload.wikimedia.org/wikipedia/commons/e/ee/ISS030-E-67049_-_View_of_Earth.jpg?utm_source=commons.wikimedia.org&utm_campaign=imageinfo&utm_content=original "HTTP/1.1 429 Your bot is making too many requests. Please reduce your request rate or contact bot-traffic@wikimedia.org (f263c81)"
2026-09-04 14:16:21,901 [INFO] httpx: HTTP Request: GET https://upload.wikimedia.org/wikipedia/commons/1/1d/2017-05-16_10_34_01_View_northwest_along_the_Mount_Rogers_Spur_Trail_at_the_junction_with_the_Appalachian_Trail_within_the_Lewis_Fork_Wilderness_in_Grayson_County%2C_Virginia.jpg?utm_source=commons.wikimedia.org&utm_campaign=imageinfo&utm_content=original "HTTP/1.1 429 Your bot is making too many requests. Please reduce your request rate or contact bot-traffic@wikimedia.org (f263c81)"
2026-09-04 14:16:21,903 [INFO] httpx: HTTP Request: GET https://upload.wikimedia.org/wikipedia/commons/0/0d/2017-05-16_11_15_03_View_southeast_along_the_Mount_Rogers_Spur_Trail_within_the_Lewis_Fork_Wilderness_in_Grayson_County%2C_Virginia.jpg?utm_source=commons.wikimedia.org&utm_campaign=imageinfo&utm_content=original "HTTP/1.1 429 Your bot is making too many requests. Please reduce your request rate or contact bot-traffic@wikimedia.org (f263c81)"
2026-09-04 14:16:21,904 [INFO] httpx: HTTP Request: GET https://upload.wikimedia.org/wikipedia/commons/4/4d/2017-05-16_10_31_00_View_south_along_the_Appalachian_Trail_entering_the_Lewis_Fork_Wilderness%2C_within_the_Mount_Rogers_National_Recreation_Area_in_Grayson_County%2C_Virginia.jpg?utm_source=commons.wikimedia.org&utm_campaign=imageinfo&utm_content=original "HTTP/1.1 429 Your bot is making too many requests. Please reduce your request rate or contact bot-traffic@wikimedia.org (f263c81)"
2026-09-04 14:16:21,995 [INFO] httpx: HTTP Request: GET https://upload.wikimedia.org/wikipedia/commons/2/2e/Shaggy_hawkweed%2C_Hieracium_horridum_%2816191469850%29.jpg?utm_source=commons.wikimedia.org&utm_campaign=imageinfo&utm_content=original "HTTP/1.1 429 Your bot is making too many requests. Please reduce your request rate or contact bot-traffic@wikimedia.org (f263c81)"
2026-09-04 14:16:22,429 [INFO] httpx: HTTP Request: GET https://upload.wikimedia.org/wikipedia/commons/5/55/ISS030-E-84816_-_View_of_Earth.jpg?utm_source=commons.wikimedia.org&utm_campaign=imageinfo&utm_content=original "HTTP/1.1 429 Your bot is making too many requests. Please reduce your request rate or contact bot-traffic@wikimedia.org (f263c81)"
2026-09-04 14:16:22,430 [INFO] httpx: HTTP Request: GET https://upload.wikimedia.org/wikipedia/commons/f/f1/STS131-E-13794_-_View_of_Earth.jpg?utm_source=commons.wikimedia.org&utm_campaign=imageinfo&utm_content=original "HTTP/1.1 429 Your bot is making too many requests. Please reduce your request rate or contact bot-traffic@wikimedia.org (f263c81)"
2026-09-04 14:16:22,718 [INFO] httpx: HTTP Request: GET https://upload.wikimedia.org/wikipedia/commons/2/27/ISS036-E-21932_-_View_of_Washington.jpg?utm_source=commons.wikimedia.org&utm_campaign=imageinfo&utm_content=original "HTTP/1.1 429 Your bot is making too many requests. Please reduce your request rate or contact bot-traffic@wikimedia.org (f263c81)"
2026-09-04 14:16:22,719 [INFO] httpx: HTTP Request: GET https://upload.wikimedia.org/wikipedia/commons/f/f8/ISS027-E-29883_-_View_of_Earth.jpg?utm_source=commons.wikimedia.org&utm_campaign=imageinfo&utm_content=original "HTTP/1.1 429 Your bot is making too many requests. Please reduce your request rate or contact bot-traffic@wikimedia.org (f263c81)"
2026-09-04 14:16:22,720 [INFO] httpx: HTTP Request: GET https://upload.wikimedia.org/wikipedia/commons/e/e8/Colorado_Rockies_%2834246027256%29.jpg?utm_source=commons.wikimedia.org&utm_campaign=imageinfo&utm_content=original "HTTP/1.1 429 Your bot is making too many requests. Please reduce your request rate or contact bot-traffic@wikimedia.org (f263c81)"
2026-09-04 14:16:22,721 [INFO] httpx: HTTP Request: GET https://upload.wikimedia.org/wikipedia/commons/8/8d/Stick_%289108938706%29.jpg?utm_source=commons.wikimedia.org&utm_campaign=imageinfo&utm_content=original "HTTP/1.1 429 Your bot is making too many requests. Please reduce your request rate or contact bot-traffic@wikimedia.org (f263c81)"
2026-09-04 14:16:23,345 [INFO] httpx: HTTP Request: GET https://upload.wikimedia.org/wikipedia/commons/2/25/Kootenai_Bridge_Over_Lake_Koocanusa.jpg?utm_source=commons.wikimedia.org&utm_campaign=imageinfo&utm_content=original "HTTP/1.1 429 Your bot is making too many requests. Please reduce your request rate or contact bot-traffic@wikimedia.org (f263c81)"
2026-09-04 14:16:23,355 [INFO] httpx: HTTP Request: GET https://upload.wikimedia.org/wikipedia/commons/c/c7/Step_by_step%2C_breath_by_breath_%289083834236%29.jpg?utm_source=commons.wikimedia.org&utm_campaign=imageinfo&utm_content=original "HTTP/1.1 429 Your bot is making too many requests. Please reduce your request rate or contact bot-traffic@wikimedia.org (f263c81)"
2026-09-04 14:16:23,390 [INFO] httpx: HTTP Request: GET https://upload.wikimedia.org/wikipedia/commons/2/23/Elaeagnus_commutata_%287978584677%29.jpg?utm_source=commons.wikimedia.org&utm_campaign=imageinfo&utm_content=original "HTTP/1.1 429 Your bot is making too many requests. Please reduce your request rate or contact bot-traffic@wikimedia.org (f263c81)"
2026-09-04 14:16:23,500 [INFO] httpx: HTTP Request: GET https://upload.wikimedia.org/wikipedia/commons/f/fd/Elaeagnus_commutata_%287978653112%29.jpg?utm_source=commons.wikimedia.org&utm_campaign=imageinfo&utm_content=original "HTTP/1.1 429 Your bot is making too many requests. Please reduce your request rate or contact bot-traffic@wikimedia.org (f263c81)"
2026-09-04 14:16:23,513 [INFO] httpx: HTTP Request: GET https://upload.wikimedia.org/wikipedia/commons/f/f2/Canusakoo_bridge_-_panoramio.jpg?utm_source=commons.wikimedia.org&utm_campaign=imageinfo&utm_content=original "HTTP/1.1 429 Your bot is making too many requests. Please reduce your request rate or contact bot-traffic@wikimedia.org (f263c81)"
2026-09-04 14:16:23,631 [INFO] httpx: HTTP Request: GET https://upload.wikimedia.org/wikipedia/commons/9/98/Lake_Koocanusa_Reservoir_Bridge_%2829241710576%29.jpg?utm_source=commons.wikimedia.org&utm_campaign=imageinfo&utm_content=original "HTTP/1.1 429 Your bot is making too many requests. Please reduce your request rate or contact bot-traffic@wikimedia.org (f263c81)"
2026-09-04 14:16:24,408 [INFO] httpx: HTTP Request: GET https://upload.wikimedia.org/wikipedia/commons/6/62/ISS047-E-62297_-_View_of_Earth.jpg?utm_source=commons.wikimedia.org&utm_campaign=imageinfo&utm_content=original "HTTP/1.1 429 Your bot is making too many requests. Please reduce your request rate or contact bot-traffic@wikimedia.org (f263c81)"
2026-09-04 14:16:24,423 [INFO] httpx: HTTP Request: GET https://upload.wikimedia.org/wikipedia/commons/f/f1/Elaeagnus_commutata_%287978578312%29.jpg?utm_source=commons.wikimedia.org&utm_campaign=imageinfo&utm_content=original "HTTP/1.1 429 Your bot is making too many requests. Please reduce your request rate or contact bot-traffic@wikimedia.org (f263c81)"
2026-09-04 14:16:24,805 [INFO] httpx: HTTP Request: GET https://upload.wikimedia.org/wikipedia/commons/7/76/ISS047-E-62298_-_View_of_Earth.jpg?utm_source=commons.wikimedia.org&utm_campaign=imageinfo&utm_content=original "HTTP/1.1 429 Your bot is making too many requests. Please reduce your request rate or contact bot-traffic@wikimedia.org (f263c81)"
2026-09-04 14:16:24,807 [INFO] httpx: HTTP Request: GET https://upload.wikimedia.org/wikipedia/commons/d/d3/ISS036-E-21935_-_View_of_Washington.jpg?utm_source=commons.wikimedia.org&utm_campaign=imageinfo&utm_content=original "HTTP/1.1 429 Your bot is making too many requests. Please reduce your request rate or contact bot-traffic@wikimedia.org (f263c81)"
2026-09-04 14:16:24,812 [INFO] httpx: HTTP Request: GET https://upload.wikimedia.org/wikipedia/commons/4/47/ISS040-E-114204_-_View_of_Earth.jpg?utm_source=commons.wikimedia.org&utm_campaign=imageinfo&utm_content=original "HTTP/1.1 429 Your bot is making too many requests. Please reduce your request rate or contact bot-traffic@wikimedia.org (f263c81)"
2026-09-04 14:16:24,814 [INFO] httpx: HTTP Request: GET https://upload.wikimedia.org/wikipedia/commons/1/1a/Rocky_Mountain_Maple_%2815063963730%29.jpg?utm_source=commons.wikimedia.org&utm_campaign=imageinfo&utm_content=original "HTTP/1.1 429 Your bot is making too many requests. Please reduce your request rate or contact bot-traffic@wikimedia.org (f263c81)"
2026-09-04 14:16:25,048 [INFO] httpx: HTTP Request: GET https://upload.wikimedia.org/wikipedia/commons/c/c5/ISS042-E-302510_-_View_of_Earth.jpg?utm_source=commons.wikimedia.org&utm_campaign=imageinfo&utm_content=original "HTTP/1.1 429 Your bot is making too many requests. Please reduce your request rate or contact bot-traffic@wikimedia.org (f263c81)"
2026-09-04 14:16:25,142 [INFO] httpx: HTTP Request: GET https://upload.wikimedia.org/wikipedia/commons/0/02/ISS036-E-21936_-_View_of_Earth.jpg?utm_source=commons.wikimedia.org&utm_campaign=imageinfo&utm_content=original "HTTP/1.1 429 Your bot is making too many requests. Please reduce your request rate or contact bot-traffic@wikimedia.org (f263c81)"
2026-09-04 14:16:25,336 [INFO] httpx: HTTP Request: GET https://upload.wikimedia.org/wikipedia/commons/6/6b/ISS048-E-17064_-_View_of_Earth.jpg?utm_source=commons.wikimedia.org&utm_campaign=imageinfo&utm_content=original "HTTP/1.1 429 Your bot is making too many requests. Please reduce your request rate or contact bot-traffic@wikimedia.org (f263c81)"
2026-09-04 14:16:25,336 [INFO] httpx: HTTP Request: GET https://upload.wikimedia.org/wikipedia/commons/d/da/ISS048-E-17065_-_View_of_Earth.jpg?utm_source=commons.wikimedia.org&utm_campaign=imageinfo&utm_content=original "HTTP/1.1 429 Your bot is making too many requests. Please reduce your request rate or contact bot-traffic@wikimedia.org (f263c81)"
2026-09-04 14:16:25,337 [INFO] httpx: HTTP Request: GET https://upload.wikimedia.org/wikipedia/commons/4/4f/ISS042-E-302511_-_View_of_Earth.jpg?utm_source=commons.wikimedia.org&utm_campaign=imageinfo&utm_content=original "HTTP/1.1 429 Your bot is making too many requests. Please reduce your request rate or contact bot-traffic@wikimedia.org (f263c81)"
2026-09-04 14:16:25,338 [INFO] httpx: HTTP Request: GET https://upload.wikimedia.org/wikipedia/commons/4/44/ISS030-E-179061_-_View_of_Earth.jpg?utm_source=commons.wikimedia.org&utm_campaign=imageinfo&utm_content=original "HTTP/1.1 429 Your bot is making too many requests. Please reduce your request rate or contact bot-traffic@wikimedia.org (f263c81)"
2026-09-04 14:16:25,572 [INFO] httpx: HTTP Request: GET https://upload.wikimedia.org/wikipedia/commons/c/c0/ISS052-E-13604_-_View_of_Earth.jpg?utm_source=commons.wikimedia.org&utm_campaign=imageinfo&utm_content=original "HTTP/1.1 429 Your bot is making too many requests. Please reduce your request rate or contact bot-traffic@wikimedia.org (f263c81)"
2026-09-04 14:16:25,858 [INFO] httpx: HTTP Request: GET https://upload.wikimedia.org/wikipedia/commons/6/60/ISS053-E-188258_-_View_of_Earth.jpg?utm_source=commons.wikimedia.org&utm_campaign=imageinfo&utm_content=original "HTTP/1.1 429 Your bot is making too many requests. Please reduce your request rate or contact bot-traffic@wikimedia.org (f263c81)"
2026-09-04 14:16:25,859 [INFO] httpx: HTTP Request: GET https://upload.wikimedia.org/wikipedia/commons/3/31/Looking_Over_Gallatin_Canyon%E2%80%93Custer_Gallatin_NF-IMG_6878_%2853285572138%29.jpg?utm_source=commons.wikimedia.org&utm_campaign=imageinfo&utm_content=original "HTTP/1.1 429 Your bot is making too many requests. Please reduce your request rate or contact bot-traffic@wikimedia.org (f263c81)"
2026-09-04 14:16:25,862 [INFO] httpx: HTTP Request: GET https://upload.wikimedia.org/wikipedia/commons/4/4d/ISS048-E-14889_-_View_of_Earth.jpg?utm_source=commons.wikimedia.org&utm_campaign=imageinfo&utm_content=original "HTTP/1.1 429 Your bot is making too many requests. Please reduce your request rate or contact bot-traffic@wikimedia.org (f263c81)"
2026-09-04 14:16:25,862 [INFO] httpx: HTTP Request: GET https://upload.wikimedia.org/wikipedia/commons/1/17/Gallatin_Canyon_in_Clouds%E2%80%93Custer_Gallatin_NFIMG_6880_%2853284429842%29.jpg?utm_source=commons.wikimedia.org&utm_campaign=imageinfo&utm_content=original "HTTP/1.1 429 Your bot is making too many requests. Please reduce your request rate or contact bot-traffic@wikimedia.org (f263c81)"
2026-09-04 14:16:25,946 [INFO] httpx: HTTP Request: GET https://upload.wikimedia.org/wikipedia/commons/d/d4/Papoose_Island_at_Priest_Lake.jpg?utm_source=commons.wikimedia.org&utm_campaign=imageinfo&utm_content=original "HTTP/1.1 429 Your bot is making too many requests. Please reduce your request rate or contact bot-traffic@wikimedia.org (f263c81)"
2026-09-04 14:16:26,096 [INFO] httpx: HTTP Request: GET https://upload.wikimedia.org/wikipedia/commons/0/08/Storm_clearing_over_Storm_Castle_%2853279506362%29.jpg?utm_source=commons.wikimedia.org&utm_campaign=imageinfo&utm_content=original "HTTP/1.1 429 Your bot is making too many requests. Please reduce your request rate or contact bot-traffic@wikimedia.org (f263c81)"
2026-09-04 14:16:26,386 [INFO] httpx: HTTP Request: GET https://upload.wikimedia.org/wikipedia/commons/2/29/Rogers_Pass%2C_looking_down_in_a_northeastly_direction.jpg?utm_source=commons.wikimedia.org&utm_campaign=imageinfo&utm_content=original "HTTP/1.1 429 Your bot is making too many requests. Please reduce your request rate or contact bot-traffic@wikimedia.org (f263c81)"
2026-09-04 14:16:26,388 [INFO] httpx: HTTP Request: GET https://upload.wikimedia.org/wikipedia/commons/a/a8/ISS042-E-24017_-_View_of_Earth.jpg?utm_source=commons.wikimedia.org&utm_campaign=imageinfo&utm_content=original "HTTP/1.1 429 Your bot is making too many requests. Please reduce your request rate or contact bot-traffic@wikimedia.org (f263c81)"
2026-09-04 14:16:26,389 [INFO] httpx: HTTP Request: GET https://upload.wikimedia.org/wikipedia/commons/e/e8/ISS042-E-24016_-_View_of_Earth.jpg?utm_source=commons.wikimedia.org&utm_campaign=imageinfo&utm_content=original "HTTP/1.1 429 Your bot is making too many requests. Please reduce your request rate or contact bot-traffic@wikimedia.org (f263c81)"
2026-09-04 14:16:26,387 [INFO] httpx: HTTP Request: GET https://upload.wikimedia.org/wikipedia/commons/5/50/Summit_of_Rogers_Pass%2C_Montana.jpg?utm_source=commons.wikimedia.org&utm_campaign=imageinfo&utm_content=original "HTTP/1.1 429 Your bot is making too many requests. Please reduce your request rate or contact bot-traffic@wikimedia.org (f263c81)"
2026-09-04 14:16:26,621 [INFO] httpx: HTTP Request: GET https://upload.wikimedia.org/wikipedia/commons/e/eb/ISS054-E-8123_-_View_of_Earth.jpg?utm_source=commons.wikimedia.org&utm_campaign=imageinfo&utm_content=original "HTTP/1.1 429 Your bot is making too many requests. Please reduce your request rate or contact bot-traffic@wikimedia.org (f263c81)"
2026-09-04 14:16:26,622 [INFO] httpx: HTTP Request: GET https://upload.wikimedia.org/wikipedia/commons/7/71/ISS045-E-19826_-_View_of_Earth.jpg?utm_source=commons.wikimedia.org&utm_campaign=imageinfo&utm_content=original "HTTP/1.1 429 Your bot is making too many requests. Please reduce your request rate or contact bot-traffic@wikimedia.org (f263c81)"
2026-09-04 14:16:26,906 [INFO] httpx: HTTP Request: GET https://upload.wikimedia.org/wikipedia/commons/6/63/ISS042-E-23998_-_View_of_Earth.jpg?utm_source=commons.wikimedia.org&utm_campaign=imageinfo&utm_content=original "HTTP/1.1 429 Your bot is making too many requests. Please reduce your request rate or contact bot-traffic@wikimedia.org (f263c81)"
2026-09-04 14:16:26,910 [INFO] httpx: HTTP Request: GET https://upload.wikimedia.org/wikipedia/commons/f/f6/ISS054-E-11395_-_View_of_Earth.jpg?utm_source=commons.wikimedia.org&utm_campaign=imageinfo&utm_content=original "HTTP/1.1 429 Your bot is making too many requests. Please reduce your request rate or contact bot-traffic@wikimedia.org (f263c81)"
2026-09-04 14:16:26,910 [INFO] httpx: HTTP Request: GET https://upload.wikimedia.org/wikipedia/commons/b/b5/ISS053-E-232247_-_View_of_Earth.jpg?utm_source=commons.wikimedia.org&utm_campaign=imageinfo&utm_content=original "HTTP/1.1 429 Your bot is making too many requests. Please reduce your request rate or contact bot-traffic@wikimedia.org (f263c81)"
2026-09-04 14:16:26,914 [INFO] httpx: HTTP Request: GET https://upload.wikimedia.org/wikipedia/commons/d/d3/ISS053-E-228087_-_View_of_Earth.jpg?utm_source=commons.wikimedia.org&utm_campaign=imageinfo&utm_content=original "HTTP/1.1 429 Your bot is making too many requests. Please reduce your request rate or contact bot-traffic@wikimedia.org (f263c81)"
2026-09-04 14:16:27,147 [INFO] httpx: HTTP Request: GET https://upload.wikimedia.org/wikipedia/commons/d/d4/Papoose_Island_at_Priest_Lake.jpg?utm_source=commons.wikimedia.org&utm_campaign=imageinfo&utm_content=original "HTTP/1.1 429 Your bot is making too many requests. Please reduce your request rate or contact bot-traffic@wikimedia.org (f263c81)"
2026-09-04 14:16:27,148 [INFO] httpx: HTTP Request: GET https://upload.wikimedia.org/wikipedia/commons/d/d8/Frog_Front_Water.JPG?utm_source=commons.wikimedia.org&utm_campaign=imageinfo&utm_content=original "HTTP/1.1 429 Your bot is making too many requests. Please reduce your request rate or contact bot-traffic@wikimedia.org (f263c81)"
2026-09-04 14:16:27,439 [INFO] httpx: HTTP Request: GET https://upload.wikimedia.org/wikipedia/commons/8/8d/Cunningham_Cabin.JPG?utm_source=commons.wikimedia.org&utm_campaign=imageinfo&utm_content=original "HTTP/1.1 429 Your bot is making too many requests. Please reduce your request rate or contact bot-traffic@wikimedia.org (f263c81)"
2026-09-04 14:16:27,439 [INFO] httpx: HTTP Request: GET https://upload.wikimedia.org/wikipedia/commons/f/f3/Grand_Tetons_Ranch%2C_WY_2011_%2824941083585%29.jpg?utm_source=commons.wikimedia.org&utm_campaign=imageinfo&utm_content=original "HTTP/1.1 429 Your bot is making too many requests. Please reduce your request rate or contact bot-traffic@wikimedia.org (f263c81)"
2026-09-04 14:16:27,440 [INFO] httpx: HTTP Request: GET https://upload.wikimedia.org/wikipedia/commons/6/6c/GrandTetonNP_TriangleXRanchBarn.jpg?utm_source=commons.wikimedia.org&utm_campaign=imageinfo&utm_content=original "HTTP/1.1 429 Your bot is making too many requests. Please reduce your request rate or contact bot-traffic@wikimedia.org (f263c81)"
2026-09-04 14:16:27,443 [INFO] pipeline.processors.image_handler: Image processing complete: 467 total photos across 185 spots (1.9% coverage). Enriched via Commons: 185, Downloaded: 14
2026-09-04 14:16:29,274 [INFO] pipeline: Saved processed data: /Users/aziz/Documents/antigravity/happy-meitner/pipeline/data/processed/all_spots_processed.json
2026-09-04 14:16:29,274 [INFO] pipeline: 
2026-09-04 14:16:29,274 [INFO] pipeline: STEP 5: Exporting...
2026-09-04 14:16:29,551 [INFO] pipeline.exporters.geojson_exporter: Exported national GeoJSON: /Users/aziz/Documents/antigravity/happy-meitner/pipeline/data/exports/all_free_camping_us.geojson (9777 features)
2026-09-04 14:16:29,849 [INFO] pipeline.exporters.geojson_exporter: Exported GeoJSON for 42 states
2026-09-04 14:16:29,854 [INFO] pipeline: GeoJSON files: 43
2026-09-04 14:16:29,953 [INFO] pipeline.exporters.csv_exporter: Exported CSV: /Users/aziz/Documents/antigravity/happy-meitner/pipeline/data/exports/all_free_camping_us.csv (9777 rows)
2026-09-04 14:16:29,953 [INFO] pipeline: CSV: /Users/aziz/Documents/antigravity/happy-meitner/pipeline/data/exports/all_free_camping_us.csv
2026-09-04 14:16:30,914 [INFO] pipeline.exporters.camproo_converter: Exported CampRoo JSON: /Users/aziz/Documents/antigravity/happy-meitner/pipeline/data/exports/camproo_spots.json (9777 spots)
2026-09-04 14:16:30,921 [INFO] pipeline: CampRoo JSON: /Users/aziz/Documents/antigravity/happy-meitner/pipeline/data/exports/camproo_spots.json
2026-09-04 14:16:30,921 [INFO] pipeline: 
2026-09-04 14:16:30,921 [INFO] pipeline: STEP 6: Generating report...
2026-09-04 14:16:30,930 [INFO] pipeline.exporters.report_generator: Generated report: /Users/aziz/Documents/antigravity/happy-meitner/pipeline/data/exports/pipeline_report.md
2026-09-04 14:16:30,930 [INFO] pipeline: Report: /Users/aziz/Documents/antigravity/happy-meitner/pipeline/data/exports/pipeline_report.md
2026-09-04 14:16:30,930 [INFO] pipeline: 
2026-09-04 14:16:30,930 [INFO] pipeline: ============================================================
2026-09-04 14:16:30,930 [INFO] pipeline: ✅ Pipeline complete in 122.7s
2026-09-04 14:16:30,930 [INFO] pipeline:    Total unique spots: 9,777
2026-09-04 14:16:30,930 [INFO] pipeline:    Sources used: usfs, blm
2026-09-04 14:16:30,930 [INFO] pipeline: ============================================================
